category,source_page,href,title,context
adolescent-hiv%2Faids,https://williamsandremoh.wixsite.com/jmerg/items-2/adolescent-hiv%2Faids,https://pubmed.ncbi.nlm.nih.gov/41666189/,https://pubmed.ncbi.nlm.nih.gov/41666189/,"1. Nascimento Gomes Brito VC et. al. (2026). Sources of information on HIV/AIDS used by adolescents and young people: A scoping review protocol. PLoS One. 2026 Feb 10;21(2):e0340787. 

https://pubmed.ncbi.nlm.nih.gov/41666189/




2. Machado DM, et. al. (2025). HIV Care Continuum Outcomes Among Adolescents and Young Adults Living With HIV in Latin America and the Caribbean: Association With Depression and Substance Use. Open Forum Infect Dis. 2025 Jun 17;12(7):ofaf353. 

https://pubmed.ncbi.nlm.nih.gov/40657168/




3. Vreeman RC, et. al. (2025). Rates of adherence, adherence measurement, and support services for children and adolescents living with HIV followed in global sites of the International Epidemiology Databases to Evaluate AIDS (IeDEA). BMC Pediatr. 2025 Oct 2;25(1):706. https://pubmed.ncbi.nlm.nih.gov/41039293/




4. Orrigio et al – 2021 – Sexual Abuse and Sexually-Transmitted HIV/AIDS in Jamaican Children and Adolescents Aged 6-19 Years. (Journal of Infection in Developing Countries) https://pubmed.ncbi.nlm.nih.gov/34343124/




5. DeSouza et al – 2019 – Transfer is not a transition – voices of Jamaican adolescents with HIV and their health care providers (AIDS Care) https://pubmed.ncbi.nlm.nih.gov/30345791/




6. Evans-Gilbert – 2018 – Psychosocial outcomes in a cohort of perinatally HIV-infected adolescents in Western Jamaica (Paediatrics and International Child Health) https://pubmed.ncbi.nlm.nih.gov/29400261/




7. Brown & Morgan – 2013 – Psychological dist"
adolescent-hiv%2Faids,https://williamsandremoh.wixsite.com/jmerg/items-2/adolescent-hiv%2Faids,https://pubmed.ncbi.nlm.nih.gov/40657168/,https://pubmed.ncbi.nlm.nih.gov/40657168/,"1. Nascimento Gomes Brito VC et. al. (2026). Sources of information on HIV/AIDS used by adolescents and young people: A scoping review protocol. PLoS One. 2026 Feb 10;21(2):e0340787. 

https://pubmed.ncbi.nlm.nih.gov/41666189/




2. Machado DM, et. al. (2025). HIV Care Continuum Outcomes Among Adolescents and Young Adults Living With HIV in Latin America and the Caribbean: Association With Depression and Substance Use. Open Forum Infect Dis. 2025 Jun 17;12(7):ofaf353. 

https://pubmed.ncbi.nlm.nih.gov/40657168/




3. Vreeman RC, et. al. (2025). Rates of adherence, adherence measurement, and support services for children and adolescents living with HIV followed in global sites of the International Epidemiology Databases to Evaluate AIDS (IeDEA). BMC Pediatr. 2025 Oct 2;25(1):706. https://pubmed.ncbi.nlm.nih.gov/41039293/




4. Orrigio et al – 2021 – Sexual Abuse and Sexually-Transmitted HIV/AIDS in Jamaican Children and Adolescents Aged 6-19 Years. (Journal of Infection in Developing Countries) https://pubmed.ncbi.nlm.nih.gov/34343124/




5. DeSouza et al – 2019 – Transfer is not a transition – voices of Jamaican adolescents with HIV and their health care providers (AIDS Care) https://pubmed.ncbi.nlm.nih.gov/30345791/




6. Evans-Gilbert – 2018 – Psychosocial outcomes in a cohort of perinatally HIV-infected adolescents in Western Jamaica (Paediatrics and International Child Health) https://pubmed.ncbi.nlm.nih.gov/29400261/




7. Brown & Morgan – 2013 – Psychological dist"
adolescent-hiv%2Faids,https://williamsandremoh.wixsite.com/jmerg/items-2/adolescent-hiv%2Faids,https://pubmed.ncbi.nlm.nih.gov/41039293/,,"1. Nascimento Gomes Brito VC et. al. (2026). Sources of information on HIV/AIDS used by adolescents and young people: A scoping review protocol. PLoS One. 2026 Feb 10;21(2):e0340787. 

https://pubmed.ncbi.nlm.nih.gov/41666189/




2. Machado DM, et. al. (2025). HIV Care Continuum Outcomes Among Adolescents and Young Adults Living With HIV in Latin America and the Caribbean: Association With Depression and Substance Use. Open Forum Infect Dis. 2025 Jun 17;12(7):ofaf353. 

https://pubmed.ncbi.nlm.nih.gov/40657168/




3. Vreeman RC, et. al. (2025). Rates of adherence, adherence measurement, and support services for children and adolescents living with HIV followed in global sites of the International Epidemiology Databases to Evaluate AIDS (IeDEA). BMC Pediatr. 2025 Oct 2;25(1):706. https://pubmed.ncbi.nlm.nih.gov/41039293/




4. Orrigio et al – 2021 – Sexual Abuse and Sexually-Transmitted HIV/AIDS in Jamaican Children and Adolescents Aged 6-19 Years. (Journal of Infection in Developing Countries) https://pubmed.ncbi.nlm.nih.gov/34343124/




5. DeSouza et al – 2019 – Transfer is not a transition – voices of Jamaican adolescents with HIV and their health care providers (AIDS Care) https://pubmed.ncbi.nlm.nih.gov/30345791/




6. Evans-Gilbert – 2018 – Psychosocial outcomes in a cohort of perinatally HIV-infected adolescents in Western Jamaica (Paediatrics and International Child Health) https://pubmed.ncbi.nlm.nih.gov/29400261/




7. Brown & Morgan – 2013 – Psychological dist"
adolescent-hiv%2Faids,https://williamsandremoh.wixsite.com/jmerg/items-2/adolescent-hiv%2Faids,https://pubmed.ncbi.nlm.nih.gov/41039293/,https://pubmed.ncbi.nlm.nih.gov/41039293/,"1. Nascimento Gomes Brito VC et. al. (2026). Sources of information on HIV/AIDS used by adolescents and young people: A scoping review protocol. PLoS One. 2026 Feb 10;21(2):e0340787. 

https://pubmed.ncbi.nlm.nih.gov/41666189/




2. Machado DM, et. al. (2025). HIV Care Continuum Outcomes Among Adolescents and Young Adults Living With HIV in Latin America and the Caribbean: Association With Depression and Substance Use. Open Forum Infect Dis. 2025 Jun 17;12(7):ofaf353. 

https://pubmed.ncbi.nlm.nih.gov/40657168/




3. Vreeman RC, et. al. (2025). Rates of adherence, adherence measurement, and support services for children and adolescents living with HIV followed in global sites of the International Epidemiology Databases to Evaluate AIDS (IeDEA). BMC Pediatr. 2025 Oct 2;25(1):706. https://pubmed.ncbi.nlm.nih.gov/41039293/




4. Orrigio et al – 2021 – Sexual Abuse and Sexually-Transmitted HIV/AIDS in Jamaican Children and Adolescents Aged 6-19 Years. (Journal of Infection in Developing Countries) https://pubmed.ncbi.nlm.nih.gov/34343124/




5. DeSouza et al – 2019 – Transfer is not a transition – voices of Jamaican adolescents with HIV and their health care providers (AIDS Care) https://pubmed.ncbi.nlm.nih.gov/30345791/




6. Evans-Gilbert – 2018 – Psychosocial outcomes in a cohort of perinatally HIV-infected adolescents in Western Jamaica (Paediatrics and International Child Health) https://pubmed.ncbi.nlm.nih.gov/29400261/




7. Brown & Morgan – 2013 – Psychological dist"
adolescent-hiv%2Faids,https://williamsandremoh.wixsite.com/jmerg/items-2/adolescent-hiv%2Faids,https://pubmed.ncbi.nlm.nih.gov/34343124/,,"1. Nascimento Gomes Brito VC et. al. (2026). Sources of information on HIV/AIDS used by adolescents and young people: A scoping review protocol. PLoS One. 2026 Feb 10;21(2):e0340787. 

https://pubmed.ncbi.nlm.nih.gov/41666189/




2. Machado DM, et. al. (2025). HIV Care Continuum Outcomes Among Adolescents and Young Adults Living With HIV in Latin America and the Caribbean: Association With Depression and Substance Use. Open Forum Infect Dis. 2025 Jun 17;12(7):ofaf353. 

https://pubmed.ncbi.nlm.nih.gov/40657168/




3. Vreeman RC, et. al. (2025). Rates of adherence, adherence measurement, and support services for children and adolescents living with HIV followed in global sites of the International Epidemiology Databases to Evaluate AIDS (IeDEA). BMC Pediatr. 2025 Oct 2;25(1):706. https://pubmed.ncbi.nlm.nih.gov/41039293/




4. Orrigio et al – 2021 – Sexual Abuse and Sexually-Transmitted HIV/AIDS in Jamaican Children and Adolescents Aged 6-19 Years. (Journal of Infection in Developing Countries) https://pubmed.ncbi.nlm.nih.gov/34343124/




5. DeSouza et al – 2019 – Transfer is not a transition – voices of Jamaican adolescents with HIV and their health care providers (AIDS Care) https://pubmed.ncbi.nlm.nih.gov/30345791/




6. Evans-Gilbert – 2018 – Psychosocial outcomes in a cohort of perinatally HIV-infected adolescents in Western Jamaica (Paediatrics and International Child Health) https://pubmed.ncbi.nlm.nih.gov/29400261/




7. Brown & Morgan – 2013 – Psychological dist"
adolescent-hiv%2Faids,https://williamsandremoh.wixsite.com/jmerg/items-2/adolescent-hiv%2Faids,https://pubmed.ncbi.nlm.nih.gov/34343124/,https://pubmed.ncbi.nlm.nih.gov/34343124/,"1. Nascimento Gomes Brito VC et. al. (2026). Sources of information on HIV/AIDS used by adolescents and young people: A scoping review protocol. PLoS One. 2026 Feb 10;21(2):e0340787. 

https://pubmed.ncbi.nlm.nih.gov/41666189/




2. Machado DM, et. al. (2025). HIV Care Continuum Outcomes Among Adolescents and Young Adults Living With HIV in Latin America and the Caribbean: Association With Depression and Substance Use. Open Forum Infect Dis. 2025 Jun 17;12(7):ofaf353. 

https://pubmed.ncbi.nlm.nih.gov/40657168/




3. Vreeman RC, et. al. (2025). Rates of adherence, adherence measurement, and support services for children and adolescents living with HIV followed in global sites of the International Epidemiology Databases to Evaluate AIDS (IeDEA). BMC Pediatr. 2025 Oct 2;25(1):706. https://pubmed.ncbi.nlm.nih.gov/41039293/




4. Orrigio et al – 2021 – Sexual Abuse and Sexually-Transmitted HIV/AIDS in Jamaican Children and Adolescents Aged 6-19 Years. (Journal of Infection in Developing Countries) https://pubmed.ncbi.nlm.nih.gov/34343124/




5. DeSouza et al – 2019 – Transfer is not a transition – voices of Jamaican adolescents with HIV and their health care providers (AIDS Care) https://pubmed.ncbi.nlm.nih.gov/30345791/




6. Evans-Gilbert – 2018 – Psychosocial outcomes in a cohort of perinatally HIV-infected adolescents in Western Jamaica (Paediatrics and International Child Health) https://pubmed.ncbi.nlm.nih.gov/29400261/




7. Brown & Morgan – 2013 – Psychological dist"
adolescent-hiv%2Faids,https://williamsandremoh.wixsite.com/jmerg/items-2/adolescent-hiv%2Faids,https://pubmed.ncbi.nlm.nih.gov/30345791/,,"1. Nascimento Gomes Brito VC et. al. (2026). Sources of information on HIV/AIDS used by adolescents and young people: A scoping review protocol. PLoS One. 2026 Feb 10;21(2):e0340787. 

https://pubmed.ncbi.nlm.nih.gov/41666189/




2. Machado DM, et. al. (2025). HIV Care Continuum Outcomes Among Adolescents and Young Adults Living With HIV in Latin America and the Caribbean: Association With Depression and Substance Use. Open Forum Infect Dis. 2025 Jun 17;12(7):ofaf353. 

https://pubmed.ncbi.nlm.nih.gov/40657168/




3. Vreeman RC, et. al. (2025). Rates of adherence, adherence measurement, and support services for children and adolescents living with HIV followed in global sites of the International Epidemiology Databases to Evaluate AIDS (IeDEA). BMC Pediatr. 2025 Oct 2;25(1):706. https://pubmed.ncbi.nlm.nih.gov/41039293/




4. Orrigio et al – 2021 – Sexual Abuse and Sexually-Transmitted HIV/AIDS in Jamaican Children and Adolescents Aged 6-19 Years. (Journal of Infection in Developing Countries) https://pubmed.ncbi.nlm.nih.gov/34343124/




5. DeSouza et al – 2019 – Transfer is not a transition – voices of Jamaican adolescents with HIV and their health care providers (AIDS Care) https://pubmed.ncbi.nlm.nih.gov/30345791/




6. Evans-Gilbert – 2018 – Psychosocial outcomes in a cohort of perinatally HIV-infected adolescents in Western Jamaica (Paediatrics and International Child Health) https://pubmed.ncbi.nlm.nih.gov/29400261/




7. Brown & Morgan – 2013 – Psychological dist"
adolescent-hiv%2Faids,https://williamsandremoh.wixsite.com/jmerg/items-2/adolescent-hiv%2Faids,https://pubmed.ncbi.nlm.nih.gov/30345791/,https://pubmed.ncbi.nlm.nih.gov/30345791/,"1. Nascimento Gomes Brito VC et. al. (2026). Sources of information on HIV/AIDS used by adolescents and young people: A scoping review protocol. PLoS One. 2026 Feb 10;21(2):e0340787. 

https://pubmed.ncbi.nlm.nih.gov/41666189/




2. Machado DM, et. al. (2025). HIV Care Continuum Outcomes Among Adolescents and Young Adults Living With HIV in Latin America and the Caribbean: Association With Depression and Substance Use. Open Forum Infect Dis. 2025 Jun 17;12(7):ofaf353. 

https://pubmed.ncbi.nlm.nih.gov/40657168/




3. Vreeman RC, et. al. (2025). Rates of adherence, adherence measurement, and support services for children and adolescents living with HIV followed in global sites of the International Epidemiology Databases to Evaluate AIDS (IeDEA). BMC Pediatr. 2025 Oct 2;25(1):706. https://pubmed.ncbi.nlm.nih.gov/41039293/




4. Orrigio et al – 2021 – Sexual Abuse and Sexually-Transmitted HIV/AIDS in Jamaican Children and Adolescents Aged 6-19 Years. (Journal of Infection in Developing Countries) https://pubmed.ncbi.nlm.nih.gov/34343124/




5. DeSouza et al – 2019 – Transfer is not a transition – voices of Jamaican adolescents with HIV and their health care providers (AIDS Care) https://pubmed.ncbi.nlm.nih.gov/30345791/




6. Evans-Gilbert – 2018 – Psychosocial outcomes in a cohort of perinatally HIV-infected adolescents in Western Jamaica (Paediatrics and International Child Health) https://pubmed.ncbi.nlm.nih.gov/29400261/




7. Brown & Morgan – 2013 – Psychological dist"
adolescent-hiv%2Faids,https://williamsandremoh.wixsite.com/jmerg/items-2/adolescent-hiv%2Faids,https://pubmed.ncbi.nlm.nih.gov/29400261/,,"1. Nascimento Gomes Brito VC et. al. (2026). Sources of information on HIV/AIDS used by adolescents and young people: A scoping review protocol. PLoS One. 2026 Feb 10;21(2):e0340787. 

https://pubmed.ncbi.nlm.nih.gov/41666189/




2. Machado DM, et. al. (2025). HIV Care Continuum Outcomes Among Adolescents and Young Adults Living With HIV in Latin America and the Caribbean: Association With Depression and Substance Use. Open Forum Infect Dis. 2025 Jun 17;12(7):ofaf353. 

https://pubmed.ncbi.nlm.nih.gov/40657168/




3. Vreeman RC, et. al. (2025). Rates of adherence, adherence measurement, and support services for children and adolescents living with HIV followed in global sites of the International Epidemiology Databases to Evaluate AIDS (IeDEA). BMC Pediatr. 2025 Oct 2;25(1):706. https://pubmed.ncbi.nlm.nih.gov/41039293/




4. Orrigio et al – 2021 – Sexual Abuse and Sexually-Transmitted HIV/AIDS in Jamaican Children and Adolescents Aged 6-19 Years. (Journal of Infection in Developing Countries) https://pubmed.ncbi.nlm.nih.gov/34343124/




5. DeSouza et al – 2019 – Transfer is not a transition – voices of Jamaican adolescents with HIV and their health care providers (AIDS Care) https://pubmed.ncbi.nlm.nih.gov/30345791/




6. Evans-Gilbert – 2018 – Psychosocial outcomes in a cohort of perinatally HIV-infected adolescents in Western Jamaica (Paediatrics and International Child Health) https://pubmed.ncbi.nlm.nih.gov/29400261/




7. Brown & Morgan – 2013 – Psychological dist"
adolescent-hiv%2Faids,https://williamsandremoh.wixsite.com/jmerg/items-2/adolescent-hiv%2Faids,https://pubmed.ncbi.nlm.nih.gov/29400261/,https://pubmed.ncbi.nlm.nih.gov/29400261/,"1. Nascimento Gomes Brito VC et. al. (2026). Sources of information on HIV/AIDS used by adolescents and young people: A scoping review protocol. PLoS One. 2026 Feb 10;21(2):e0340787. 

https://pubmed.ncbi.nlm.nih.gov/41666189/




2. Machado DM, et. al. (2025). HIV Care Continuum Outcomes Among Adolescents and Young Adults Living With HIV in Latin America and the Caribbean: Association With Depression and Substance Use. Open Forum Infect Dis. 2025 Jun 17;12(7):ofaf353. 

https://pubmed.ncbi.nlm.nih.gov/40657168/




3. Vreeman RC, et. al. (2025). Rates of adherence, adherence measurement, and support services for children and adolescents living with HIV followed in global sites of the International Epidemiology Databases to Evaluate AIDS (IeDEA). BMC Pediatr. 2025 Oct 2;25(1):706. https://pubmed.ncbi.nlm.nih.gov/41039293/




4. Orrigio et al – 2021 – Sexual Abuse and Sexually-Transmitted HIV/AIDS in Jamaican Children and Adolescents Aged 6-19 Years. (Journal of Infection in Developing Countries) https://pubmed.ncbi.nlm.nih.gov/34343124/




5. DeSouza et al – 2019 – Transfer is not a transition – voices of Jamaican adolescents with HIV and their health care providers (AIDS Care) https://pubmed.ncbi.nlm.nih.gov/30345791/




6. Evans-Gilbert – 2018 – Psychosocial outcomes in a cohort of perinatally HIV-infected adolescents in Western Jamaica (Paediatrics and International Child Health) https://pubmed.ncbi.nlm.nih.gov/29400261/




7. Brown & Morgan – 2013 – Psychological dist"
adolescent-hiv%2Faids,https://williamsandremoh.wixsite.com/jmerg/items-2/adolescent-hiv%2Faids,https://pubmed.ncbi.nlm.nih.gov/22004468/,,"1. Nascimento Gomes Brito VC et. al. (2026). Sources of information on HIV/AIDS used by adolescents and young people: A scoping review protocol. PLoS One. 2026 Feb 10;21(2):e0340787. 

https://pubmed.ncbi.nlm.nih.gov/41666189/




2. Machado DM, et. al. (2025). HIV Care Continuum Outcomes Among Adolescents and Young Adults Living With HIV in Latin America and the Caribbean: Association With Depression and Substance Use. Open Forum Infect Dis. 2025 Jun 17;12(7):ofaf353. 

https://pubmed.ncbi.nlm.nih.gov/40657168/




3. Vreeman RC, et. al. (2025). Rates of adherence, adherence measurement, and support services for children and adolescents living with HIV followed in global sites of the International Epidemiology Databases to Evaluate AIDS (IeDEA). BMC Pediatr. 2025 Oct 2;25(1):706. https://pubmed.ncbi.nlm.nih.gov/41039293/




4. Orrigio et al – 2021 – Sexual Abuse and Sexually-Transmitted HIV/AIDS in Jamaican Children and Adolescents Aged 6-19 Years. (Journal of Infection in Developing Countries) https://pubmed.ncbi.nlm.nih.gov/34343124/




5. DeSouza et al – 2019 – Transfer is not a transition – voices of Jamaican adolescents with HIV and their health care providers (AIDS Care) https://pubmed.ncbi.nlm.nih.gov/30345791/




6. Evans-Gilbert – 2018 – Psychosocial outcomes in a cohort of perinatally HIV-infected adolescents in Western Jamaica (Paediatrics and International Child Health) https://pubmed.ncbi.nlm.nih.gov/29400261/




7. Brown & Morgan – 2013 – Psychological dist"
adolescent-hiv%2Faids,https://williamsandremoh.wixsite.com/jmerg/items-2/adolescent-hiv%2Faids,https://pubmed.ncbi.nlm.nih.gov/22004468/,https://pubmed.ncbi.nlm.nih.gov/22004468/,"1. Nascimento Gomes Brito VC et. al. (2026). Sources of information on HIV/AIDS used by adolescents and young people: A scoping review protocol. PLoS One. 2026 Feb 10;21(2):e0340787. 

https://pubmed.ncbi.nlm.nih.gov/41666189/




2. Machado DM, et. al. (2025). HIV Care Continuum Outcomes Among Adolescents and Young Adults Living With HIV in Latin America and the Caribbean: Association With Depression and Substance Use. Open Forum Infect Dis. 2025 Jun 17;12(7):ofaf353. 

https://pubmed.ncbi.nlm.nih.gov/40657168/




3. Vreeman RC, et. al. (2025). Rates of adherence, adherence measurement, and support services for children and adolescents living with HIV followed in global sites of the International Epidemiology Databases to Evaluate AIDS (IeDEA). BMC Pediatr. 2025 Oct 2;25(1):706. https://pubmed.ncbi.nlm.nih.gov/41039293/




4. Orrigio et al – 2021 – Sexual Abuse and Sexually-Transmitted HIV/AIDS in Jamaican Children and Adolescents Aged 6-19 Years. (Journal of Infection in Developing Countries) https://pubmed.ncbi.nlm.nih.gov/34343124/




5. DeSouza et al – 2019 – Transfer is not a transition – voices of Jamaican adolescents with HIV and their health care providers (AIDS Care) https://pubmed.ncbi.nlm.nih.gov/30345791/




6. Evans-Gilbert – 2018 – Psychosocial outcomes in a cohort of perinatally HIV-infected adolescents in Western Jamaica (Paediatrics and International Child Health) https://pubmed.ncbi.nlm.nih.gov/29400261/




7. Brown & Morgan – 2013 – Psychological dist"
adolescent-hiv%2Faids,https://williamsandremoh.wixsite.com/jmerg/items-2/adolescent-hiv%2Faids,https://pubmed.ncbi.nlm.nih.gov/15266994/,,"1. Nascimento Gomes Brito VC et. al. (2026). Sources of information on HIV/AIDS used by adolescents and young people: A scoping review protocol. PLoS One. 2026 Feb 10;21(2):e0340787. 

https://pubmed.ncbi.nlm.nih.gov/41666189/




2. Machado DM, et. al. (2025). HIV Care Continuum Outcomes Among Adolescents and Young Adults Living With HIV in Latin America and the Caribbean: Association With Depression and Substance Use. Open Forum Infect Dis. 2025 Jun 17;12(7):ofaf353. 

https://pubmed.ncbi.nlm.nih.gov/40657168/




3. Vreeman RC, et. al. (2025). Rates of adherence, adherence measurement, and support services for children and adolescents living with HIV followed in global sites of the International Epidemiology Databases to Evaluate AIDS (IeDEA). BMC Pediatr. 2025 Oct 2;25(1):706. https://pubmed.ncbi.nlm.nih.gov/41039293/




4. Orrigio et al – 2021 – Sexual Abuse and Sexually-Transmitted HIV/AIDS in Jamaican Children and Adolescents Aged 6-19 Years. (Journal of Infection in Developing Countries) https://pubmed.ncbi.nlm.nih.gov/34343124/




5. DeSouza et al – 2019 – Transfer is not a transition – voices of Jamaican adolescents with HIV and their health care providers (AIDS Care) https://pubmed.ncbi.nlm.nih.gov/30345791/




6. Evans-Gilbert – 2018 – Psychosocial outcomes in a cohort of perinatally HIV-infected adolescents in Western Jamaica (Paediatrics and International Child Health) https://pubmed.ncbi.nlm.nih.gov/29400261/




7. Brown & Morgan – 2013 – Psychological dist"
adolescent-hiv%2Faids,https://williamsandremoh.wixsite.com/jmerg/items-2/adolescent-hiv%2Faids,https://pubmed.ncbi.nlm.nih.gov/15266994/,https://pubmed.ncbi.nlm.nih.gov/15266994/,"1. Nascimento Gomes Brito VC et. al. (2026). Sources of information on HIV/AIDS used by adolescents and young people: A scoping review protocol. PLoS One. 2026 Feb 10;21(2):e0340787. 

https://pubmed.ncbi.nlm.nih.gov/41666189/




2. Machado DM, et. al. (2025). HIV Care Continuum Outcomes Among Adolescents and Young Adults Living With HIV in Latin America and the Caribbean: Association With Depression and Substance Use. Open Forum Infect Dis. 2025 Jun 17;12(7):ofaf353. 

https://pubmed.ncbi.nlm.nih.gov/40657168/




3. Vreeman RC, et. al. (2025). Rates of adherence, adherence measurement, and support services for children and adolescents living with HIV followed in global sites of the International Epidemiology Databases to Evaluate AIDS (IeDEA). BMC Pediatr. 2025 Oct 2;25(1):706. https://pubmed.ncbi.nlm.nih.gov/41039293/




4. Orrigio et al – 2021 – Sexual Abuse and Sexually-Transmitted HIV/AIDS in Jamaican Children and Adolescents Aged 6-19 Years. (Journal of Infection in Developing Countries) https://pubmed.ncbi.nlm.nih.gov/34343124/




5. DeSouza et al – 2019 – Transfer is not a transition – voices of Jamaican adolescents with HIV and their health care providers (AIDS Care) https://pubmed.ncbi.nlm.nih.gov/30345791/




6. Evans-Gilbert – 2018 – Psychosocial outcomes in a cohort of perinatally HIV-infected adolescents in Western Jamaica (Paediatrics and International Child Health) https://pubmed.ncbi.nlm.nih.gov/29400261/




7. Brown & Morgan – 2013 – Psychological dist"
adolescent-hiv%2Faids,https://williamsandremoh.wixsite.com/jmerg/items-2/adolescent-hiv%2Faids,https://pubmed.ncbi.nlm.nih.gov/15675503/,,"1. Nascimento Gomes Brito VC et. al. (2026). Sources of information on HIV/AIDS used by adolescents and young people: A scoping review protocol. PLoS One. 2026 Feb 10;21(2):e0340787. 

https://pubmed.ncbi.nlm.nih.gov/41666189/




2. Machado DM, et. al. (2025). HIV Care Continuum Outcomes Among Adolescents and Young Adults Living With HIV in Latin America and the Caribbean: Association With Depression and Substance Use. Open Forum Infect Dis. 2025 Jun 17;12(7):ofaf353. 

https://pubmed.ncbi.nlm.nih.gov/40657168/




3. Vreeman RC, et. al. (2025). Rates of adherence, adherence measurement, and support services for children and adolescents living with HIV followed in global sites of the International Epidemiology Databases to Evaluate AIDS (IeDEA). BMC Pediatr. 2025 Oct 2;25(1):706. https://pubmed.ncbi.nlm.nih.gov/41039293/




4. Orrigio et al – 2021 – Sexual Abuse and Sexually-Transmitted HIV/AIDS in Jamaican Children and Adolescents Aged 6-19 Years. (Journal of Infection in Developing Countries) https://pubmed.ncbi.nlm.nih.gov/34343124/




5. DeSouza et al – 2019 – Transfer is not a transition – voices of Jamaican adolescents with HIV and their health care providers (AIDS Care) https://pubmed.ncbi.nlm.nih.gov/30345791/




6. Evans-Gilbert – 2018 – Psychosocial outcomes in a cohort of perinatally HIV-infected adolescents in Western Jamaica (Paediatrics and International Child Health) https://pubmed.ncbi.nlm.nih.gov/29400261/




7. Brown & Morgan – 2013 – Psychological dist"
adolescent-hiv%2Faids,https://williamsandremoh.wixsite.com/jmerg/items-2/adolescent-hiv%2Faids,https://pubmed.ncbi.nlm.nih.gov/15675503/,https://pubmed.ncbi.nlm.nih.gov/15675503/,"1. Nascimento Gomes Brito VC et. al. (2026). Sources of information on HIV/AIDS used by adolescents and young people: A scoping review protocol. PLoS One. 2026 Feb 10;21(2):e0340787. 

https://pubmed.ncbi.nlm.nih.gov/41666189/




2. Machado DM, et. al. (2025). HIV Care Continuum Outcomes Among Adolescents and Young Adults Living With HIV in Latin America and the Caribbean: Association With Depression and Substance Use. Open Forum Infect Dis. 2025 Jun 17;12(7):ofaf353. 

https://pubmed.ncbi.nlm.nih.gov/40657168/




3. Vreeman RC, et. al. (2025). Rates of adherence, adherence measurement, and support services for children and adolescents living with HIV followed in global sites of the International Epidemiology Databases to Evaluate AIDS (IeDEA). BMC Pediatr. 2025 Oct 2;25(1):706. https://pubmed.ncbi.nlm.nih.gov/41039293/




4. Orrigio et al – 2021 – Sexual Abuse and Sexually-Transmitted HIV/AIDS in Jamaican Children and Adolescents Aged 6-19 Years. (Journal of Infection in Developing Countries) https://pubmed.ncbi.nlm.nih.gov/34343124/




5. DeSouza et al – 2019 – Transfer is not a transition – voices of Jamaican adolescents with HIV and their health care providers (AIDS Care) https://pubmed.ncbi.nlm.nih.gov/30345791/




6. Evans-Gilbert – 2018 – Psychosocial outcomes in a cohort of perinatally HIV-infected adolescents in Western Jamaica (Paediatrics and International Child Health) https://pubmed.ncbi.nlm.nih.gov/29400261/




7. Brown & Morgan – 2013 – Psychological dist"
adolescent-hiv%2Faids,https://williamsandremoh.wixsite.com/jmerg/items-2/adolescent-hiv%2Faids,https://pubmed.ncbi.nlm.nih.gov/15675500/,,"1. Nascimento Gomes Brito VC et. al. (2026). Sources of information on HIV/AIDS used by adolescents and young people: A scoping review protocol. PLoS One. 2026 Feb 10;21(2):e0340787. 

https://pubmed.ncbi.nlm.nih.gov/41666189/




2. Machado DM, et. al. (2025). HIV Care Continuum Outcomes Among Adolescents and Young Adults Living With HIV in Latin America and the Caribbean: Association With Depression and Substance Use. Open Forum Infect Dis. 2025 Jun 17;12(7):ofaf353. 

https://pubmed.ncbi.nlm.nih.gov/40657168/




3. Vreeman RC, et. al. (2025). Rates of adherence, adherence measurement, and support services for children and adolescents living with HIV followed in global sites of the International Epidemiology Databases to Evaluate AIDS (IeDEA). BMC Pediatr. 2025 Oct 2;25(1):706. https://pubmed.ncbi.nlm.nih.gov/41039293/




4. Orrigio et al – 2021 – Sexual Abuse and Sexually-Transmitted HIV/AIDS in Jamaican Children and Adolescents Aged 6-19 Years. (Journal of Infection in Developing Countries) https://pubmed.ncbi.nlm.nih.gov/34343124/




5. DeSouza et al – 2019 – Transfer is not a transition – voices of Jamaican adolescents with HIV and their health care providers (AIDS Care) https://pubmed.ncbi.nlm.nih.gov/30345791/




6. Evans-Gilbert – 2018 – Psychosocial outcomes in a cohort of perinatally HIV-infected adolescents in Western Jamaica (Paediatrics and International Child Health) https://pubmed.ncbi.nlm.nih.gov/29400261/




7. Brown & Morgan – 2013 – Psychological dist"
adolescent-hiv%2Faids,https://williamsandremoh.wixsite.com/jmerg/items-2/adolescent-hiv%2Faids,https://pubmed.ncbi.nlm.nih.gov/15675500/,https://pubmed.ncbi.nlm.nih.gov/15675500/,"1. Nascimento Gomes Brito VC et. al. (2026). Sources of information on HIV/AIDS used by adolescents and young people: A scoping review protocol. PLoS One. 2026 Feb 10;21(2):e0340787. 

https://pubmed.ncbi.nlm.nih.gov/41666189/




2. Machado DM, et. al. (2025). HIV Care Continuum Outcomes Among Adolescents and Young Adults Living With HIV in Latin America and the Caribbean: Association With Depression and Substance Use. Open Forum Infect Dis. 2025 Jun 17;12(7):ofaf353. 

https://pubmed.ncbi.nlm.nih.gov/40657168/




3. Vreeman RC, et. al. (2025). Rates of adherence, adherence measurement, and support services for children and adolescents living with HIV followed in global sites of the International Epidemiology Databases to Evaluate AIDS (IeDEA). BMC Pediatr. 2025 Oct 2;25(1):706. https://pubmed.ncbi.nlm.nih.gov/41039293/




4. Orrigio et al – 2021 – Sexual Abuse and Sexually-Transmitted HIV/AIDS in Jamaican Children and Adolescents Aged 6-19 Years. (Journal of Infection in Developing Countries) https://pubmed.ncbi.nlm.nih.gov/34343124/




5. DeSouza et al – 2019 – Transfer is not a transition – voices of Jamaican adolescents with HIV and their health care providers (AIDS Care) https://pubmed.ncbi.nlm.nih.gov/30345791/




6. Evans-Gilbert – 2018 – Psychosocial outcomes in a cohort of perinatally HIV-infected adolescents in Western Jamaica (Paediatrics and International Child Health) https://pubmed.ncbi.nlm.nih.gov/29400261/




7. Brown & Morgan – 2013 – Psychological dist"
adolescent-hiv%2Faids,https://williamsandremoh.wixsite.com/jmerg/items-2/adolescent-hiv%2Faids,https://pubmed.ncbi.nlm.nih.gov/11993012/,,"1. Nascimento Gomes Brito VC et. al. (2026). Sources of information on HIV/AIDS used by adolescents and young people: A scoping review protocol. PLoS One. 2026 Feb 10;21(2):e0340787. 

https://pubmed.ncbi.nlm.nih.gov/41666189/




2. Machado DM, et. al. (2025). HIV Care Continuum Outcomes Among Adolescents and Young Adults Living With HIV in Latin America and the Caribbean: Association With Depression and Substance Use. Open Forum Infect Dis. 2025 Jun 17;12(7):ofaf353. 

https://pubmed.ncbi.nlm.nih.gov/40657168/




3. Vreeman RC, et. al. (2025). Rates of adherence, adherence measurement, and support services for children and adolescents living with HIV followed in global sites of the International Epidemiology Databases to Evaluate AIDS (IeDEA). BMC Pediatr. 2025 Oct 2;25(1):706. https://pubmed.ncbi.nlm.nih.gov/41039293/




4. Orrigio et al – 2021 – Sexual Abuse and Sexually-Transmitted HIV/AIDS in Jamaican Children and Adolescents Aged 6-19 Years. (Journal of Infection in Developing Countries) https://pubmed.ncbi.nlm.nih.gov/34343124/




5. DeSouza et al – 2019 – Transfer is not a transition – voices of Jamaican adolescents with HIV and their health care providers (AIDS Care) https://pubmed.ncbi.nlm.nih.gov/30345791/




6. Evans-Gilbert – 2018 – Psychosocial outcomes in a cohort of perinatally HIV-infected adolescents in Western Jamaica (Paediatrics and International Child Health) https://pubmed.ncbi.nlm.nih.gov/29400261/




7. Brown & Morgan – 2013 – Psychological dist"
adolescent-hiv%2Faids,https://williamsandremoh.wixsite.com/jmerg/items-2/adolescent-hiv%2Faids,https://pubmed.ncbi.nlm.nih.gov/11993012/,https://pubmed.ncbi.nlm.nih.gov/11993012/,"1. Nascimento Gomes Brito VC et. al. (2026). Sources of information on HIV/AIDS used by adolescents and young people: A scoping review protocol. PLoS One. 2026 Feb 10;21(2):e0340787. 

https://pubmed.ncbi.nlm.nih.gov/41666189/




2. Machado DM, et. al. (2025). HIV Care Continuum Outcomes Among Adolescents and Young Adults Living With HIV in Latin America and the Caribbean: Association With Depression and Substance Use. Open Forum Infect Dis. 2025 Jun 17;12(7):ofaf353. 

https://pubmed.ncbi.nlm.nih.gov/40657168/




3. Vreeman RC, et. al. (2025). Rates of adherence, adherence measurement, and support services for children and adolescents living with HIV followed in global sites of the International Epidemiology Databases to Evaluate AIDS (IeDEA). BMC Pediatr. 2025 Oct 2;25(1):706. https://pubmed.ncbi.nlm.nih.gov/41039293/




4. Orrigio et al – 2021 – Sexual Abuse and Sexually-Transmitted HIV/AIDS in Jamaican Children and Adolescents Aged 6-19 Years. (Journal of Infection in Developing Countries) https://pubmed.ncbi.nlm.nih.gov/34343124/




5. DeSouza et al – 2019 – Transfer is not a transition – voices of Jamaican adolescents with HIV and their health care providers (AIDS Care) https://pubmed.ncbi.nlm.nih.gov/30345791/




6. Evans-Gilbert – 2018 – Psychosocial outcomes in a cohort of perinatally HIV-infected adolescents in Western Jamaica (Paediatrics and International Child Health) https://pubmed.ncbi.nlm.nih.gov/29400261/




7. Brown & Morgan – 2013 – Psychological dist"
antiretroviral-drug-resistance,https://williamsandremoh.wixsite.com/jmerg/items-2/antiretroviral-drug-resistance,https://pubmed.ncbi.nlm.nih.gov/42385762/,,"1. GBD 2023 TB HIV Collaborators. (2026) Global, regional, and national burden of tuberculosis and multidrug-resistant tuberculosis by HIV status, 1990-2023: a systematic analysis for the Global Burden of Disease Study 2023. Lancet Infect Dis. 2026 Jul 1:S1473-3099(26)00295-1. https://pubmed.ncbi.nlm.nih.gov/42385762/




2. Collins-Fairclough et al – 2015 – HIV drug resistance surveillance among Jamaican men who have sex with men should be prioritized for reducing HIV transmission (AIDS Research and Human Retroviruses) https://www.liebertpub.com/doi/abs/10.1089/AID.2015.0040




3. Ramkissoon et al – 2015 – Analysis of reverse transcriptase and protease genes of HIV for antiretroviral drug resistance in treatment-exposed Jamaican paediatrics (AIDS Research and Human Retroviruses) https://pubmed.ncbi.nlm.nih.gov/26122980/




4. Amarakoon et al – 2014 – HIV-1 Antiretroviral Drug Resistance in Pregnant Women in Jamaica: A Preliminary Report (West Indian Medical Journal) https://www.mona.uwi.edu/fms/wimj/article/1942




5. Barrow et al – 2013 – HIV-1 drug resistance in treatment-naïve chronically infected patients in Jamaica (Antiviral Therapy) https://pubmed.ncbi.nlm.nih.gov/23744572/




6. Hamilton et al – 2012 – Analysis of protease reverse transcriptase genes of HIV antiretroviral drug resistance in Jamaican adults https://pubmed.ncbi.nlm.nih.gov/22049946/"
antiretroviral-drug-resistance,https://williamsandremoh.wixsite.com/jmerg/items-2/antiretroviral-drug-resistance,https://pubmed.ncbi.nlm.nih.gov/42385762/,https://pubmed.ncbi.nlm.nih.gov/42385762/,"1. GBD 2023 TB HIV Collaborators. (2026) Global, regional, and national burden of tuberculosis and multidrug-resistant tuberculosis by HIV status, 1990-2023: a systematic analysis for the Global Burden of Disease Study 2023. Lancet Infect Dis. 2026 Jul 1:S1473-3099(26)00295-1. https://pubmed.ncbi.nlm.nih.gov/42385762/




2. Collins-Fairclough et al – 2015 – HIV drug resistance surveillance among Jamaican men who have sex with men should be prioritized for reducing HIV transmission (AIDS Research and Human Retroviruses) https://www.liebertpub.com/doi/abs/10.1089/AID.2015.0040




3. Ramkissoon et al – 2015 – Analysis of reverse transcriptase and protease genes of HIV for antiretroviral drug resistance in treatment-exposed Jamaican paediatrics (AIDS Research and Human Retroviruses) https://pubmed.ncbi.nlm.nih.gov/26122980/




4. Amarakoon et al – 2014 – HIV-1 Antiretroviral Drug Resistance in Pregnant Women in Jamaica: A Preliminary Report (West Indian Medical Journal) https://www.mona.uwi.edu/fms/wimj/article/1942




5. Barrow et al – 2013 – HIV-1 drug resistance in treatment-naïve chronically infected patients in Jamaica (Antiviral Therapy) https://pubmed.ncbi.nlm.nih.gov/23744572/




6. Hamilton et al – 2012 – Analysis of protease reverse transcriptase genes of HIV antiretroviral drug resistance in Jamaican adults https://pubmed.ncbi.nlm.nih.gov/22049946/"
antiretroviral-drug-resistance,https://williamsandremoh.wixsite.com/jmerg/items-2/antiretroviral-drug-resistance,https://pubmed.ncbi.nlm.nih.gov/26122980/,,"1. GBD 2023 TB HIV Collaborators. (2026) Global, regional, and national burden of tuberculosis and multidrug-resistant tuberculosis by HIV status, 1990-2023: a systematic analysis for the Global Burden of Disease Study 2023. Lancet Infect Dis. 2026 Jul 1:S1473-3099(26)00295-1. https://pubmed.ncbi.nlm.nih.gov/42385762/




2. Collins-Fairclough et al – 2015 – HIV drug resistance surveillance among Jamaican men who have sex with men should be prioritized for reducing HIV transmission (AIDS Research and Human Retroviruses) https://www.liebertpub.com/doi/abs/10.1089/AID.2015.0040




3. Ramkissoon et al – 2015 – Analysis of reverse transcriptase and protease genes of HIV for antiretroviral drug resistance in treatment-exposed Jamaican paediatrics (AIDS Research and Human Retroviruses) https://pubmed.ncbi.nlm.nih.gov/26122980/




4. Amarakoon et al – 2014 – HIV-1 Antiretroviral Drug Resistance in Pregnant Women in Jamaica: A Preliminary Report (West Indian Medical Journal) https://www.mona.uwi.edu/fms/wimj/article/1942




5. Barrow et al – 2013 – HIV-1 drug resistance in treatment-naïve chronically infected patients in Jamaica (Antiviral Therapy) https://pubmed.ncbi.nlm.nih.gov/23744572/




6. Hamilton et al – 2012 – Analysis of protease reverse transcriptase genes of HIV antiretroviral drug resistance in Jamaican adults https://pubmed.ncbi.nlm.nih.gov/22049946/"
antiretroviral-drug-resistance,https://williamsandremoh.wixsite.com/jmerg/items-2/antiretroviral-drug-resistance,https://pubmed.ncbi.nlm.nih.gov/26122980/,https://pubmed.ncbi.nlm.nih.gov/26122980/,"1. GBD 2023 TB HIV Collaborators. (2026) Global, regional, and national burden of tuberculosis and multidrug-resistant tuberculosis by HIV status, 1990-2023: a systematic analysis for the Global Burden of Disease Study 2023. Lancet Infect Dis. 2026 Jul 1:S1473-3099(26)00295-1. https://pubmed.ncbi.nlm.nih.gov/42385762/




2. Collins-Fairclough et al – 2015 – HIV drug resistance surveillance among Jamaican men who have sex with men should be prioritized for reducing HIV transmission (AIDS Research and Human Retroviruses) https://www.liebertpub.com/doi/abs/10.1089/AID.2015.0040




3. Ramkissoon et al – 2015 – Analysis of reverse transcriptase and protease genes of HIV for antiretroviral drug resistance in treatment-exposed Jamaican paediatrics (AIDS Research and Human Retroviruses) https://pubmed.ncbi.nlm.nih.gov/26122980/




4. Amarakoon et al – 2014 – HIV-1 Antiretroviral Drug Resistance in Pregnant Women in Jamaica: A Preliminary Report (West Indian Medical Journal) https://www.mona.uwi.edu/fms/wimj/article/1942




5. Barrow et al – 2013 – HIV-1 drug resistance in treatment-naïve chronically infected patients in Jamaica (Antiviral Therapy) https://pubmed.ncbi.nlm.nih.gov/23744572/




6. Hamilton et al – 2012 – Analysis of protease reverse transcriptase genes of HIV antiretroviral drug resistance in Jamaican adults https://pubmed.ncbi.nlm.nih.gov/22049946/"
antiretroviral-drug-resistance,https://williamsandremoh.wixsite.com/jmerg/items-2/antiretroviral-drug-resistance,https://pubmed.ncbi.nlm.nih.gov/23744572/,,"1. GBD 2023 TB HIV Collaborators. (2026) Global, regional, and national burden of tuberculosis and multidrug-resistant tuberculosis by HIV status, 1990-2023: a systematic analysis for the Global Burden of Disease Study 2023. Lancet Infect Dis. 2026 Jul 1:S1473-3099(26)00295-1. https://pubmed.ncbi.nlm.nih.gov/42385762/




2. Collins-Fairclough et al – 2015 – HIV drug resistance surveillance among Jamaican men who have sex with men should be prioritized for reducing HIV transmission (AIDS Research and Human Retroviruses) https://www.liebertpub.com/doi/abs/10.1089/AID.2015.0040




3. Ramkissoon et al – 2015 – Analysis of reverse transcriptase and protease genes of HIV for antiretroviral drug resistance in treatment-exposed Jamaican paediatrics (AIDS Research and Human Retroviruses) https://pubmed.ncbi.nlm.nih.gov/26122980/




4. Amarakoon et al – 2014 – HIV-1 Antiretroviral Drug Resistance in Pregnant Women in Jamaica: A Preliminary Report (West Indian Medical Journal) https://www.mona.uwi.edu/fms/wimj/article/1942




5. Barrow et al – 2013 – HIV-1 drug resistance in treatment-naïve chronically infected patients in Jamaica (Antiviral Therapy) https://pubmed.ncbi.nlm.nih.gov/23744572/




6. Hamilton et al – 2012 – Analysis of protease reverse transcriptase genes of HIV antiretroviral drug resistance in Jamaican adults https://pubmed.ncbi.nlm.nih.gov/22049946/"
antiretroviral-drug-resistance,https://williamsandremoh.wixsite.com/jmerg/items-2/antiretroviral-drug-resistance,https://pubmed.ncbi.nlm.nih.gov/23744572/,https://pubmed.ncbi.nlm.nih.gov/23744572/,"1. GBD 2023 TB HIV Collaborators. (2026) Global, regional, and national burden of tuberculosis and multidrug-resistant tuberculosis by HIV status, 1990-2023: a systematic analysis for the Global Burden of Disease Study 2023. Lancet Infect Dis. 2026 Jul 1:S1473-3099(26)00295-1. https://pubmed.ncbi.nlm.nih.gov/42385762/




2. Collins-Fairclough et al – 2015 – HIV drug resistance surveillance among Jamaican men who have sex with men should be prioritized for reducing HIV transmission (AIDS Research and Human Retroviruses) https://www.liebertpub.com/doi/abs/10.1089/AID.2015.0040




3. Ramkissoon et al – 2015 – Analysis of reverse transcriptase and protease genes of HIV for antiretroviral drug resistance in treatment-exposed Jamaican paediatrics (AIDS Research and Human Retroviruses) https://pubmed.ncbi.nlm.nih.gov/26122980/




4. Amarakoon et al – 2014 – HIV-1 Antiretroviral Drug Resistance in Pregnant Women in Jamaica: A Preliminary Report (West Indian Medical Journal) https://www.mona.uwi.edu/fms/wimj/article/1942




5. Barrow et al – 2013 – HIV-1 drug resistance in treatment-naïve chronically infected patients in Jamaica (Antiviral Therapy) https://pubmed.ncbi.nlm.nih.gov/23744572/




6. Hamilton et al – 2012 – Analysis of protease reverse transcriptase genes of HIV antiretroviral drug resistance in Jamaican adults https://pubmed.ncbi.nlm.nih.gov/22049946/"
antiretroviral-drug-resistance,https://williamsandremoh.wixsite.com/jmerg/items-2/antiretroviral-drug-resistance,https://pubmed.ncbi.nlm.nih.gov/22049946/,,"1. GBD 2023 TB HIV Collaborators. (2026) Global, regional, and national burden of tuberculosis and multidrug-resistant tuberculosis by HIV status, 1990-2023: a systematic analysis for the Global Burden of Disease Study 2023. Lancet Infect Dis. 2026 Jul 1:S1473-3099(26)00295-1. https://pubmed.ncbi.nlm.nih.gov/42385762/




2. Collins-Fairclough et al – 2015 – HIV drug resistance surveillance among Jamaican men who have sex with men should be prioritized for reducing HIV transmission (AIDS Research and Human Retroviruses) https://www.liebertpub.com/doi/abs/10.1089/AID.2015.0040




3. Ramkissoon et al – 2015 – Analysis of reverse transcriptase and protease genes of HIV for antiretroviral drug resistance in treatment-exposed Jamaican paediatrics (AIDS Research and Human Retroviruses) https://pubmed.ncbi.nlm.nih.gov/26122980/




4. Amarakoon et al – 2014 – HIV-1 Antiretroviral Drug Resistance in Pregnant Women in Jamaica: A Preliminary Report (West Indian Medical Journal) https://www.mona.uwi.edu/fms/wimj/article/1942




5. Barrow et al – 2013 – HIV-1 drug resistance in treatment-naïve chronically infected patients in Jamaica (Antiviral Therapy) https://pubmed.ncbi.nlm.nih.gov/23744572/




6. Hamilton et al – 2012 – Analysis of protease reverse transcriptase genes of HIV antiretroviral drug resistance in Jamaican adults https://pubmed.ncbi.nlm.nih.gov/22049946/"
antiretroviral-drug-resistance,https://williamsandremoh.wixsite.com/jmerg/items-2/antiretroviral-drug-resistance,https://pubmed.ncbi.nlm.nih.gov/22049946/,https://pubmed.ncbi.nlm.nih.gov/22049946/,"1. GBD 2023 TB HIV Collaborators. (2026) Global, regional, and national burden of tuberculosis and multidrug-resistant tuberculosis by HIV status, 1990-2023: a systematic analysis for the Global Burden of Disease Study 2023. Lancet Infect Dis. 2026 Jul 1:S1473-3099(26)00295-1. https://pubmed.ncbi.nlm.nih.gov/42385762/




2. Collins-Fairclough et al – 2015 – HIV drug resistance surveillance among Jamaican men who have sex with men should be prioritized for reducing HIV transmission (AIDS Research and Human Retroviruses) https://www.liebertpub.com/doi/abs/10.1089/AID.2015.0040




3. Ramkissoon et al – 2015 – Analysis of reverse transcriptase and protease genes of HIV for antiretroviral drug resistance in treatment-exposed Jamaican paediatrics (AIDS Research and Human Retroviruses) https://pubmed.ncbi.nlm.nih.gov/26122980/




4. Amarakoon et al – 2014 – HIV-1 Antiretroviral Drug Resistance in Pregnant Women in Jamaica: A Preliminary Report (West Indian Medical Journal) https://www.mona.uwi.edu/fms/wimj/article/1942




5. Barrow et al – 2013 – HIV-1 drug resistance in treatment-naïve chronically infected patients in Jamaica (Antiviral Therapy) https://pubmed.ncbi.nlm.nih.gov/23744572/




6. Hamilton et al – 2012 – Analysis of protease reverse transcriptase genes of HIV antiretroviral drug resistance in Jamaican adults https://pubmed.ncbi.nlm.nih.gov/22049946/"
antiretroviral-therapy-outcomes,https://williamsandremoh.wixsite.com/jmerg/items-2/antiretroviral-therapy-outcomes,https://pubmed.ncbi.nlm.nih.gov/37235603/,,"1. Jagnarine, T, et. al. (2026). Feasibility and impact of rapid diagnostic screening for opportunistic infections among people with advanced HIV disease in Guyana: a prospective multicentre study. West Indian Medical Journal, 2026, v. 73, p. 51. https://openurl.ebsco.com/EPDB%3Agcd%3A8%3A413896/detailv2?sid=ebsco%3Aplink%3Acrawler-gcd&id=




2. Cushnie et al – 2023 – Trends and factors associated with initiation of HIV treatment among PLHIV in Jamaica, 2015-2019 (PLoS One) https://pubmed.ncbi.nlm.nih.gov/37235603/




3. Cushnie et al – 2021 – HIV program outcomes for Jamaica before and after “Treat All”: A population-based study using the national treatment services database (PLoS One) https://pubmed.ncbi.nlm.nih.gov/34383797/




4. Barrow & Brandeau – 2019 – A modified HIV continuum of care: A six-year evaluation of a viral load cascade at a hospital-based clinic in Kingston, Jamaica (International Journal of STD and AIDS) https://journals.sagepub.com/doi/abs/10.1177/0956462419839514




5. Koenig et al – 2012 – Long-term antiretroviral treatment outcomes in seven countries in the Caribbean (Journal of Acquired Immune Deficiency Syndromes) https://pubmed.ncbi.nlm.nih.gov/22240464/




6. Harvey et al – 2008 – Evaluation of adherence to highly active antiretroviral therapy in adults in Jamaica (West Indian Medical Journal) https://www.mona.uwi.edu/fms/wimj/article/755




7. Williams et al – 2007 – The mean levels of adherence and factors contributing to non-adherence in "
antiretroviral-therapy-outcomes,https://williamsandremoh.wixsite.com/jmerg/items-2/antiretroviral-therapy-outcomes,https://pubmed.ncbi.nlm.nih.gov/37235603/,https://pubmed.ncbi.nlm.nih.gov/37235603/,"1. Jagnarine, T, et. al. (2026). Feasibility and impact of rapid diagnostic screening for opportunistic infections among people with advanced HIV disease in Guyana: a prospective multicentre study. West Indian Medical Journal, 2026, v. 73, p. 51. https://openurl.ebsco.com/EPDB%3Agcd%3A8%3A413896/detailv2?sid=ebsco%3Aplink%3Acrawler-gcd&id=




2. Cushnie et al – 2023 – Trends and factors associated with initiation of HIV treatment among PLHIV in Jamaica, 2015-2019 (PLoS One) https://pubmed.ncbi.nlm.nih.gov/37235603/




3. Cushnie et al – 2021 – HIV program outcomes for Jamaica before and after “Treat All”: A population-based study using the national treatment services database (PLoS One) https://pubmed.ncbi.nlm.nih.gov/34383797/




4. Barrow & Brandeau – 2019 – A modified HIV continuum of care: A six-year evaluation of a viral load cascade at a hospital-based clinic in Kingston, Jamaica (International Journal of STD and AIDS) https://journals.sagepub.com/doi/abs/10.1177/0956462419839514




5. Koenig et al – 2012 – Long-term antiretroviral treatment outcomes in seven countries in the Caribbean (Journal of Acquired Immune Deficiency Syndromes) https://pubmed.ncbi.nlm.nih.gov/22240464/




6. Harvey et al – 2008 – Evaluation of adherence to highly active antiretroviral therapy in adults in Jamaica (West Indian Medical Journal) https://www.mona.uwi.edu/fms/wimj/article/755




7. Williams et al – 2007 – The mean levels of adherence and factors contributing to non-adherence in "
antiretroviral-therapy-outcomes,https://williamsandremoh.wixsite.com/jmerg/items-2/antiretroviral-therapy-outcomes,https://pubmed.ncbi.nlm.nih.gov/34383797/,,"1. Jagnarine, T, et. al. (2026). Feasibility and impact of rapid diagnostic screening for opportunistic infections among people with advanced HIV disease in Guyana: a prospective multicentre study. West Indian Medical Journal, 2026, v. 73, p. 51. https://openurl.ebsco.com/EPDB%3Agcd%3A8%3A413896/detailv2?sid=ebsco%3Aplink%3Acrawler-gcd&id=




2. Cushnie et al – 2023 – Trends and factors associated with initiation of HIV treatment among PLHIV in Jamaica, 2015-2019 (PLoS One) https://pubmed.ncbi.nlm.nih.gov/37235603/




3. Cushnie et al – 2021 – HIV program outcomes for Jamaica before and after “Treat All”: A population-based study using the national treatment services database (PLoS One) https://pubmed.ncbi.nlm.nih.gov/34383797/




4. Barrow & Brandeau – 2019 – A modified HIV continuum of care: A six-year evaluation of a viral load cascade at a hospital-based clinic in Kingston, Jamaica (International Journal of STD and AIDS) https://journals.sagepub.com/doi/abs/10.1177/0956462419839514




5. Koenig et al – 2012 – Long-term antiretroviral treatment outcomes in seven countries in the Caribbean (Journal of Acquired Immune Deficiency Syndromes) https://pubmed.ncbi.nlm.nih.gov/22240464/




6. Harvey et al – 2008 – Evaluation of adherence to highly active antiretroviral therapy in adults in Jamaica (West Indian Medical Journal) https://www.mona.uwi.edu/fms/wimj/article/755




7. Williams et al – 2007 – The mean levels of adherence and factors contributing to non-adherence in "
antiretroviral-therapy-outcomes,https://williamsandremoh.wixsite.com/jmerg/items-2/antiretroviral-therapy-outcomes,https://pubmed.ncbi.nlm.nih.gov/34383797/,https://pubmed.ncbi.nlm.nih.gov/34383797/,"1. Jagnarine, T, et. al. (2026). Feasibility and impact of rapid diagnostic screening for opportunistic infections among people with advanced HIV disease in Guyana: a prospective multicentre study. West Indian Medical Journal, 2026, v. 73, p. 51. https://openurl.ebsco.com/EPDB%3Agcd%3A8%3A413896/detailv2?sid=ebsco%3Aplink%3Acrawler-gcd&id=




2. Cushnie et al – 2023 – Trends and factors associated with initiation of HIV treatment among PLHIV in Jamaica, 2015-2019 (PLoS One) https://pubmed.ncbi.nlm.nih.gov/37235603/




3. Cushnie et al – 2021 – HIV program outcomes for Jamaica before and after “Treat All”: A population-based study using the national treatment services database (PLoS One) https://pubmed.ncbi.nlm.nih.gov/34383797/




4. Barrow & Brandeau – 2019 – A modified HIV continuum of care: A six-year evaluation of a viral load cascade at a hospital-based clinic in Kingston, Jamaica (International Journal of STD and AIDS) https://journals.sagepub.com/doi/abs/10.1177/0956462419839514




5. Koenig et al – 2012 – Long-term antiretroviral treatment outcomes in seven countries in the Caribbean (Journal of Acquired Immune Deficiency Syndromes) https://pubmed.ncbi.nlm.nih.gov/22240464/




6. Harvey et al – 2008 – Evaluation of adherence to highly active antiretroviral therapy in adults in Jamaica (West Indian Medical Journal) https://www.mona.uwi.edu/fms/wimj/article/755




7. Williams et al – 2007 – The mean levels of adherence and factors contributing to non-adherence in "
antiretroviral-therapy-outcomes,https://williamsandremoh.wixsite.com/jmerg/items-2/antiretroviral-therapy-outcomes,https://pubmed.ncbi.nlm.nih.gov/22240464/,,"1. Jagnarine, T, et. al. (2026). Feasibility and impact of rapid diagnostic screening for opportunistic infections among people with advanced HIV disease in Guyana: a prospective multicentre study. West Indian Medical Journal, 2026, v. 73, p. 51. https://openurl.ebsco.com/EPDB%3Agcd%3A8%3A413896/detailv2?sid=ebsco%3Aplink%3Acrawler-gcd&id=




2. Cushnie et al – 2023 – Trends and factors associated with initiation of HIV treatment among PLHIV in Jamaica, 2015-2019 (PLoS One) https://pubmed.ncbi.nlm.nih.gov/37235603/




3. Cushnie et al – 2021 – HIV program outcomes for Jamaica before and after “Treat All”: A population-based study using the national treatment services database (PLoS One) https://pubmed.ncbi.nlm.nih.gov/34383797/




4. Barrow & Brandeau – 2019 – A modified HIV continuum of care: A six-year evaluation of a viral load cascade at a hospital-based clinic in Kingston, Jamaica (International Journal of STD and AIDS) https://journals.sagepub.com/doi/abs/10.1177/0956462419839514




5. Koenig et al – 2012 – Long-term antiretroviral treatment outcomes in seven countries in the Caribbean (Journal of Acquired Immune Deficiency Syndromes) https://pubmed.ncbi.nlm.nih.gov/22240464/




6. Harvey et al – 2008 – Evaluation of adherence to highly active antiretroviral therapy in adults in Jamaica (West Indian Medical Journal) https://www.mona.uwi.edu/fms/wimj/article/755




7. Williams et al – 2007 – The mean levels of adherence and factors contributing to non-adherence in "
antiretroviral-therapy-outcomes,https://williamsandremoh.wixsite.com/jmerg/items-2/antiretroviral-therapy-outcomes,https://pubmed.ncbi.nlm.nih.gov/22240464/,https://pubmed.ncbi.nlm.nih.gov/22240464/,"1. Jagnarine, T, et. al. (2026). Feasibility and impact of rapid diagnostic screening for opportunistic infections among people with advanced HIV disease in Guyana: a prospective multicentre study. West Indian Medical Journal, 2026, v. 73, p. 51. https://openurl.ebsco.com/EPDB%3Agcd%3A8%3A413896/detailv2?sid=ebsco%3Aplink%3Acrawler-gcd&id=




2. Cushnie et al – 2023 – Trends and factors associated with initiation of HIV treatment among PLHIV in Jamaica, 2015-2019 (PLoS One) https://pubmed.ncbi.nlm.nih.gov/37235603/




3. Cushnie et al – 2021 – HIV program outcomes for Jamaica before and after “Treat All”: A population-based study using the national treatment services database (PLoS One) https://pubmed.ncbi.nlm.nih.gov/34383797/




4. Barrow & Brandeau – 2019 – A modified HIV continuum of care: A six-year evaluation of a viral load cascade at a hospital-based clinic in Kingston, Jamaica (International Journal of STD and AIDS) https://journals.sagepub.com/doi/abs/10.1177/0956462419839514




5. Koenig et al – 2012 – Long-term antiretroviral treatment outcomes in seven countries in the Caribbean (Journal of Acquired Immune Deficiency Syndromes) https://pubmed.ncbi.nlm.nih.gov/22240464/




6. Harvey et al – 2008 – Evaluation of adherence to highly active antiretroviral therapy in adults in Jamaica (West Indian Medical Journal) https://www.mona.uwi.edu/fms/wimj/article/755




7. Williams et al – 2007 – The mean levels of adherence and factors contributing to non-adherence in "
coinfection-and-communicable-diseases,https://williamsandremoh.wixsite.com/jmerg/items-2/coinfection-and-communicable-diseases,https://pubmed.ncbi.nlm.nih.gov/42453835/,,"1. Abdelhamid D, Arsh H, Lak MA, Assaker A, Khan S. Beyond the Skin: Chylous Pleural Effusion Complicating HIV-Associated Kaposi Sarcoma. Cureus. 2026 Jun 14;18(6):e110840. https://pubmed.ncbi.nlm.nih.gov/42453835/




2. de Jong HK, Grobusch MP. Zika virus: an overview update. Curr Opin HIV AIDS. 2025 May 1;20(3):294-302. https://pubmed.ncbi.nlm.nih.gov/40048580/




3. Pellegrino RA, et. al. (2025). Incidence and outcomes of anal and cervical cancer among adults with HIV in Latin America: a retrospective cohort study. J Int AIDS Soc. 2025 Oct;28(10):e70050. https://pubmed.ncbi.nlm.nih.gov/41074705/




4. Price et al – 2017 – Prevalence of chronic kidney disease among patients attending an HIV outpatient clinic in Kingston Jamaica. (West Indian Medical Journal) https://www.mona.uwi.edu/fms/wimj/article/3608




5. Barrow et al – 2010 – An analysis of three opportunistic infections in an outpatient HIV clinic in Jamaica. (West Indian Medical Journal) https://www.mona.uwi.edu/fms/wimj/article/1270




6. Gatei et al – 2008 – Unique cryptosporidium population in HIV infected persons, Jamaica (Emerging Infectious Diseases https://www.ncbi.nlm.nih.gov/pmc/articles/PMC2600223/




7. Singh-Minott et al – 2008 – Isoniazid-resistant disseminated Mycobacterium tuberculosis in a Jamaican infant with HIV/AIDS (West Indian Medical Journal) https://www.mona.uwi.edu/fms/wimj/article/756




8. Thompson et al – 2008 – The prevalence of mucocutaneous disorders among HIV-positive persons at"
coinfection-and-communicable-diseases,https://williamsandremoh.wixsite.com/jmerg/items-2/coinfection-and-communicable-diseases,https://pubmed.ncbi.nlm.nih.gov/42453835/,https://pubmed.ncbi.nlm.nih.gov/42453835/,"1. Abdelhamid D, Arsh H, Lak MA, Assaker A, Khan S. Beyond the Skin: Chylous Pleural Effusion Complicating HIV-Associated Kaposi Sarcoma. Cureus. 2026 Jun 14;18(6):e110840. https://pubmed.ncbi.nlm.nih.gov/42453835/




2. de Jong HK, Grobusch MP. Zika virus: an overview update. Curr Opin HIV AIDS. 2025 May 1;20(3):294-302. https://pubmed.ncbi.nlm.nih.gov/40048580/




3. Pellegrino RA, et. al. (2025). Incidence and outcomes of anal and cervical cancer among adults with HIV in Latin America: a retrospective cohort study. J Int AIDS Soc. 2025 Oct;28(10):e70050. https://pubmed.ncbi.nlm.nih.gov/41074705/




4. Price et al – 2017 – Prevalence of chronic kidney disease among patients attending an HIV outpatient clinic in Kingston Jamaica. (West Indian Medical Journal) https://www.mona.uwi.edu/fms/wimj/article/3608




5. Barrow et al – 2010 – An analysis of three opportunistic infections in an outpatient HIV clinic in Jamaica. (West Indian Medical Journal) https://www.mona.uwi.edu/fms/wimj/article/1270




6. Gatei et al – 2008 – Unique cryptosporidium population in HIV infected persons, Jamaica (Emerging Infectious Diseases https://www.ncbi.nlm.nih.gov/pmc/articles/PMC2600223/




7. Singh-Minott et al – 2008 – Isoniazid-resistant disseminated Mycobacterium tuberculosis in a Jamaican infant with HIV/AIDS (West Indian Medical Journal) https://www.mona.uwi.edu/fms/wimj/article/756




8. Thompson et al – 2008 – The prevalence of mucocutaneous disorders among HIV-positive persons at"
coinfection-and-communicable-diseases,https://williamsandremoh.wixsite.com/jmerg/items-2/coinfection-and-communicable-diseases,https://pubmed.ncbi.nlm.nih.gov/40048580/,,"1. Abdelhamid D, Arsh H, Lak MA, Assaker A, Khan S. Beyond the Skin: Chylous Pleural Effusion Complicating HIV-Associated Kaposi Sarcoma. Cureus. 2026 Jun 14;18(6):e110840. https://pubmed.ncbi.nlm.nih.gov/42453835/




2. de Jong HK, Grobusch MP. Zika virus: an overview update. Curr Opin HIV AIDS. 2025 May 1;20(3):294-302. https://pubmed.ncbi.nlm.nih.gov/40048580/




3. Pellegrino RA, et. al. (2025). Incidence and outcomes of anal and cervical cancer among adults with HIV in Latin America: a retrospective cohort study. J Int AIDS Soc. 2025 Oct;28(10):e70050. https://pubmed.ncbi.nlm.nih.gov/41074705/




4. Price et al – 2017 – Prevalence of chronic kidney disease among patients attending an HIV outpatient clinic in Kingston Jamaica. (West Indian Medical Journal) https://www.mona.uwi.edu/fms/wimj/article/3608




5. Barrow et al – 2010 – An analysis of three opportunistic infections in an outpatient HIV clinic in Jamaica. (West Indian Medical Journal) https://www.mona.uwi.edu/fms/wimj/article/1270




6. Gatei et al – 2008 – Unique cryptosporidium population in HIV infected persons, Jamaica (Emerging Infectious Diseases https://www.ncbi.nlm.nih.gov/pmc/articles/PMC2600223/




7. Singh-Minott et al – 2008 – Isoniazid-resistant disseminated Mycobacterium tuberculosis in a Jamaican infant with HIV/AIDS (West Indian Medical Journal) https://www.mona.uwi.edu/fms/wimj/article/756




8. Thompson et al – 2008 – The prevalence of mucocutaneous disorders among HIV-positive persons at"
coinfection-and-communicable-diseases,https://williamsandremoh.wixsite.com/jmerg/items-2/coinfection-and-communicable-diseases,https://pubmed.ncbi.nlm.nih.gov/40048580/,https://pubmed.ncbi.nlm.nih.gov/40048580/,"1. Abdelhamid D, Arsh H, Lak MA, Assaker A, Khan S. Beyond the Skin: Chylous Pleural Effusion Complicating HIV-Associated Kaposi Sarcoma. Cureus. 2026 Jun 14;18(6):e110840. https://pubmed.ncbi.nlm.nih.gov/42453835/




2. de Jong HK, Grobusch MP. Zika virus: an overview update. Curr Opin HIV AIDS. 2025 May 1;20(3):294-302. https://pubmed.ncbi.nlm.nih.gov/40048580/




3. Pellegrino RA, et. al. (2025). Incidence and outcomes of anal and cervical cancer among adults with HIV in Latin America: a retrospective cohort study. J Int AIDS Soc. 2025 Oct;28(10):e70050. https://pubmed.ncbi.nlm.nih.gov/41074705/




4. Price et al – 2017 – Prevalence of chronic kidney disease among patients attending an HIV outpatient clinic in Kingston Jamaica. (West Indian Medical Journal) https://www.mona.uwi.edu/fms/wimj/article/3608




5. Barrow et al – 2010 – An analysis of three opportunistic infections in an outpatient HIV clinic in Jamaica. (West Indian Medical Journal) https://www.mona.uwi.edu/fms/wimj/article/1270




6. Gatei et al – 2008 – Unique cryptosporidium population in HIV infected persons, Jamaica (Emerging Infectious Diseases https://www.ncbi.nlm.nih.gov/pmc/articles/PMC2600223/




7. Singh-Minott et al – 2008 – Isoniazid-resistant disseminated Mycobacterium tuberculosis in a Jamaican infant with HIV/AIDS (West Indian Medical Journal) https://www.mona.uwi.edu/fms/wimj/article/756




8. Thompson et al – 2008 – The prevalence of mucocutaneous disorders among HIV-positive persons at"
coinfection-and-communicable-diseases,https://williamsandremoh.wixsite.com/jmerg/items-2/coinfection-and-communicable-diseases,https://pubmed.ncbi.nlm.nih.gov/41074705/,,"1. Abdelhamid D, Arsh H, Lak MA, Assaker A, Khan S. Beyond the Skin: Chylous Pleural Effusion Complicating HIV-Associated Kaposi Sarcoma. Cureus. 2026 Jun 14;18(6):e110840. https://pubmed.ncbi.nlm.nih.gov/42453835/




2. de Jong HK, Grobusch MP. Zika virus: an overview update. Curr Opin HIV AIDS. 2025 May 1;20(3):294-302. https://pubmed.ncbi.nlm.nih.gov/40048580/




3. Pellegrino RA, et. al. (2025). Incidence and outcomes of anal and cervical cancer among adults with HIV in Latin America: a retrospective cohort study. J Int AIDS Soc. 2025 Oct;28(10):e70050. https://pubmed.ncbi.nlm.nih.gov/41074705/




4. Price et al – 2017 – Prevalence of chronic kidney disease among patients attending an HIV outpatient clinic in Kingston Jamaica. (West Indian Medical Journal) https://www.mona.uwi.edu/fms/wimj/article/3608




5. Barrow et al – 2010 – An analysis of three opportunistic infections in an outpatient HIV clinic in Jamaica. (West Indian Medical Journal) https://www.mona.uwi.edu/fms/wimj/article/1270




6. Gatei et al – 2008 – Unique cryptosporidium population in HIV infected persons, Jamaica (Emerging Infectious Diseases https://www.ncbi.nlm.nih.gov/pmc/articles/PMC2600223/




7. Singh-Minott et al – 2008 – Isoniazid-resistant disseminated Mycobacterium tuberculosis in a Jamaican infant with HIV/AIDS (West Indian Medical Journal) https://www.mona.uwi.edu/fms/wimj/article/756




8. Thompson et al – 2008 – The prevalence of mucocutaneous disorders among HIV-positive persons at"
coinfection-and-communicable-diseases,https://williamsandremoh.wixsite.com/jmerg/items-2/coinfection-and-communicable-diseases,https://pubmed.ncbi.nlm.nih.gov/41074705/,https://pubmed.ncbi.nlm.nih.gov/41074705/,"1. Abdelhamid D, Arsh H, Lak MA, Assaker A, Khan S. Beyond the Skin: Chylous Pleural Effusion Complicating HIV-Associated Kaposi Sarcoma. Cureus. 2026 Jun 14;18(6):e110840. https://pubmed.ncbi.nlm.nih.gov/42453835/




2. de Jong HK, Grobusch MP. Zika virus: an overview update. Curr Opin HIV AIDS. 2025 May 1;20(3):294-302. https://pubmed.ncbi.nlm.nih.gov/40048580/




3. Pellegrino RA, et. al. (2025). Incidence and outcomes of anal and cervical cancer among adults with HIV in Latin America: a retrospective cohort study. J Int AIDS Soc. 2025 Oct;28(10):e70050. https://pubmed.ncbi.nlm.nih.gov/41074705/




4. Price et al – 2017 – Prevalence of chronic kidney disease among patients attending an HIV outpatient clinic in Kingston Jamaica. (West Indian Medical Journal) https://www.mona.uwi.edu/fms/wimj/article/3608




5. Barrow et al – 2010 – An analysis of three opportunistic infections in an outpatient HIV clinic in Jamaica. (West Indian Medical Journal) https://www.mona.uwi.edu/fms/wimj/article/1270




6. Gatei et al – 2008 – Unique cryptosporidium population in HIV infected persons, Jamaica (Emerging Infectious Diseases https://www.ncbi.nlm.nih.gov/pmc/articles/PMC2600223/




7. Singh-Minott et al – 2008 – Isoniazid-resistant disseminated Mycobacterium tuberculosis in a Jamaican infant with HIV/AIDS (West Indian Medical Journal) https://www.mona.uwi.edu/fms/wimj/article/756




8. Thompson et al – 2008 – The prevalence of mucocutaneous disorders among HIV-positive persons at"
coinfection-and-communicable-diseases,https://williamsandremoh.wixsite.com/jmerg/items-2/coinfection-and-communicable-diseases,https://pubmed.ncbi.nlm.nih.gov/16536937/,,"1. Abdelhamid D, Arsh H, Lak MA, Assaker A, Khan S. Beyond the Skin: Chylous Pleural Effusion Complicating HIV-Associated Kaposi Sarcoma. Cureus. 2026 Jun 14;18(6):e110840. https://pubmed.ncbi.nlm.nih.gov/42453835/




2. de Jong HK, Grobusch MP. Zika virus: an overview update. Curr Opin HIV AIDS. 2025 May 1;20(3):294-302. https://pubmed.ncbi.nlm.nih.gov/40048580/




3. Pellegrino RA, et. al. (2025). Incidence and outcomes of anal and cervical cancer among adults with HIV in Latin America: a retrospective cohort study. J Int AIDS Soc. 2025 Oct;28(10):e70050. https://pubmed.ncbi.nlm.nih.gov/41074705/




4. Price et al – 2017 – Prevalence of chronic kidney disease among patients attending an HIV outpatient clinic in Kingston Jamaica. (West Indian Medical Journal) https://www.mona.uwi.edu/fms/wimj/article/3608




5. Barrow et al – 2010 – An analysis of three opportunistic infections in an outpatient HIV clinic in Jamaica. (West Indian Medical Journal) https://www.mona.uwi.edu/fms/wimj/article/1270




6. Gatei et al – 2008 – Unique cryptosporidium population in HIV infected persons, Jamaica (Emerging Infectious Diseases https://www.ncbi.nlm.nih.gov/pmc/articles/PMC2600223/




7. Singh-Minott et al – 2008 – Isoniazid-resistant disseminated Mycobacterium tuberculosis in a Jamaican infant with HIV/AIDS (West Indian Medical Journal) https://www.mona.uwi.edu/fms/wimj/article/756




8. Thompson et al – 2008 – The prevalence of mucocutaneous disorders among HIV-positive persons at"
coinfection-and-communicable-diseases,https://williamsandremoh.wixsite.com/jmerg/items-2/coinfection-and-communicable-diseases,https://pubmed.ncbi.nlm.nih.gov/16536937/,https://pubmed.ncbi.nlm.nih.gov/16536937/,"1. Abdelhamid D, Arsh H, Lak MA, Assaker A, Khan S. Beyond the Skin: Chylous Pleural Effusion Complicating HIV-Associated Kaposi Sarcoma. Cureus. 2026 Jun 14;18(6):e110840. https://pubmed.ncbi.nlm.nih.gov/42453835/




2. de Jong HK, Grobusch MP. Zika virus: an overview update. Curr Opin HIV AIDS. 2025 May 1;20(3):294-302. https://pubmed.ncbi.nlm.nih.gov/40048580/




3. Pellegrino RA, et. al. (2025). Incidence and outcomes of anal and cervical cancer among adults with HIV in Latin America: a retrospective cohort study. J Int AIDS Soc. 2025 Oct;28(10):e70050. https://pubmed.ncbi.nlm.nih.gov/41074705/




4. Price et al – 2017 – Prevalence of chronic kidney disease among patients attending an HIV outpatient clinic in Kingston Jamaica. (West Indian Medical Journal) https://www.mona.uwi.edu/fms/wimj/article/3608




5. Barrow et al – 2010 – An analysis of three opportunistic infections in an outpatient HIV clinic in Jamaica. (West Indian Medical Journal) https://www.mona.uwi.edu/fms/wimj/article/1270




6. Gatei et al – 2008 – Unique cryptosporidium population in HIV infected persons, Jamaica (Emerging Infectious Diseases https://www.ncbi.nlm.nih.gov/pmc/articles/PMC2600223/




7. Singh-Minott et al – 2008 – Isoniazid-resistant disseminated Mycobacterium tuberculosis in a Jamaican infant with HIV/AIDS (West Indian Medical Journal) https://www.mona.uwi.edu/fms/wimj/article/756




8. Thompson et al – 2008 – The prevalence of mucocutaneous disorders among HIV-positive persons at"
coinfection-and-communicable-diseases,https://williamsandremoh.wixsite.com/jmerg/items-2/coinfection-and-communicable-diseases,https://pubmed.ncbi.nlm.nih.gov/15675501/,,"1. Abdelhamid D, Arsh H, Lak MA, Assaker A, Khan S. Beyond the Skin: Chylous Pleural Effusion Complicating HIV-Associated Kaposi Sarcoma. Cureus. 2026 Jun 14;18(6):e110840. https://pubmed.ncbi.nlm.nih.gov/42453835/




2. de Jong HK, Grobusch MP. Zika virus: an overview update. Curr Opin HIV AIDS. 2025 May 1;20(3):294-302. https://pubmed.ncbi.nlm.nih.gov/40048580/




3. Pellegrino RA, et. al. (2025). Incidence and outcomes of anal and cervical cancer among adults with HIV in Latin America: a retrospective cohort study. J Int AIDS Soc. 2025 Oct;28(10):e70050. https://pubmed.ncbi.nlm.nih.gov/41074705/




4. Price et al – 2017 – Prevalence of chronic kidney disease among patients attending an HIV outpatient clinic in Kingston Jamaica. (West Indian Medical Journal) https://www.mona.uwi.edu/fms/wimj/article/3608




5. Barrow et al – 2010 – An analysis of three opportunistic infections in an outpatient HIV clinic in Jamaica. (West Indian Medical Journal) https://www.mona.uwi.edu/fms/wimj/article/1270




6. Gatei et al – 2008 – Unique cryptosporidium population in HIV infected persons, Jamaica (Emerging Infectious Diseases https://www.ncbi.nlm.nih.gov/pmc/articles/PMC2600223/




7. Singh-Minott et al – 2008 – Isoniazid-resistant disseminated Mycobacterium tuberculosis in a Jamaican infant with HIV/AIDS (West Indian Medical Journal) https://www.mona.uwi.edu/fms/wimj/article/756




8. Thompson et al – 2008 – The prevalence of mucocutaneous disorders among HIV-positive persons at"
coinfection-and-communicable-diseases,https://williamsandremoh.wixsite.com/jmerg/items-2/coinfection-and-communicable-diseases,https://pubmed.ncbi.nlm.nih.gov/15675501/,https://pubmed.ncbi.nlm.nih.gov/15675501/,"1. Abdelhamid D, Arsh H, Lak MA, Assaker A, Khan S. Beyond the Skin: Chylous Pleural Effusion Complicating HIV-Associated Kaposi Sarcoma. Cureus. 2026 Jun 14;18(6):e110840. https://pubmed.ncbi.nlm.nih.gov/42453835/




2. de Jong HK, Grobusch MP. Zika virus: an overview update. Curr Opin HIV AIDS. 2025 May 1;20(3):294-302. https://pubmed.ncbi.nlm.nih.gov/40048580/




3. Pellegrino RA, et. al. (2025). Incidence and outcomes of anal and cervical cancer among adults with HIV in Latin America: a retrospective cohort study. J Int AIDS Soc. 2025 Oct;28(10):e70050. https://pubmed.ncbi.nlm.nih.gov/41074705/




4. Price et al – 2017 – Prevalence of chronic kidney disease among patients attending an HIV outpatient clinic in Kingston Jamaica. (West Indian Medical Journal) https://www.mona.uwi.edu/fms/wimj/article/3608




5. Barrow et al – 2010 – An analysis of three opportunistic infections in an outpatient HIV clinic in Jamaica. (West Indian Medical Journal) https://www.mona.uwi.edu/fms/wimj/article/1270




6. Gatei et al – 2008 – Unique cryptosporidium population in HIV infected persons, Jamaica (Emerging Infectious Diseases https://www.ncbi.nlm.nih.gov/pmc/articles/PMC2600223/




7. Singh-Minott et al – 2008 – Isoniazid-resistant disseminated Mycobacterium tuberculosis in a Jamaican infant with HIV/AIDS (West Indian Medical Journal) https://www.mona.uwi.edu/fms/wimj/article/756




8. Thompson et al – 2008 – The prevalence of mucocutaneous disorders among HIV-positive persons at"
coinfection-and-communicable-diseases,https://williamsandremoh.wixsite.com/jmerg/items-2/coinfection-and-communicable-diseases,https://pubmed.ncbi.nlm.nih.gov/9257658/,,"1. Abdelhamid D, Arsh H, Lak MA, Assaker A, Khan S. Beyond the Skin: Chylous Pleural Effusion Complicating HIV-Associated Kaposi Sarcoma. Cureus. 2026 Jun 14;18(6):e110840. https://pubmed.ncbi.nlm.nih.gov/42453835/




2. de Jong HK, Grobusch MP. Zika virus: an overview update. Curr Opin HIV AIDS. 2025 May 1;20(3):294-302. https://pubmed.ncbi.nlm.nih.gov/40048580/




3. Pellegrino RA, et. al. (2025). Incidence and outcomes of anal and cervical cancer among adults with HIV in Latin America: a retrospective cohort study. J Int AIDS Soc. 2025 Oct;28(10):e70050. https://pubmed.ncbi.nlm.nih.gov/41074705/




4. Price et al – 2017 – Prevalence of chronic kidney disease among patients attending an HIV outpatient clinic in Kingston Jamaica. (West Indian Medical Journal) https://www.mona.uwi.edu/fms/wimj/article/3608




5. Barrow et al – 2010 – An analysis of three opportunistic infections in an outpatient HIV clinic in Jamaica. (West Indian Medical Journal) https://www.mona.uwi.edu/fms/wimj/article/1270




6. Gatei et al – 2008 – Unique cryptosporidium population in HIV infected persons, Jamaica (Emerging Infectious Diseases https://www.ncbi.nlm.nih.gov/pmc/articles/PMC2600223/




7. Singh-Minott et al – 2008 – Isoniazid-resistant disseminated Mycobacterium tuberculosis in a Jamaican infant with HIV/AIDS (West Indian Medical Journal) https://www.mona.uwi.edu/fms/wimj/article/756




8. Thompson et al – 2008 – The prevalence of mucocutaneous disorders among HIV-positive persons at"
coinfection-and-communicable-diseases,https://williamsandremoh.wixsite.com/jmerg/items-2/coinfection-and-communicable-diseases,https://pubmed.ncbi.nlm.nih.gov/9257658/,https://pubmed.ncbi.nlm.nih.gov/9257658/,"1. Abdelhamid D, Arsh H, Lak MA, Assaker A, Khan S. Beyond the Skin: Chylous Pleural Effusion Complicating HIV-Associated Kaposi Sarcoma. Cureus. 2026 Jun 14;18(6):e110840. https://pubmed.ncbi.nlm.nih.gov/42453835/




2. de Jong HK, Grobusch MP. Zika virus: an overview update. Curr Opin HIV AIDS. 2025 May 1;20(3):294-302. https://pubmed.ncbi.nlm.nih.gov/40048580/




3. Pellegrino RA, et. al. (2025). Incidence and outcomes of anal and cervical cancer among adults with HIV in Latin America: a retrospective cohort study. J Int AIDS Soc. 2025 Oct;28(10):e70050. https://pubmed.ncbi.nlm.nih.gov/41074705/




4. Price et al – 2017 – Prevalence of chronic kidney disease among patients attending an HIV outpatient clinic in Kingston Jamaica. (West Indian Medical Journal) https://www.mona.uwi.edu/fms/wimj/article/3608




5. Barrow et al – 2010 – An analysis of three opportunistic infections in an outpatient HIV clinic in Jamaica. (West Indian Medical Journal) https://www.mona.uwi.edu/fms/wimj/article/1270




6. Gatei et al – 2008 – Unique cryptosporidium population in HIV infected persons, Jamaica (Emerging Infectious Diseases https://www.ncbi.nlm.nih.gov/pmc/articles/PMC2600223/




7. Singh-Minott et al – 2008 – Isoniazid-resistant disseminated Mycobacterium tuberculosis in a Jamaican infant with HIV/AIDS (West Indian Medical Journal) https://www.mona.uwi.edu/fms/wimj/article/756




8. Thompson et al – 2008 – The prevalence of mucocutaneous disorders among HIV-positive persons at"
epidemiology-of-hiv-in-jamaica,https://williamsandremoh.wixsite.com/jmerg/items-2/epidemiology-of-hiv-in-jamaica,https://pubmed.ncbi.nlm.nih.gov/42502244/,https://pubmed.ncbi.nlm.nih.gov/42502244/,"1. Castilho JL, (2026). The Caribbean, Central and South America Network for HIV Epidemiology: 20 Years of HIV Research in the Region. J Int AIDS Soc. 2026 Jul;29 Suppl 3(Suppl 3):e70169 

https://pubmed.ncbi.nlm.nih.gov/42502244/




2. Teran-Pacheco SP et. al. (2026). Evolving Trends in Late HIV Diagnosis: Increasing Frequency but Improved Survival and Reduced Opportunistic Infections in a 10-Year Hospital-Based Cohort. Inquiry. 2026 Jan-Dec;63:469580261456918 

https://pubmed.ncbi.nlm.nih.gov/42281294/




3. Garollo Piran CM, et. al. (2025). Target 95-95-95 during childhood and pre-adolescence in Latin America and the Caribbean. Rev Cuid. 2025 Apr 11;16(1):e4186 

https://pubmed.ncbi.nlm.nih.gov/40529950/




4. Knaul FM, et. al. (2025). The evolution of serious health-related suffering from 1990 to 2021: an update to The Lancet Commission on global access to palliative care and pain relief. Lancet Glob Health. 2025 Mar;13(3):e422-e436. 

https://pubmed.ncbi.nlm.nih.gov/40021301/




5. Jamaica Modes of Transmission Working Group and Expert Group – 2012 – HIV modes of transmission model: Distribution of new HIV infections in Jamaica for 2012 

https://www.academia.edu/download/29331446/hiv_modes_of_transmission_model.pdf




6. Roye et al – 2011 – Genotypic characterization of HIV type 1 in Jamaica (AIDS Research and Human Retroviruses) 

https://pubmed.ncbi.nlm.nih.gov/20929350/




7. Duncan et al – 2010 – Sociodemographics and clinical presentation of HIV in Jamaica ov"
epidemiology-of-hiv-in-jamaica,https://williamsandremoh.wixsite.com/jmerg/items-2/epidemiology-of-hiv-in-jamaica,https://pubmed.ncbi.nlm.nih.gov/42281294/,https://pubmed.ncbi.nlm.nih.gov/42281294/,"1. Castilho JL, (2026). The Caribbean, Central and South America Network for HIV Epidemiology: 20 Years of HIV Research in the Region. J Int AIDS Soc. 2026 Jul;29 Suppl 3(Suppl 3):e70169 

https://pubmed.ncbi.nlm.nih.gov/42502244/




2. Teran-Pacheco SP et. al. (2026). Evolving Trends in Late HIV Diagnosis: Increasing Frequency but Improved Survival and Reduced Opportunistic Infections in a 10-Year Hospital-Based Cohort. Inquiry. 2026 Jan-Dec;63:469580261456918 

https://pubmed.ncbi.nlm.nih.gov/42281294/




3. Garollo Piran CM, et. al. (2025). Target 95-95-95 during childhood and pre-adolescence in Latin America and the Caribbean. Rev Cuid. 2025 Apr 11;16(1):e4186 

https://pubmed.ncbi.nlm.nih.gov/40529950/




4. Knaul FM, et. al. (2025). The evolution of serious health-related suffering from 1990 to 2021: an update to The Lancet Commission on global access to palliative care and pain relief. Lancet Glob Health. 2025 Mar;13(3):e422-e436. 

https://pubmed.ncbi.nlm.nih.gov/40021301/




5. Jamaica Modes of Transmission Working Group and Expert Group – 2012 – HIV modes of transmission model: Distribution of new HIV infections in Jamaica for 2012 

https://www.academia.edu/download/29331446/hiv_modes_of_transmission_model.pdf




6. Roye et al – 2011 – Genotypic characterization of HIV type 1 in Jamaica (AIDS Research and Human Retroviruses) 

https://pubmed.ncbi.nlm.nih.gov/20929350/




7. Duncan et al – 2010 – Sociodemographics and clinical presentation of HIV in Jamaica ov"
epidemiology-of-hiv-in-jamaica,https://williamsandremoh.wixsite.com/jmerg/items-2/epidemiology-of-hiv-in-jamaica,https://pubmed.ncbi.nlm.nih.gov/40529950/,https://pubmed.ncbi.nlm.nih.gov/40529950/,"1. Castilho JL, (2026). The Caribbean, Central and South America Network for HIV Epidemiology: 20 Years of HIV Research in the Region. J Int AIDS Soc. 2026 Jul;29 Suppl 3(Suppl 3):e70169 

https://pubmed.ncbi.nlm.nih.gov/42502244/




2. Teran-Pacheco SP et. al. (2026). Evolving Trends in Late HIV Diagnosis: Increasing Frequency but Improved Survival and Reduced Opportunistic Infections in a 10-Year Hospital-Based Cohort. Inquiry. 2026 Jan-Dec;63:469580261456918 

https://pubmed.ncbi.nlm.nih.gov/42281294/




3. Garollo Piran CM, et. al. (2025). Target 95-95-95 during childhood and pre-adolescence in Latin America and the Caribbean. Rev Cuid. 2025 Apr 11;16(1):e4186 

https://pubmed.ncbi.nlm.nih.gov/40529950/




4. Knaul FM, et. al. (2025). The evolution of serious health-related suffering from 1990 to 2021: an update to The Lancet Commission on global access to palliative care and pain relief. Lancet Glob Health. 2025 Mar;13(3):e422-e436. 

https://pubmed.ncbi.nlm.nih.gov/40021301/




5. Jamaica Modes of Transmission Working Group and Expert Group – 2012 – HIV modes of transmission model: Distribution of new HIV infections in Jamaica for 2012 

https://www.academia.edu/download/29331446/hiv_modes_of_transmission_model.pdf




6. Roye et al – 2011 – Genotypic characterization of HIV type 1 in Jamaica (AIDS Research and Human Retroviruses) 

https://pubmed.ncbi.nlm.nih.gov/20929350/




7. Duncan et al – 2010 – Sociodemographics and clinical presentation of HIV in Jamaica ov"
epidemiology-of-hiv-in-jamaica,https://williamsandremoh.wixsite.com/jmerg/items-2/epidemiology-of-hiv-in-jamaica,https://pubmed.ncbi.nlm.nih.gov/40021301/,https://pubmed.ncbi.nlm.nih.gov/40021301/,"1. Castilho JL, (2026). The Caribbean, Central and South America Network for HIV Epidemiology: 20 Years of HIV Research in the Region. J Int AIDS Soc. 2026 Jul;29 Suppl 3(Suppl 3):e70169 

https://pubmed.ncbi.nlm.nih.gov/42502244/




2. Teran-Pacheco SP et. al. (2026). Evolving Trends in Late HIV Diagnosis: Increasing Frequency but Improved Survival and Reduced Opportunistic Infections in a 10-Year Hospital-Based Cohort. Inquiry. 2026 Jan-Dec;63:469580261456918 

https://pubmed.ncbi.nlm.nih.gov/42281294/




3. Garollo Piran CM, et. al. (2025). Target 95-95-95 during childhood and pre-adolescence in Latin America and the Caribbean. Rev Cuid. 2025 Apr 11;16(1):e4186 

https://pubmed.ncbi.nlm.nih.gov/40529950/




4. Knaul FM, et. al. (2025). The evolution of serious health-related suffering from 1990 to 2021: an update to The Lancet Commission on global access to palliative care and pain relief. Lancet Glob Health. 2025 Mar;13(3):e422-e436. 

https://pubmed.ncbi.nlm.nih.gov/40021301/




5. Jamaica Modes of Transmission Working Group and Expert Group – 2012 – HIV modes of transmission model: Distribution of new HIV infections in Jamaica for 2012 

https://www.academia.edu/download/29331446/hiv_modes_of_transmission_model.pdf




6. Roye et al – 2011 – Genotypic characterization of HIV type 1 in Jamaica (AIDS Research and Human Retroviruses) 

https://pubmed.ncbi.nlm.nih.gov/20929350/




7. Duncan et al – 2010 – Sociodemographics and clinical presentation of HIV in Jamaica ov"
epidemiology-of-hiv-in-jamaica,https://williamsandremoh.wixsite.com/jmerg/items-2/epidemiology-of-hiv-in-jamaica,https://www.academia.edu/download/29331446/hiv_modes_of_transmission_model.pdf,https://www.academia.edu/download/29331446/hiv_modes_of_transmission_model.pdf,"1. Castilho JL, (2026). The Caribbean, Central and South America Network for HIV Epidemiology: 20 Years of HIV Research in the Region. J Int AIDS Soc. 2026 Jul;29 Suppl 3(Suppl 3):e70169 

https://pubmed.ncbi.nlm.nih.gov/42502244/




2. Teran-Pacheco SP et. al. (2026). Evolving Trends in Late HIV Diagnosis: Increasing Frequency but Improved Survival and Reduced Opportunistic Infections in a 10-Year Hospital-Based Cohort. Inquiry. 2026 Jan-Dec;63:469580261456918 

https://pubmed.ncbi.nlm.nih.gov/42281294/




3. Garollo Piran CM, et. al. (2025). Target 95-95-95 during childhood and pre-adolescence in Latin America and the Caribbean. Rev Cuid. 2025 Apr 11;16(1):e4186 

https://pubmed.ncbi.nlm.nih.gov/40529950/




4. Knaul FM, et. al. (2025). The evolution of serious health-related suffering from 1990 to 2021: an update to The Lancet Commission on global access to palliative care and pain relief. Lancet Glob Health. 2025 Mar;13(3):e422-e436. 

https://pubmed.ncbi.nlm.nih.gov/40021301/




5. Jamaica Modes of Transmission Working Group and Expert Group – 2012 – HIV modes of transmission model: Distribution of new HIV infections in Jamaica for 2012 

https://www.academia.edu/download/29331446/hiv_modes_of_transmission_model.pdf




6. Roye et al – 2011 – Genotypic characterization of HIV type 1 in Jamaica (AIDS Research and Human Retroviruses) 

https://pubmed.ncbi.nlm.nih.gov/20929350/




7. Duncan et al – 2010 – Sociodemographics and clinical presentation of HIV in Jamaica ov"
epidemiology-of-hiv-in-jamaica,https://williamsandremoh.wixsite.com/jmerg/items-2/epidemiology-of-hiv-in-jamaica,https://pubmed.ncbi.nlm.nih.gov/20929350/,https://pubmed.ncbi.nlm.nih.gov/20929350/,"1. Castilho JL, (2026). The Caribbean, Central and South America Network for HIV Epidemiology: 20 Years of HIV Research in the Region. J Int AIDS Soc. 2026 Jul;29 Suppl 3(Suppl 3):e70169 

https://pubmed.ncbi.nlm.nih.gov/42502244/




2. Teran-Pacheco SP et. al. (2026). Evolving Trends in Late HIV Diagnosis: Increasing Frequency but Improved Survival and Reduced Opportunistic Infections in a 10-Year Hospital-Based Cohort. Inquiry. 2026 Jan-Dec;63:469580261456918 

https://pubmed.ncbi.nlm.nih.gov/42281294/




3. Garollo Piran CM, et. al. (2025). Target 95-95-95 during childhood and pre-adolescence in Latin America and the Caribbean. Rev Cuid. 2025 Apr 11;16(1):e4186 

https://pubmed.ncbi.nlm.nih.gov/40529950/




4. Knaul FM, et. al. (2025). The evolution of serious health-related suffering from 1990 to 2021: an update to The Lancet Commission on global access to palliative care and pain relief. Lancet Glob Health. 2025 Mar;13(3):e422-e436. 

https://pubmed.ncbi.nlm.nih.gov/40021301/




5. Jamaica Modes of Transmission Working Group and Expert Group – 2012 – HIV modes of transmission model: Distribution of new HIV infections in Jamaica for 2012 

https://www.academia.edu/download/29331446/hiv_modes_of_transmission_model.pdf




6. Roye et al – 2011 – Genotypic characterization of HIV type 1 in Jamaica (AIDS Research and Human Retroviruses) 

https://pubmed.ncbi.nlm.nih.gov/20929350/




7. Duncan et al – 2010 – Sociodemographics and clinical presentation of HIV in Jamaica ov"
epidemiology-of-hiv-in-jamaica,https://williamsandremoh.wixsite.com/jmerg/items-2/epidemiology-of-hiv-in-jamaica,https://pubmed.ncbi.nlm.nih.gov/17706448/,https://pubmed.ncbi.nlm.nih.gov/17706448/,"1. Castilho JL, (2026). The Caribbean, Central and South America Network for HIV Epidemiology: 20 Years of HIV Research in the Region. J Int AIDS Soc. 2026 Jul;29 Suppl 3(Suppl 3):e70169 

https://pubmed.ncbi.nlm.nih.gov/42502244/




2. Teran-Pacheco SP et. al. (2026). Evolving Trends in Late HIV Diagnosis: Increasing Frequency but Improved Survival and Reduced Opportunistic Infections in a 10-Year Hospital-Based Cohort. Inquiry. 2026 Jan-Dec;63:469580261456918 

https://pubmed.ncbi.nlm.nih.gov/42281294/




3. Garollo Piran CM, et. al. (2025). Target 95-95-95 during childhood and pre-adolescence in Latin America and the Caribbean. Rev Cuid. 2025 Apr 11;16(1):e4186 

https://pubmed.ncbi.nlm.nih.gov/40529950/




4. Knaul FM, et. al. (2025). The evolution of serious health-related suffering from 1990 to 2021: an update to The Lancet Commission on global access to palliative care and pain relief. Lancet Glob Health. 2025 Mar;13(3):e422-e436. 

https://pubmed.ncbi.nlm.nih.gov/40021301/




5. Jamaica Modes of Transmission Working Group and Expert Group – 2012 – HIV modes of transmission model: Distribution of new HIV infections in Jamaica for 2012 

https://www.academia.edu/download/29331446/hiv_modes_of_transmission_model.pdf




6. Roye et al – 2011 – Genotypic characterization of HIV type 1 in Jamaica (AIDS Research and Human Retroviruses) 

https://pubmed.ncbi.nlm.nih.gov/20929350/




7. Duncan et al – 2010 – Sociodemographics and clinical presentation of HIV in Jamaica ov"
epidemiology-of-hiv-in-jamaica,https://williamsandremoh.wixsite.com/jmerg/items-2/epidemiology-of-hiv-in-jamaica,https://pubmed.ncbi.nlm.nih.gov/12232946/,https://pubmed.ncbi.nlm.nih.gov/12232946/,"1. Castilho JL, (2026). The Caribbean, Central and South America Network for HIV Epidemiology: 20 Years of HIV Research in the Region. J Int AIDS Soc. 2026 Jul;29 Suppl 3(Suppl 3):e70169 

https://pubmed.ncbi.nlm.nih.gov/42502244/




2. Teran-Pacheco SP et. al. (2026). Evolving Trends in Late HIV Diagnosis: Increasing Frequency but Improved Survival and Reduced Opportunistic Infections in a 10-Year Hospital-Based Cohort. Inquiry. 2026 Jan-Dec;63:469580261456918 

https://pubmed.ncbi.nlm.nih.gov/42281294/




3. Garollo Piran CM, et. al. (2025). Target 95-95-95 during childhood and pre-adolescence in Latin America and the Caribbean. Rev Cuid. 2025 Apr 11;16(1):e4186 

https://pubmed.ncbi.nlm.nih.gov/40529950/




4. Knaul FM, et. al. (2025). The evolution of serious health-related suffering from 1990 to 2021: an update to The Lancet Commission on global access to palliative care and pain relief. Lancet Glob Health. 2025 Mar;13(3):e422-e436. 

https://pubmed.ncbi.nlm.nih.gov/40021301/




5. Jamaica Modes of Transmission Working Group and Expert Group – 2012 – HIV modes of transmission model: Distribution of new HIV infections in Jamaica for 2012 

https://www.academia.edu/download/29331446/hiv_modes_of_transmission_model.pdf




6. Roye et al – 2011 – Genotypic characterization of HIV type 1 in Jamaica (AIDS Research and Human Retroviruses) 

https://pubmed.ncbi.nlm.nih.gov/20929350/




7. Duncan et al – 2010 – Sociodemographics and clinical presentation of HIV in Jamaica ov"
epidemiology-of-hiv-in-jamaica,https://williamsandremoh.wixsite.com/jmerg/items-2/epidemiology-of-hiv-in-jamaica,https://pubmed.ncbi.nlm.nih.gov/9792366/,https://pubmed.ncbi.nlm.nih.gov/9792366/,"1. Castilho JL, (2026). The Caribbean, Central and South America Network for HIV Epidemiology: 20 Years of HIV Research in the Region. J Int AIDS Soc. 2026 Jul;29 Suppl 3(Suppl 3):e70169 

https://pubmed.ncbi.nlm.nih.gov/42502244/




2. Teran-Pacheco SP et. al. (2026). Evolving Trends in Late HIV Diagnosis: Increasing Frequency but Improved Survival and Reduced Opportunistic Infections in a 10-Year Hospital-Based Cohort. Inquiry. 2026 Jan-Dec;63:469580261456918 

https://pubmed.ncbi.nlm.nih.gov/42281294/




3. Garollo Piran CM, et. al. (2025). Target 95-95-95 during childhood and pre-adolescence in Latin America and the Caribbean. Rev Cuid. 2025 Apr 11;16(1):e4186 

https://pubmed.ncbi.nlm.nih.gov/40529950/




4. Knaul FM, et. al. (2025). The evolution of serious health-related suffering from 1990 to 2021: an update to The Lancet Commission on global access to palliative care and pain relief. Lancet Glob Health. 2025 Mar;13(3):e422-e436. 

https://pubmed.ncbi.nlm.nih.gov/40021301/




5. Jamaica Modes of Transmission Working Group and Expert Group – 2012 – HIV modes of transmission model: Distribution of new HIV infections in Jamaica for 2012 

https://www.academia.edu/download/29331446/hiv_modes_of_transmission_model.pdf




6. Roye et al – 2011 – Genotypic characterization of HIV type 1 in Jamaica (AIDS Research and Human Retroviruses) 

https://pubmed.ncbi.nlm.nih.gov/20929350/




7. Duncan et al – 2010 – Sociodemographics and clinical presentation of HIV in Jamaica ov"
epidemiology-of-hiv-in-jamaica,https://williamsandremoh.wixsite.com/jmerg/items-2/epidemiology-of-hiv-in-jamaica,https://pubmed.ncbi.nlm.nih.gov/7546422/,https://pubmed.ncbi.nlm.nih.gov/7546422/,"1. Castilho JL, (2026). The Caribbean, Central and South America Network for HIV Epidemiology: 20 Years of HIV Research in the Region. J Int AIDS Soc. 2026 Jul;29 Suppl 3(Suppl 3):e70169 

https://pubmed.ncbi.nlm.nih.gov/42502244/




2. Teran-Pacheco SP et. al. (2026). Evolving Trends in Late HIV Diagnosis: Increasing Frequency but Improved Survival and Reduced Opportunistic Infections in a 10-Year Hospital-Based Cohort. Inquiry. 2026 Jan-Dec;63:469580261456918 

https://pubmed.ncbi.nlm.nih.gov/42281294/




3. Garollo Piran CM, et. al. (2025). Target 95-95-95 during childhood and pre-adolescence in Latin America and the Caribbean. Rev Cuid. 2025 Apr 11;16(1):e4186 

https://pubmed.ncbi.nlm.nih.gov/40529950/




4. Knaul FM, et. al. (2025). The evolution of serious health-related suffering from 1990 to 2021: an update to The Lancet Commission on global access to palliative care and pain relief. Lancet Glob Health. 2025 Mar;13(3):e422-e436. 

https://pubmed.ncbi.nlm.nih.gov/40021301/




5. Jamaica Modes of Transmission Working Group and Expert Group – 2012 – HIV modes of transmission model: Distribution of new HIV infections in Jamaica for 2012 

https://www.academia.edu/download/29331446/hiv_modes_of_transmission_model.pdf




6. Roye et al – 2011 – Genotypic characterization of HIV type 1 in Jamaica (AIDS Research and Human Retroviruses) 

https://pubmed.ncbi.nlm.nih.gov/20929350/




7. Duncan et al – 2010 – Sociodemographics and clinical presentation of HIV in Jamaica ov"
epidemiology-of-hiv-in-jamaica,https://williamsandremoh.wixsite.com/jmerg/items-2/epidemiology-of-hiv-in-jamaica,https://pubmed.ncbi.nlm.nih.gov/8106971/,https://pubmed.ncbi.nlm.nih.gov/8106971/,"1. Castilho JL, (2026). The Caribbean, Central and South America Network for HIV Epidemiology: 20 Years of HIV Research in the Region. J Int AIDS Soc. 2026 Jul;29 Suppl 3(Suppl 3):e70169 

https://pubmed.ncbi.nlm.nih.gov/42502244/




2. Teran-Pacheco SP et. al. (2026). Evolving Trends in Late HIV Diagnosis: Increasing Frequency but Improved Survival and Reduced Opportunistic Infections in a 10-Year Hospital-Based Cohort. Inquiry. 2026 Jan-Dec;63:469580261456918 

https://pubmed.ncbi.nlm.nih.gov/42281294/




3. Garollo Piran CM, et. al. (2025). Target 95-95-95 during childhood and pre-adolescence in Latin America and the Caribbean. Rev Cuid. 2025 Apr 11;16(1):e4186 

https://pubmed.ncbi.nlm.nih.gov/40529950/




4. Knaul FM, et. al. (2025). The evolution of serious health-related suffering from 1990 to 2021: an update to The Lancet Commission on global access to palliative care and pain relief. Lancet Glob Health. 2025 Mar;13(3):e422-e436. 

https://pubmed.ncbi.nlm.nih.gov/40021301/




5. Jamaica Modes of Transmission Working Group and Expert Group – 2012 – HIV modes of transmission model: Distribution of new HIV infections in Jamaica for 2012 

https://www.academia.edu/download/29331446/hiv_modes_of_transmission_model.pdf




6. Roye et al – 2011 – Genotypic characterization of HIV type 1 in Jamaica (AIDS Research and Human Retroviruses) 

https://pubmed.ncbi.nlm.nih.gov/20929350/




7. Duncan et al – 2010 – Sociodemographics and clinical presentation of HIV in Jamaica ov"
epidemiology-of-hiv-in-jamaica,https://williamsandremoh.wixsite.com/jmerg/items-2/epidemiology-of-hiv-in-jamaica,https://hstu.moh.gov.jm/media/reports/hiv-epidemiological-reports/,https://hstu.moh.gov.jm/media/reports/hiv-epidemiological-reports/,"1. Castilho JL, (2026). The Caribbean, Central and South America Network for HIV Epidemiology: 20 Years of HIV Research in the Region. J Int AIDS Soc. 2026 Jul;29 Suppl 3(Suppl 3):e70169 

https://pubmed.ncbi.nlm.nih.gov/42502244/




2. Teran-Pacheco SP et. al. (2026). Evolving Trends in Late HIV Diagnosis: Increasing Frequency but Improved Survival and Reduced Opportunistic Infections in a 10-Year Hospital-Based Cohort. Inquiry. 2026 Jan-Dec;63:469580261456918 

https://pubmed.ncbi.nlm.nih.gov/42281294/




3. Garollo Piran CM, et. al. (2025). Target 95-95-95 during childhood and pre-adolescence in Latin America and the Caribbean. Rev Cuid. 2025 Apr 11;16(1):e4186 

https://pubmed.ncbi.nlm.nih.gov/40529950/




4. Knaul FM, et. al. (2025). The evolution of serious health-related suffering from 1990 to 2021: an update to The Lancet Commission on global access to palliative care and pain relief. Lancet Glob Health. 2025 Mar;13(3):e422-e436. 

https://pubmed.ncbi.nlm.nih.gov/40021301/




5. Jamaica Modes of Transmission Working Group and Expert Group – 2012 – HIV modes of transmission model: Distribution of new HIV infections in Jamaica for 2012 

https://www.academia.edu/download/29331446/hiv_modes_of_transmission_model.pdf




6. Roye et al – 2011 – Genotypic characterization of HIV type 1 in Jamaica (AIDS Research and Human Retroviruses) 

https://pubmed.ncbi.nlm.nih.gov/20929350/




7. Duncan et al – 2010 – Sociodemographics and clinical presentation of HIV in Jamaica ov"
key-and-vulnerable-populations,https://williamsandremoh.wixsite.com/jmerg/items-2/key-and-vulnerable-populations,https://pubmed.ncbi.nlm.nih.gov/42576182/,https://pubmed.ncbi.nlm.nih.gov/42576182/,"1. Logie CH, et. al. (2026).  Disclosure, stigma, and HIV care among sex workers and men who have sex with men living with HIV in Jamaica. Int J STD AIDS. 2026 Aug 10:9564624261476362.

https://pubmed.ncbi.nlm.nih.gov/42576182/




2. Murray DA. (2025). Queerly departed: Queer viral socialities and Caribbean migrant desires. Sexualities. 2025 Feb;28(1-2):42-59. https://pubmed.ncbi.nlm.nih.gov/40083883/




MSM




1. Beckford-Jarrett et al – 2020 – Barriers and facilitators to participation of men who have sex with men and transgender women in HIV research in Jamaica (Culture Health and Sexuality)  https://pubmed.ncbi.nlm.nih.gov/31423952/




2. Chunnu – 2020 – Battyboy must die! Dancehall, class and religion in Jamaican homophobia. (European Journal of Cultural Studies) https://journals.sagepub.com/doi/10.1177/1367549420951578




3. Harris – 2019 – Survival now versus survival later: immediate and delayed HIV risk assessment among young Jamaican men who have transactional sex with men (Culture, Health and Sexuality) https://pubmed.ncbi.nlm.nih.gov/30444450/




4. Harris & Dunn – 2019 – “I Kept It to Myself”: Young Jamaican Men Who Have Sex with Men’s Experiences with Childhood Sexual Abuse and Sexual Assault (Archives of Sexual Behaviour) https://pubmed.ncbi.nlm.nih.gov/29951864/




5. Logie et al – 2019 – Syndemic Experiences, Protective Factors, and HIV Vulnerabilities Among Lesbian, Gay, Bisexual and Transgender Persons in Jamaica (AIDS and Behaviour) https://pubmed.n"
key-and-vulnerable-populations,https://williamsandremoh.wixsite.com/jmerg/items-2/key-and-vulnerable-populations,https://pubmed.ncbi.nlm.nih.gov/40083883/,,"1. Logie CH, et. al. (2026).  Disclosure, stigma, and HIV care among sex workers and men who have sex with men living with HIV in Jamaica. Int J STD AIDS. 2026 Aug 10:9564624261476362.

https://pubmed.ncbi.nlm.nih.gov/42576182/




2. Murray DA. (2025). Queerly departed: Queer viral socialities and Caribbean migrant desires. Sexualities. 2025 Feb;28(1-2):42-59. https://pubmed.ncbi.nlm.nih.gov/40083883/




MSM




1. Beckford-Jarrett et al – 2020 – Barriers and facilitators to participation of men who have sex with men and transgender women in HIV research in Jamaica (Culture Health and Sexuality)  https://pubmed.ncbi.nlm.nih.gov/31423952/




2. Chunnu – 2020 – Battyboy must die! Dancehall, class and religion in Jamaican homophobia. (European Journal of Cultural Studies) https://journals.sagepub.com/doi/10.1177/1367549420951578




3. Harris – 2019 – Survival now versus survival later: immediate and delayed HIV risk assessment among young Jamaican men who have transactional sex with men (Culture, Health and Sexuality) https://pubmed.ncbi.nlm.nih.gov/30444450/




4. Harris & Dunn – 2019 – “I Kept It to Myself”: Young Jamaican Men Who Have Sex with Men’s Experiences with Childhood Sexual Abuse and Sexual Assault (Archives of Sexual Behaviour) https://pubmed.ncbi.nlm.nih.gov/29951864/




5. Logie et al – 2019 – Syndemic Experiences, Protective Factors, and HIV Vulnerabilities Among Lesbian, Gay, Bisexual and Transgender Persons in Jamaica (AIDS and Behaviour) https://pubmed.n"
key-and-vulnerable-populations,https://williamsandremoh.wixsite.com/jmerg/items-2/key-and-vulnerable-populations,https://pubmed.ncbi.nlm.nih.gov/40083883/,https://pubmed.ncbi.nlm.nih.gov/40083883/,"1. Logie CH, et. al. (2026).  Disclosure, stigma, and HIV care among sex workers and men who have sex with men living with HIV in Jamaica. Int J STD AIDS. 2026 Aug 10:9564624261476362.

https://pubmed.ncbi.nlm.nih.gov/42576182/




2. Murray DA. (2025). Queerly departed: Queer viral socialities and Caribbean migrant desires. Sexualities. 2025 Feb;28(1-2):42-59. https://pubmed.ncbi.nlm.nih.gov/40083883/




MSM




1. Beckford-Jarrett et al – 2020 – Barriers and facilitators to participation of men who have sex with men and transgender women in HIV research in Jamaica (Culture Health and Sexuality)  https://pubmed.ncbi.nlm.nih.gov/31423952/




2. Chunnu – 2020 – Battyboy must die! Dancehall, class and religion in Jamaican homophobia. (European Journal of Cultural Studies) https://journals.sagepub.com/doi/10.1177/1367549420951578




3. Harris – 2019 – Survival now versus survival later: immediate and delayed HIV risk assessment among young Jamaican men who have transactional sex with men (Culture, Health and Sexuality) https://pubmed.ncbi.nlm.nih.gov/30444450/




4. Harris & Dunn – 2019 – “I Kept It to Myself”: Young Jamaican Men Who Have Sex with Men’s Experiences with Childhood Sexual Abuse and Sexual Assault (Archives of Sexual Behaviour) https://pubmed.ncbi.nlm.nih.gov/29951864/




5. Logie et al – 2019 – Syndemic Experiences, Protective Factors, and HIV Vulnerabilities Among Lesbian, Gay, Bisexual and Transgender Persons in Jamaica (AIDS and Behaviour) https://pubmed.n"
key-and-vulnerable-populations,https://williamsandremoh.wixsite.com/jmerg/items-2/key-and-vulnerable-populations,https://pubmed.ncbi.nlm.nih.gov/31423952,,"1. Logie CH, et. al. (2026).  Disclosure, stigma, and HIV care among sex workers and men who have sex with men living with HIV in Jamaica. Int J STD AIDS. 2026 Aug 10:9564624261476362.

https://pubmed.ncbi.nlm.nih.gov/42576182/




2. Murray DA. (2025). Queerly departed: Queer viral socialities and Caribbean migrant desires. Sexualities. 2025 Feb;28(1-2):42-59. https://pubmed.ncbi.nlm.nih.gov/40083883/




MSM




1. Beckford-Jarrett et al – 2020 – Barriers and facilitators to participation of men who have sex with men and transgender women in HIV research in Jamaica (Culture Health and Sexuality)  https://pubmed.ncbi.nlm.nih.gov/31423952/




2. Chunnu – 2020 – Battyboy must die! Dancehall, class and religion in Jamaican homophobia. (European Journal of Cultural Studies) https://journals.sagepub.com/doi/10.1177/1367549420951578




3. Harris – 2019 – Survival now versus survival later: immediate and delayed HIV risk assessment among young Jamaican men who have transactional sex with men (Culture, Health and Sexuality) https://pubmed.ncbi.nlm.nih.gov/30444450/




4. Harris & Dunn – 2019 – “I Kept It to Myself”: Young Jamaican Men Who Have Sex with Men’s Experiences with Childhood Sexual Abuse and Sexual Assault (Archives of Sexual Behaviour) https://pubmed.ncbi.nlm.nih.gov/29951864/




5. Logie et al – 2019 – Syndemic Experiences, Protective Factors, and HIV Vulnerabilities Among Lesbian, Gay, Bisexual and Transgender Persons in Jamaica (AIDS and Behaviour) https://pubmed.n"
key-and-vulnerable-populations,https://williamsandremoh.wixsite.com/jmerg/items-2/key-and-vulnerable-populations,https://pubmed.ncbi.nlm.nih.gov/31423952,https://pubmed.ncbi.nlm.nih.gov/31423952,"1. Logie CH, et. al. (2026).  Disclosure, stigma, and HIV care among sex workers and men who have sex with men living with HIV in Jamaica. Int J STD AIDS. 2026 Aug 10:9564624261476362.

https://pubmed.ncbi.nlm.nih.gov/42576182/




2. Murray DA. (2025). Queerly departed: Queer viral socialities and Caribbean migrant desires. Sexualities. 2025 Feb;28(1-2):42-59. https://pubmed.ncbi.nlm.nih.gov/40083883/




MSM




1. Beckford-Jarrett et al – 2020 – Barriers and facilitators to participation of men who have sex with men and transgender women in HIV research in Jamaica (Culture Health and Sexuality)  https://pubmed.ncbi.nlm.nih.gov/31423952/




2. Chunnu – 2020 – Battyboy must die! Dancehall, class and religion in Jamaican homophobia. (European Journal of Cultural Studies) https://journals.sagepub.com/doi/10.1177/1367549420951578




3. Harris – 2019 – Survival now versus survival later: immediate and delayed HIV risk assessment among young Jamaican men who have transactional sex with men (Culture, Health and Sexuality) https://pubmed.ncbi.nlm.nih.gov/30444450/




4. Harris & Dunn – 2019 – “I Kept It to Myself”: Young Jamaican Men Who Have Sex with Men’s Experiences with Childhood Sexual Abuse and Sexual Assault (Archives of Sexual Behaviour) https://pubmed.ncbi.nlm.nih.gov/29951864/




5. Logie et al – 2019 – Syndemic Experiences, Protective Factors, and HIV Vulnerabilities Among Lesbian, Gay, Bisexual and Transgender Persons in Jamaica (AIDS and Behaviour) https://pubmed.n"
key-and-vulnerable-populations,https://williamsandremoh.wixsite.com/jmerg/items-2/key-and-vulnerable-populations,https://pubmed.ncbi.nlm.nih.gov/30444450/,,"1. Logie CH, et. al. (2026).  Disclosure, stigma, and HIV care among sex workers and men who have sex with men living with HIV in Jamaica. Int J STD AIDS. 2026 Aug 10:9564624261476362.

https://pubmed.ncbi.nlm.nih.gov/42576182/




2. Murray DA. (2025). Queerly departed: Queer viral socialities and Caribbean migrant desires. Sexualities. 2025 Feb;28(1-2):42-59. https://pubmed.ncbi.nlm.nih.gov/40083883/




MSM




1. Beckford-Jarrett et al – 2020 – Barriers and facilitators to participation of men who have sex with men and transgender women in HIV research in Jamaica (Culture Health and Sexuality)  https://pubmed.ncbi.nlm.nih.gov/31423952/




2. Chunnu – 2020 – Battyboy must die! Dancehall, class and religion in Jamaican homophobia. (European Journal of Cultural Studies) https://journals.sagepub.com/doi/10.1177/1367549420951578




3. Harris – 2019 – Survival now versus survival later: immediate and delayed HIV risk assessment among young Jamaican men who have transactional sex with men (Culture, Health and Sexuality) https://pubmed.ncbi.nlm.nih.gov/30444450/




4. Harris & Dunn – 2019 – “I Kept It to Myself”: Young Jamaican Men Who Have Sex with Men’s Experiences with Childhood Sexual Abuse and Sexual Assault (Archives of Sexual Behaviour) https://pubmed.ncbi.nlm.nih.gov/29951864/




5. Logie et al – 2019 – Syndemic Experiences, Protective Factors, and HIV Vulnerabilities Among Lesbian, Gay, Bisexual and Transgender Persons in Jamaica (AIDS and Behaviour) https://pubmed.n"
key-and-vulnerable-populations,https://williamsandremoh.wixsite.com/jmerg/items-2/key-and-vulnerable-populations,https://pubmed.ncbi.nlm.nih.gov/30444450/,https://pubmed.ncbi.nlm.nih.gov/30444450/,"1. Logie CH, et. al. (2026).  Disclosure, stigma, and HIV care among sex workers and men who have sex with men living with HIV in Jamaica. Int J STD AIDS. 2026 Aug 10:9564624261476362.

https://pubmed.ncbi.nlm.nih.gov/42576182/




2. Murray DA. (2025). Queerly departed: Queer viral socialities and Caribbean migrant desires. Sexualities. 2025 Feb;28(1-2):42-59. https://pubmed.ncbi.nlm.nih.gov/40083883/




MSM




1. Beckford-Jarrett et al – 2020 – Barriers and facilitators to participation of men who have sex with men and transgender women in HIV research in Jamaica (Culture Health and Sexuality)  https://pubmed.ncbi.nlm.nih.gov/31423952/




2. Chunnu – 2020 – Battyboy must die! Dancehall, class and religion in Jamaican homophobia. (European Journal of Cultural Studies) https://journals.sagepub.com/doi/10.1177/1367549420951578




3. Harris – 2019 – Survival now versus survival later: immediate and delayed HIV risk assessment among young Jamaican men who have transactional sex with men (Culture, Health and Sexuality) https://pubmed.ncbi.nlm.nih.gov/30444450/




4. Harris & Dunn – 2019 – “I Kept It to Myself”: Young Jamaican Men Who Have Sex with Men’s Experiences with Childhood Sexual Abuse and Sexual Assault (Archives of Sexual Behaviour) https://pubmed.ncbi.nlm.nih.gov/29951864/




5. Logie et al – 2019 – Syndemic Experiences, Protective Factors, and HIV Vulnerabilities Among Lesbian, Gay, Bisexual and Transgender Persons in Jamaica (AIDS and Behaviour) https://pubmed.n"
key-and-vulnerable-populations,https://williamsandremoh.wixsite.com/jmerg/items-2/key-and-vulnerable-populations,https://pubmed.ncbi.nlm.nih.gov/29951864/,,"1. Logie CH, et. al. (2026).  Disclosure, stigma, and HIV care among sex workers and men who have sex with men living with HIV in Jamaica. Int J STD AIDS. 2026 Aug 10:9564624261476362.

https://pubmed.ncbi.nlm.nih.gov/42576182/




2. Murray DA. (2025). Queerly departed: Queer viral socialities and Caribbean migrant desires. Sexualities. 2025 Feb;28(1-2):42-59. https://pubmed.ncbi.nlm.nih.gov/40083883/




MSM




1. Beckford-Jarrett et al – 2020 – Barriers and facilitators to participation of men who have sex with men and transgender women in HIV research in Jamaica (Culture Health and Sexuality)  https://pubmed.ncbi.nlm.nih.gov/31423952/




2. Chunnu – 2020 – Battyboy must die! Dancehall, class and religion in Jamaican homophobia. (European Journal of Cultural Studies) https://journals.sagepub.com/doi/10.1177/1367549420951578




3. Harris – 2019 – Survival now versus survival later: immediate and delayed HIV risk assessment among young Jamaican men who have transactional sex with men (Culture, Health and Sexuality) https://pubmed.ncbi.nlm.nih.gov/30444450/




4. Harris & Dunn – 2019 – “I Kept It to Myself”: Young Jamaican Men Who Have Sex with Men’s Experiences with Childhood Sexual Abuse and Sexual Assault (Archives of Sexual Behaviour) https://pubmed.ncbi.nlm.nih.gov/29951864/




5. Logie et al – 2019 – Syndemic Experiences, Protective Factors, and HIV Vulnerabilities Among Lesbian, Gay, Bisexual and Transgender Persons in Jamaica (AIDS and Behaviour) https://pubmed.n"
key-and-vulnerable-populations,https://williamsandremoh.wixsite.com/jmerg/items-2/key-and-vulnerable-populations,https://pubmed.ncbi.nlm.nih.gov/29951864/,https://pubmed.ncbi.nlm.nih.gov/29951864/,"1. Logie CH, et. al. (2026).  Disclosure, stigma, and HIV care among sex workers and men who have sex with men living with HIV in Jamaica. Int J STD AIDS. 2026 Aug 10:9564624261476362.

https://pubmed.ncbi.nlm.nih.gov/42576182/




2. Murray DA. (2025). Queerly departed: Queer viral socialities and Caribbean migrant desires. Sexualities. 2025 Feb;28(1-2):42-59. https://pubmed.ncbi.nlm.nih.gov/40083883/




MSM




1. Beckford-Jarrett et al – 2020 – Barriers and facilitators to participation of men who have sex with men and transgender women in HIV research in Jamaica (Culture Health and Sexuality)  https://pubmed.ncbi.nlm.nih.gov/31423952/




2. Chunnu – 2020 – Battyboy must die! Dancehall, class and religion in Jamaican homophobia. (European Journal of Cultural Studies) https://journals.sagepub.com/doi/10.1177/1367549420951578




3. Harris – 2019 – Survival now versus survival later: immediate and delayed HIV risk assessment among young Jamaican men who have transactional sex with men (Culture, Health and Sexuality) https://pubmed.ncbi.nlm.nih.gov/30444450/




4. Harris & Dunn – 2019 – “I Kept It to Myself”: Young Jamaican Men Who Have Sex with Men’s Experiences with Childhood Sexual Abuse and Sexual Assault (Archives of Sexual Behaviour) https://pubmed.ncbi.nlm.nih.gov/29951864/




5. Logie et al – 2019 – Syndemic Experiences, Protective Factors, and HIV Vulnerabilities Among Lesbian, Gay, Bisexual and Transgender Persons in Jamaica (AIDS and Behaviour) https://pubmed.n"
key-and-vulnerable-populations,https://williamsandremoh.wixsite.com/jmerg/items-2/key-and-vulnerable-populations,https://pubmed.ncbi.nlm.nih.gov/30600454/,,"1. Logie CH, et. al. (2026).  Disclosure, stigma, and HIV care among sex workers and men who have sex with men living with HIV in Jamaica. Int J STD AIDS. 2026 Aug 10:9564624261476362.

https://pubmed.ncbi.nlm.nih.gov/42576182/




2. Murray DA. (2025). Queerly departed: Queer viral socialities and Caribbean migrant desires. Sexualities. 2025 Feb;28(1-2):42-59. https://pubmed.ncbi.nlm.nih.gov/40083883/




MSM




1. Beckford-Jarrett et al – 2020 – Barriers and facilitators to participation of men who have sex with men and transgender women in HIV research in Jamaica (Culture Health and Sexuality)  https://pubmed.ncbi.nlm.nih.gov/31423952/




2. Chunnu – 2020 – Battyboy must die! Dancehall, class and religion in Jamaican homophobia. (European Journal of Cultural Studies) https://journals.sagepub.com/doi/10.1177/1367549420951578




3. Harris – 2019 – Survival now versus survival later: immediate and delayed HIV risk assessment among young Jamaican men who have transactional sex with men (Culture, Health and Sexuality) https://pubmed.ncbi.nlm.nih.gov/30444450/




4. Harris & Dunn – 2019 – “I Kept It to Myself”: Young Jamaican Men Who Have Sex with Men’s Experiences with Childhood Sexual Abuse and Sexual Assault (Archives of Sexual Behaviour) https://pubmed.ncbi.nlm.nih.gov/29951864/




5. Logie et al – 2019 – Syndemic Experiences, Protective Factors, and HIV Vulnerabilities Among Lesbian, Gay, Bisexual and Transgender Persons in Jamaica (AIDS and Behaviour) https://pubmed.n"
key-and-vulnerable-populations,https://williamsandremoh.wixsite.com/jmerg/items-2/key-and-vulnerable-populations,https://pubmed.ncbi.nlm.nih.gov/30600454/,https://pubmed.ncbi.nlm.nih.gov/30600454/,"1. Logie CH, et. al. (2026).  Disclosure, stigma, and HIV care among sex workers and men who have sex with men living with HIV in Jamaica. Int J STD AIDS. 2026 Aug 10:9564624261476362.

https://pubmed.ncbi.nlm.nih.gov/42576182/




2. Murray DA. (2025). Queerly departed: Queer viral socialities and Caribbean migrant desires. Sexualities. 2025 Feb;28(1-2):42-59. https://pubmed.ncbi.nlm.nih.gov/40083883/




MSM




1. Beckford-Jarrett et al – 2020 – Barriers and facilitators to participation of men who have sex with men and transgender women in HIV research in Jamaica (Culture Health and Sexuality)  https://pubmed.ncbi.nlm.nih.gov/31423952/




2. Chunnu – 2020 – Battyboy must die! Dancehall, class and religion in Jamaican homophobia. (European Journal of Cultural Studies) https://journals.sagepub.com/doi/10.1177/1367549420951578




3. Harris – 2019 – Survival now versus survival later: immediate and delayed HIV risk assessment among young Jamaican men who have transactional sex with men (Culture, Health and Sexuality) https://pubmed.ncbi.nlm.nih.gov/30444450/




4. Harris & Dunn – 2019 – “I Kept It to Myself”: Young Jamaican Men Who Have Sex with Men’s Experiences with Childhood Sexual Abuse and Sexual Assault (Archives of Sexual Behaviour) https://pubmed.ncbi.nlm.nih.gov/29951864/




5. Logie et al – 2019 – Syndemic Experiences, Protective Factors, and HIV Vulnerabilities Among Lesbian, Gay, Bisexual and Transgender Persons in Jamaica (AIDS and Behaviour) https://pubmed.n"
key-and-vulnerable-populations,https://williamsandremoh.wixsite.com/jmerg/items-2/key-and-vulnerable-populations,https://pubmed.ncbi.nlm.nih.gov/29631931/,,"1. Logie CH, et. al. (2026).  Disclosure, stigma, and HIV care among sex workers and men who have sex with men living with HIV in Jamaica. Int J STD AIDS. 2026 Aug 10:9564624261476362.

https://pubmed.ncbi.nlm.nih.gov/42576182/




2. Murray DA. (2025). Queerly departed: Queer viral socialities and Caribbean migrant desires. Sexualities. 2025 Feb;28(1-2):42-59. https://pubmed.ncbi.nlm.nih.gov/40083883/




MSM




1. Beckford-Jarrett et al – 2020 – Barriers and facilitators to participation of men who have sex with men and transgender women in HIV research in Jamaica (Culture Health and Sexuality)  https://pubmed.ncbi.nlm.nih.gov/31423952/




2. Chunnu – 2020 – Battyboy must die! Dancehall, class and religion in Jamaican homophobia. (European Journal of Cultural Studies) https://journals.sagepub.com/doi/10.1177/1367549420951578




3. Harris – 2019 – Survival now versus survival later: immediate and delayed HIV risk assessment among young Jamaican men who have transactional sex with men (Culture, Health and Sexuality) https://pubmed.ncbi.nlm.nih.gov/30444450/




4. Harris & Dunn – 2019 – “I Kept It to Myself”: Young Jamaican Men Who Have Sex with Men’s Experiences with Childhood Sexual Abuse and Sexual Assault (Archives of Sexual Behaviour) https://pubmed.ncbi.nlm.nih.gov/29951864/




5. Logie et al – 2019 – Syndemic Experiences, Protective Factors, and HIV Vulnerabilities Among Lesbian, Gay, Bisexual and Transgender Persons in Jamaica (AIDS and Behaviour) https://pubmed.n"
key-and-vulnerable-populations,https://williamsandremoh.wixsite.com/jmerg/items-2/key-and-vulnerable-populations,https://pubmed.ncbi.nlm.nih.gov/29631931/,https://pubmed.ncbi.nlm.nih.gov/29631931/,"1. Logie CH, et. al. (2026).  Disclosure, stigma, and HIV care among sex workers and men who have sex with men living with HIV in Jamaica. Int J STD AIDS. 2026 Aug 10:9564624261476362.

https://pubmed.ncbi.nlm.nih.gov/42576182/




2. Murray DA. (2025). Queerly departed: Queer viral socialities and Caribbean migrant desires. Sexualities. 2025 Feb;28(1-2):42-59. https://pubmed.ncbi.nlm.nih.gov/40083883/




MSM




1. Beckford-Jarrett et al – 2020 – Barriers and facilitators to participation of men who have sex with men and transgender women in HIV research in Jamaica (Culture Health and Sexuality)  https://pubmed.ncbi.nlm.nih.gov/31423952/




2. Chunnu – 2020 – Battyboy must die! Dancehall, class and religion in Jamaican homophobia. (European Journal of Cultural Studies) https://journals.sagepub.com/doi/10.1177/1367549420951578




3. Harris – 2019 – Survival now versus survival later: immediate and delayed HIV risk assessment among young Jamaican men who have transactional sex with men (Culture, Health and Sexuality) https://pubmed.ncbi.nlm.nih.gov/30444450/




4. Harris & Dunn – 2019 – “I Kept It to Myself”: Young Jamaican Men Who Have Sex with Men’s Experiences with Childhood Sexual Abuse and Sexual Assault (Archives of Sexual Behaviour) https://pubmed.ncbi.nlm.nih.gov/29951864/




5. Logie et al – 2019 – Syndemic Experiences, Protective Factors, and HIV Vulnerabilities Among Lesbian, Gay, Bisexual and Transgender Persons in Jamaica (AIDS and Behaviour) https://pubmed.n"
key-and-vulnerable-populations,https://williamsandremoh.wixsite.com/jmerg/items-2/key-and-vulnerable-populations,https://pubmed.ncbi.nlm.nih.gov/29925463/,,"1. Logie CH, et. al. (2026).  Disclosure, stigma, and HIV care among sex workers and men who have sex with men living with HIV in Jamaica. Int J STD AIDS. 2026 Aug 10:9564624261476362.

https://pubmed.ncbi.nlm.nih.gov/42576182/




2. Murray DA. (2025). Queerly departed: Queer viral socialities and Caribbean migrant desires. Sexualities. 2025 Feb;28(1-2):42-59. https://pubmed.ncbi.nlm.nih.gov/40083883/




MSM




1. Beckford-Jarrett et al – 2020 – Barriers and facilitators to participation of men who have sex with men and transgender women in HIV research in Jamaica (Culture Health and Sexuality)  https://pubmed.ncbi.nlm.nih.gov/31423952/




2. Chunnu – 2020 – Battyboy must die! Dancehall, class and religion in Jamaican homophobia. (European Journal of Cultural Studies) https://journals.sagepub.com/doi/10.1177/1367549420951578




3. Harris – 2019 – Survival now versus survival later: immediate and delayed HIV risk assessment among young Jamaican men who have transactional sex with men (Culture, Health and Sexuality) https://pubmed.ncbi.nlm.nih.gov/30444450/




4. Harris & Dunn – 2019 – “I Kept It to Myself”: Young Jamaican Men Who Have Sex with Men’s Experiences with Childhood Sexual Abuse and Sexual Assault (Archives of Sexual Behaviour) https://pubmed.ncbi.nlm.nih.gov/29951864/




5. Logie et al – 2019 – Syndemic Experiences, Protective Factors, and HIV Vulnerabilities Among Lesbian, Gay, Bisexual and Transgender Persons in Jamaica (AIDS and Behaviour) https://pubmed.n"
key-and-vulnerable-populations,https://williamsandremoh.wixsite.com/jmerg/items-2/key-and-vulnerable-populations,https://pubmed.ncbi.nlm.nih.gov/29925463/,https://pubmed.ncbi.nlm.nih.gov/29925463/,"1. Logie CH, et. al. (2026).  Disclosure, stigma, and HIV care among sex workers and men who have sex with men living with HIV in Jamaica. Int J STD AIDS. 2026 Aug 10:9564624261476362.

https://pubmed.ncbi.nlm.nih.gov/42576182/




2. Murray DA. (2025). Queerly departed: Queer viral socialities and Caribbean migrant desires. Sexualities. 2025 Feb;28(1-2):42-59. https://pubmed.ncbi.nlm.nih.gov/40083883/




MSM




1. Beckford-Jarrett et al – 2020 – Barriers and facilitators to participation of men who have sex with men and transgender women in HIV research in Jamaica (Culture Health and Sexuality)  https://pubmed.ncbi.nlm.nih.gov/31423952/




2. Chunnu – 2020 – Battyboy must die! Dancehall, class and religion in Jamaican homophobia. (European Journal of Cultural Studies) https://journals.sagepub.com/doi/10.1177/1367549420951578




3. Harris – 2019 – Survival now versus survival later: immediate and delayed HIV risk assessment among young Jamaican men who have transactional sex with men (Culture, Health and Sexuality) https://pubmed.ncbi.nlm.nih.gov/30444450/




4. Harris & Dunn – 2019 – “I Kept It to Myself”: Young Jamaican Men Who Have Sex with Men’s Experiences with Childhood Sexual Abuse and Sexual Assault (Archives of Sexual Behaviour) https://pubmed.ncbi.nlm.nih.gov/29951864/




5. Logie et al – 2019 – Syndemic Experiences, Protective Factors, and HIV Vulnerabilities Among Lesbian, Gay, Bisexual and Transgender Persons in Jamaica (AIDS and Behaviour) https://pubmed.n"
key-and-vulnerable-populations,https://williamsandremoh.wixsite.com/jmerg/items-2/key-and-vulnerable-populations,https://pubmed.ncbi.nlm.nih.gov/29697593/,,"1. Logie CH, et. al. (2026).  Disclosure, stigma, and HIV care among sex workers and men who have sex with men living with HIV in Jamaica. Int J STD AIDS. 2026 Aug 10:9564624261476362.

https://pubmed.ncbi.nlm.nih.gov/42576182/




2. Murray DA. (2025). Queerly departed: Queer viral socialities and Caribbean migrant desires. Sexualities. 2025 Feb;28(1-2):42-59. https://pubmed.ncbi.nlm.nih.gov/40083883/




MSM




1. Beckford-Jarrett et al – 2020 – Barriers and facilitators to participation of men who have sex with men and transgender women in HIV research in Jamaica (Culture Health and Sexuality)  https://pubmed.ncbi.nlm.nih.gov/31423952/




2. Chunnu – 2020 – Battyboy must die! Dancehall, class and religion in Jamaican homophobia. (European Journal of Cultural Studies) https://journals.sagepub.com/doi/10.1177/1367549420951578




3. Harris – 2019 – Survival now versus survival later: immediate and delayed HIV risk assessment among young Jamaican men who have transactional sex with men (Culture, Health and Sexuality) https://pubmed.ncbi.nlm.nih.gov/30444450/




4. Harris & Dunn – 2019 – “I Kept It to Myself”: Young Jamaican Men Who Have Sex with Men’s Experiences with Childhood Sexual Abuse and Sexual Assault (Archives of Sexual Behaviour) https://pubmed.ncbi.nlm.nih.gov/29951864/




5. Logie et al – 2019 – Syndemic Experiences, Protective Factors, and HIV Vulnerabilities Among Lesbian, Gay, Bisexual and Transgender Persons in Jamaica (AIDS and Behaviour) https://pubmed.n"
key-and-vulnerable-populations,https://williamsandremoh.wixsite.com/jmerg/items-2/key-and-vulnerable-populations,https://pubmed.ncbi.nlm.nih.gov/29697593/,https://pubmed.ncbi.nlm.nih.gov/29697593/,"1. Logie CH, et. al. (2026).  Disclosure, stigma, and HIV care among sex workers and men who have sex with men living with HIV in Jamaica. Int J STD AIDS. 2026 Aug 10:9564624261476362.

https://pubmed.ncbi.nlm.nih.gov/42576182/




2. Murray DA. (2025). Queerly departed: Queer viral socialities and Caribbean migrant desires. Sexualities. 2025 Feb;28(1-2):42-59. https://pubmed.ncbi.nlm.nih.gov/40083883/




MSM




1. Beckford-Jarrett et al – 2020 – Barriers and facilitators to participation of men who have sex with men and transgender women in HIV research in Jamaica (Culture Health and Sexuality)  https://pubmed.ncbi.nlm.nih.gov/31423952/




2. Chunnu – 2020 – Battyboy must die! Dancehall, class and religion in Jamaican homophobia. (European Journal of Cultural Studies) https://journals.sagepub.com/doi/10.1177/1367549420951578




3. Harris – 2019 – Survival now versus survival later: immediate and delayed HIV risk assessment among young Jamaican men who have transactional sex with men (Culture, Health and Sexuality) https://pubmed.ncbi.nlm.nih.gov/30444450/




4. Harris & Dunn – 2019 – “I Kept It to Myself”: Young Jamaican Men Who Have Sex with Men’s Experiences with Childhood Sexual Abuse and Sexual Assault (Archives of Sexual Behaviour) https://pubmed.ncbi.nlm.nih.gov/29951864/




5. Logie et al – 2019 – Syndemic Experiences, Protective Factors, and HIV Vulnerabilities Among Lesbian, Gay, Bisexual and Transgender Persons in Jamaica (AIDS and Behaviour) https://pubmed.n"
key-and-vulnerable-populations,https://williamsandremoh.wixsite.com/jmerg/items-2/key-and-vulnerable-populations,https://pubmed.ncbi.nlm.nih.gov/28669320/,,"1. Logie CH, et. al. (2026).  Disclosure, stigma, and HIV care among sex workers and men who have sex with men living with HIV in Jamaica. Int J STD AIDS. 2026 Aug 10:9564624261476362.

https://pubmed.ncbi.nlm.nih.gov/42576182/




2. Murray DA. (2025). Queerly departed: Queer viral socialities and Caribbean migrant desires. Sexualities. 2025 Feb;28(1-2):42-59. https://pubmed.ncbi.nlm.nih.gov/40083883/




MSM




1. Beckford-Jarrett et al – 2020 – Barriers and facilitators to participation of men who have sex with men and transgender women in HIV research in Jamaica (Culture Health and Sexuality)  https://pubmed.ncbi.nlm.nih.gov/31423952/




2. Chunnu – 2020 – Battyboy must die! Dancehall, class and religion in Jamaican homophobia. (European Journal of Cultural Studies) https://journals.sagepub.com/doi/10.1177/1367549420951578




3. Harris – 2019 – Survival now versus survival later: immediate and delayed HIV risk assessment among young Jamaican men who have transactional sex with men (Culture, Health and Sexuality) https://pubmed.ncbi.nlm.nih.gov/30444450/




4. Harris & Dunn – 2019 – “I Kept It to Myself”: Young Jamaican Men Who Have Sex with Men’s Experiences with Childhood Sexual Abuse and Sexual Assault (Archives of Sexual Behaviour) https://pubmed.ncbi.nlm.nih.gov/29951864/




5. Logie et al – 2019 – Syndemic Experiences, Protective Factors, and HIV Vulnerabilities Among Lesbian, Gay, Bisexual and Transgender Persons in Jamaica (AIDS and Behaviour) https://pubmed.n"
key-and-vulnerable-populations,https://williamsandremoh.wixsite.com/jmerg/items-2/key-and-vulnerable-populations,https://pubmed.ncbi.nlm.nih.gov/28669320/,https://pubmed.ncbi.nlm.nih.gov/28669320/,"1. Logie CH, et. al. (2026).  Disclosure, stigma, and HIV care among sex workers and men who have sex with men living with HIV in Jamaica. Int J STD AIDS. 2026 Aug 10:9564624261476362.

https://pubmed.ncbi.nlm.nih.gov/42576182/




2. Murray DA. (2025). Queerly departed: Queer viral socialities and Caribbean migrant desires. Sexualities. 2025 Feb;28(1-2):42-59. https://pubmed.ncbi.nlm.nih.gov/40083883/




MSM




1. Beckford-Jarrett et al – 2020 – Barriers and facilitators to participation of men who have sex with men and transgender women in HIV research in Jamaica (Culture Health and Sexuality)  https://pubmed.ncbi.nlm.nih.gov/31423952/




2. Chunnu – 2020 – Battyboy must die! Dancehall, class and religion in Jamaican homophobia. (European Journal of Cultural Studies) https://journals.sagepub.com/doi/10.1177/1367549420951578




3. Harris – 2019 – Survival now versus survival later: immediate and delayed HIV risk assessment among young Jamaican men who have transactional sex with men (Culture, Health and Sexuality) https://pubmed.ncbi.nlm.nih.gov/30444450/




4. Harris & Dunn – 2019 – “I Kept It to Myself”: Young Jamaican Men Who Have Sex with Men’s Experiences with Childhood Sexual Abuse and Sexual Assault (Archives of Sexual Behaviour) https://pubmed.ncbi.nlm.nih.gov/29951864/




5. Logie et al – 2019 – Syndemic Experiences, Protective Factors, and HIV Vulnerabilities Among Lesbian, Gay, Bisexual and Transgender Persons in Jamaica (AIDS and Behaviour) https://pubmed.n"
key-and-vulnerable-populations,https://williamsandremoh.wixsite.com/jmerg/items-2/key-and-vulnerable-populations,https://pubmed.ncbi.nlm.nih.gov/28406274/,,"1. Logie CH, et. al. (2026).  Disclosure, stigma, and HIV care among sex workers and men who have sex with men living with HIV in Jamaica. Int J STD AIDS. 2026 Aug 10:9564624261476362.

https://pubmed.ncbi.nlm.nih.gov/42576182/




2. Murray DA. (2025). Queerly departed: Queer viral socialities and Caribbean migrant desires. Sexualities. 2025 Feb;28(1-2):42-59. https://pubmed.ncbi.nlm.nih.gov/40083883/




MSM




1. Beckford-Jarrett et al – 2020 – Barriers and facilitators to participation of men who have sex with men and transgender women in HIV research in Jamaica (Culture Health and Sexuality)  https://pubmed.ncbi.nlm.nih.gov/31423952/




2. Chunnu – 2020 – Battyboy must die! Dancehall, class and religion in Jamaican homophobia. (European Journal of Cultural Studies) https://journals.sagepub.com/doi/10.1177/1367549420951578




3. Harris – 2019 – Survival now versus survival later: immediate and delayed HIV risk assessment among young Jamaican men who have transactional sex with men (Culture, Health and Sexuality) https://pubmed.ncbi.nlm.nih.gov/30444450/




4. Harris & Dunn – 2019 – “I Kept It to Myself”: Young Jamaican Men Who Have Sex with Men’s Experiences with Childhood Sexual Abuse and Sexual Assault (Archives of Sexual Behaviour) https://pubmed.ncbi.nlm.nih.gov/29951864/




5. Logie et al – 2019 – Syndemic Experiences, Protective Factors, and HIV Vulnerabilities Among Lesbian, Gay, Bisexual and Transgender Persons in Jamaica (AIDS and Behaviour) https://pubmed.n"
key-and-vulnerable-populations,https://williamsandremoh.wixsite.com/jmerg/items-2/key-and-vulnerable-populations,https://pubmed.ncbi.nlm.nih.gov/28406274/,https://pubmed.ncbi.nlm.nih.gov/28406274/,"1. Logie CH, et. al. (2026).  Disclosure, stigma, and HIV care among sex workers and men who have sex with men living with HIV in Jamaica. Int J STD AIDS. 2026 Aug 10:9564624261476362.

https://pubmed.ncbi.nlm.nih.gov/42576182/




2. Murray DA. (2025). Queerly departed: Queer viral socialities and Caribbean migrant desires. Sexualities. 2025 Feb;28(1-2):42-59. https://pubmed.ncbi.nlm.nih.gov/40083883/




MSM




1. Beckford-Jarrett et al – 2020 – Barriers and facilitators to participation of men who have sex with men and transgender women in HIV research in Jamaica (Culture Health and Sexuality)  https://pubmed.ncbi.nlm.nih.gov/31423952/




2. Chunnu – 2020 – Battyboy must die! Dancehall, class and religion in Jamaican homophobia. (European Journal of Cultural Studies) https://journals.sagepub.com/doi/10.1177/1367549420951578




3. Harris – 2019 – Survival now versus survival later: immediate and delayed HIV risk assessment among young Jamaican men who have transactional sex with men (Culture, Health and Sexuality) https://pubmed.ncbi.nlm.nih.gov/30444450/




4. Harris & Dunn – 2019 – “I Kept It to Myself”: Young Jamaican Men Who Have Sex with Men’s Experiences with Childhood Sexual Abuse and Sexual Assault (Archives of Sexual Behaviour) https://pubmed.ncbi.nlm.nih.gov/29951864/




5. Logie et al – 2019 – Syndemic Experiences, Protective Factors, and HIV Vulnerabilities Among Lesbian, Gay, Bisexual and Transgender Persons in Jamaica (AIDS and Behaviour) https://pubmed.n"
key-and-vulnerable-populations,https://williamsandremoh.wixsite.com/jmerg/items-2/key-and-vulnerable-populations,https://pubmed.ncbi.nlm.nih.gov/26138898/,,"1. Logie CH, et. al. (2026).  Disclosure, stigma, and HIV care among sex workers and men who have sex with men living with HIV in Jamaica. Int J STD AIDS. 2026 Aug 10:9564624261476362.

https://pubmed.ncbi.nlm.nih.gov/42576182/




2. Murray DA. (2025). Queerly departed: Queer viral socialities and Caribbean migrant desires. Sexualities. 2025 Feb;28(1-2):42-59. https://pubmed.ncbi.nlm.nih.gov/40083883/




MSM




1. Beckford-Jarrett et al – 2020 – Barriers and facilitators to participation of men who have sex with men and transgender women in HIV research in Jamaica (Culture Health and Sexuality)  https://pubmed.ncbi.nlm.nih.gov/31423952/




2. Chunnu – 2020 – Battyboy must die! Dancehall, class and religion in Jamaican homophobia. (European Journal of Cultural Studies) https://journals.sagepub.com/doi/10.1177/1367549420951578




3. Harris – 2019 – Survival now versus survival later: immediate and delayed HIV risk assessment among young Jamaican men who have transactional sex with men (Culture, Health and Sexuality) https://pubmed.ncbi.nlm.nih.gov/30444450/




4. Harris & Dunn – 2019 – “I Kept It to Myself”: Young Jamaican Men Who Have Sex with Men’s Experiences with Childhood Sexual Abuse and Sexual Assault (Archives of Sexual Behaviour) https://pubmed.ncbi.nlm.nih.gov/29951864/




5. Logie et al – 2019 – Syndemic Experiences, Protective Factors, and HIV Vulnerabilities Among Lesbian, Gay, Bisexual and Transgender Persons in Jamaica (AIDS and Behaviour) https://pubmed.n"
key-and-vulnerable-populations,https://williamsandremoh.wixsite.com/jmerg/items-2/key-and-vulnerable-populations,https://pubmed.ncbi.nlm.nih.gov/26138898/,https://pubmed.ncbi.nlm.nih.gov/26138898/,"1. Logie CH, et. al. (2026).  Disclosure, stigma, and HIV care among sex workers and men who have sex with men living with HIV in Jamaica. Int J STD AIDS. 2026 Aug 10:9564624261476362.

https://pubmed.ncbi.nlm.nih.gov/42576182/




2. Murray DA. (2025). Queerly departed: Queer viral socialities and Caribbean migrant desires. Sexualities. 2025 Feb;28(1-2):42-59. https://pubmed.ncbi.nlm.nih.gov/40083883/




MSM




1. Beckford-Jarrett et al – 2020 – Barriers and facilitators to participation of men who have sex with men and transgender women in HIV research in Jamaica (Culture Health and Sexuality)  https://pubmed.ncbi.nlm.nih.gov/31423952/




2. Chunnu – 2020 – Battyboy must die! Dancehall, class and religion in Jamaican homophobia. (European Journal of Cultural Studies) https://journals.sagepub.com/doi/10.1177/1367549420951578




3. Harris – 2019 – Survival now versus survival later: immediate and delayed HIV risk assessment among young Jamaican men who have transactional sex with men (Culture, Health and Sexuality) https://pubmed.ncbi.nlm.nih.gov/30444450/




4. Harris & Dunn – 2019 – “I Kept It to Myself”: Young Jamaican Men Who Have Sex with Men’s Experiences with Childhood Sexual Abuse and Sexual Assault (Archives of Sexual Behaviour) https://pubmed.ncbi.nlm.nih.gov/29951864/




5. Logie et al – 2019 – Syndemic Experiences, Protective Factors, and HIV Vulnerabilities Among Lesbian, Gay, Bisexual and Transgender Persons in Jamaica (AIDS and Behaviour) https://pubmed.n"
key-and-vulnerable-populations,https://williamsandremoh.wixsite.com/jmerg/items-2/key-and-vulnerable-populations,https://pubmed.ncbi.nlm.nih.gov/25659122/,,"1. Logie CH, et. al. (2026).  Disclosure, stigma, and HIV care among sex workers and men who have sex with men living with HIV in Jamaica. Int J STD AIDS. 2026 Aug 10:9564624261476362.

https://pubmed.ncbi.nlm.nih.gov/42576182/




2. Murray DA. (2025). Queerly departed: Queer viral socialities and Caribbean migrant desires. Sexualities. 2025 Feb;28(1-2):42-59. https://pubmed.ncbi.nlm.nih.gov/40083883/




MSM




1. Beckford-Jarrett et al – 2020 – Barriers and facilitators to participation of men who have sex with men and transgender women in HIV research in Jamaica (Culture Health and Sexuality)  https://pubmed.ncbi.nlm.nih.gov/31423952/




2. Chunnu – 2020 – Battyboy must die! Dancehall, class and religion in Jamaican homophobia. (European Journal of Cultural Studies) https://journals.sagepub.com/doi/10.1177/1367549420951578




3. Harris – 2019 – Survival now versus survival later: immediate and delayed HIV risk assessment among young Jamaican men who have transactional sex with men (Culture, Health and Sexuality) https://pubmed.ncbi.nlm.nih.gov/30444450/




4. Harris & Dunn – 2019 – “I Kept It to Myself”: Young Jamaican Men Who Have Sex with Men’s Experiences with Childhood Sexual Abuse and Sexual Assault (Archives of Sexual Behaviour) https://pubmed.ncbi.nlm.nih.gov/29951864/




5. Logie et al – 2019 – Syndemic Experiences, Protective Factors, and HIV Vulnerabilities Among Lesbian, Gay, Bisexual and Transgender Persons in Jamaica (AIDS and Behaviour) https://pubmed.n"
key-and-vulnerable-populations,https://williamsandremoh.wixsite.com/jmerg/items-2/key-and-vulnerable-populations,https://pubmed.ncbi.nlm.nih.gov/25659122/,https://pubmed.ncbi.nlm.nih.gov/25659122/,"1. Logie CH, et. al. (2026).  Disclosure, stigma, and HIV care among sex workers and men who have sex with men living with HIV in Jamaica. Int J STD AIDS. 2026 Aug 10:9564624261476362.

https://pubmed.ncbi.nlm.nih.gov/42576182/




2. Murray DA. (2025). Queerly departed: Queer viral socialities and Caribbean migrant desires. Sexualities. 2025 Feb;28(1-2):42-59. https://pubmed.ncbi.nlm.nih.gov/40083883/




MSM




1. Beckford-Jarrett et al – 2020 – Barriers and facilitators to participation of men who have sex with men and transgender women in HIV research in Jamaica (Culture Health and Sexuality)  https://pubmed.ncbi.nlm.nih.gov/31423952/




2. Chunnu – 2020 – Battyboy must die! Dancehall, class and religion in Jamaican homophobia. (European Journal of Cultural Studies) https://journals.sagepub.com/doi/10.1177/1367549420951578




3. Harris – 2019 – Survival now versus survival later: immediate and delayed HIV risk assessment among young Jamaican men who have transactional sex with men (Culture, Health and Sexuality) https://pubmed.ncbi.nlm.nih.gov/30444450/




4. Harris & Dunn – 2019 – “I Kept It to Myself”: Young Jamaican Men Who Have Sex with Men’s Experiences with Childhood Sexual Abuse and Sexual Assault (Archives of Sexual Behaviour) https://pubmed.ncbi.nlm.nih.gov/29951864/




5. Logie et al – 2019 – Syndemic Experiences, Protective Factors, and HIV Vulnerabilities Among Lesbian, Gay, Bisexual and Transgender Persons in Jamaica (AIDS and Behaviour) https://pubmed.n"
key-and-vulnerable-populations,https://williamsandremoh.wixsite.com/jmerg/items-2/key-and-vulnerable-populations,https://pubmed.ncbi.nlm.nih.gov/15991377/,,"1. Logie CH, et. al. (2026).  Disclosure, stigma, and HIV care among sex workers and men who have sex with men living with HIV in Jamaica. Int J STD AIDS. 2026 Aug 10:9564624261476362.

https://pubmed.ncbi.nlm.nih.gov/42576182/




2. Murray DA. (2025). Queerly departed: Queer viral socialities and Caribbean migrant desires. Sexualities. 2025 Feb;28(1-2):42-59. https://pubmed.ncbi.nlm.nih.gov/40083883/




MSM




1. Beckford-Jarrett et al – 2020 – Barriers and facilitators to participation of men who have sex with men and transgender women in HIV research in Jamaica (Culture Health and Sexuality)  https://pubmed.ncbi.nlm.nih.gov/31423952/




2. Chunnu – 2020 – Battyboy must die! Dancehall, class and religion in Jamaican homophobia. (European Journal of Cultural Studies) https://journals.sagepub.com/doi/10.1177/1367549420951578




3. Harris – 2019 – Survival now versus survival later: immediate and delayed HIV risk assessment among young Jamaican men who have transactional sex with men (Culture, Health and Sexuality) https://pubmed.ncbi.nlm.nih.gov/30444450/




4. Harris & Dunn – 2019 – “I Kept It to Myself”: Young Jamaican Men Who Have Sex with Men’s Experiences with Childhood Sexual Abuse and Sexual Assault (Archives of Sexual Behaviour) https://pubmed.ncbi.nlm.nih.gov/29951864/




5. Logie et al – 2019 – Syndemic Experiences, Protective Factors, and HIV Vulnerabilities Among Lesbian, Gay, Bisexual and Transgender Persons in Jamaica (AIDS and Behaviour) https://pubmed.n"
key-and-vulnerable-populations,https://williamsandremoh.wixsite.com/jmerg/items-2/key-and-vulnerable-populations,https://pubmed.ncbi.nlm.nih.gov/15991377/,https://pubmed.ncbi.nlm.nih.gov/15991377/,"1. Logie CH, et. al. (2026).  Disclosure, stigma, and HIV care among sex workers and men who have sex with men living with HIV in Jamaica. Int J STD AIDS. 2026 Aug 10:9564624261476362.

https://pubmed.ncbi.nlm.nih.gov/42576182/




2. Murray DA. (2025). Queerly departed: Queer viral socialities and Caribbean migrant desires. Sexualities. 2025 Feb;28(1-2):42-59. https://pubmed.ncbi.nlm.nih.gov/40083883/




MSM




1. Beckford-Jarrett et al – 2020 – Barriers and facilitators to participation of men who have sex with men and transgender women in HIV research in Jamaica (Culture Health and Sexuality)  https://pubmed.ncbi.nlm.nih.gov/31423952/




2. Chunnu – 2020 – Battyboy must die! Dancehall, class and religion in Jamaican homophobia. (European Journal of Cultural Studies) https://journals.sagepub.com/doi/10.1177/1367549420951578




3. Harris – 2019 – Survival now versus survival later: immediate and delayed HIV risk assessment among young Jamaican men who have transactional sex with men (Culture, Health and Sexuality) https://pubmed.ncbi.nlm.nih.gov/30444450/




4. Harris & Dunn – 2019 – “I Kept It to Myself”: Young Jamaican Men Who Have Sex with Men’s Experiences with Childhood Sexual Abuse and Sexual Assault (Archives of Sexual Behaviour) https://pubmed.ncbi.nlm.nih.gov/29951864/




5. Logie et al – 2019 – Syndemic Experiences, Protective Factors, and HIV Vulnerabilities Among Lesbian, Gay, Bisexual and Transgender Persons in Jamaica (AIDS and Behaviour) https://pubmed.n"
key-and-vulnerable-populations,https://williamsandremoh.wixsite.com/jmerg/items-2/key-and-vulnerable-populations,https://pubmed.ncbi.nlm.nih.gov/16864208/,,"1. Logie CH, et. al. (2026).  Disclosure, stigma, and HIV care among sex workers and men who have sex with men living with HIV in Jamaica. Int J STD AIDS. 2026 Aug 10:9564624261476362.

https://pubmed.ncbi.nlm.nih.gov/42576182/




2. Murray DA. (2025). Queerly departed: Queer viral socialities and Caribbean migrant desires. Sexualities. 2025 Feb;28(1-2):42-59. https://pubmed.ncbi.nlm.nih.gov/40083883/




MSM




1. Beckford-Jarrett et al – 2020 – Barriers and facilitators to participation of men who have sex with men and transgender women in HIV research in Jamaica (Culture Health and Sexuality)  https://pubmed.ncbi.nlm.nih.gov/31423952/




2. Chunnu – 2020 – Battyboy must die! Dancehall, class and religion in Jamaican homophobia. (European Journal of Cultural Studies) https://journals.sagepub.com/doi/10.1177/1367549420951578




3. Harris – 2019 – Survival now versus survival later: immediate and delayed HIV risk assessment among young Jamaican men who have transactional sex with men (Culture, Health and Sexuality) https://pubmed.ncbi.nlm.nih.gov/30444450/




4. Harris & Dunn – 2019 – “I Kept It to Myself”: Young Jamaican Men Who Have Sex with Men’s Experiences with Childhood Sexual Abuse and Sexual Assault (Archives of Sexual Behaviour) https://pubmed.ncbi.nlm.nih.gov/29951864/




5. Logie et al – 2019 – Syndemic Experiences, Protective Factors, and HIV Vulnerabilities Among Lesbian, Gay, Bisexual and Transgender Persons in Jamaica (AIDS and Behaviour) https://pubmed.n"
key-and-vulnerable-populations,https://williamsandremoh.wixsite.com/jmerg/items-2/key-and-vulnerable-populations,https://pubmed.ncbi.nlm.nih.gov/16864208/,https://pubmed.ncbi.nlm.nih.gov/16864208/,"1. Logie CH, et. al. (2026).  Disclosure, stigma, and HIV care among sex workers and men who have sex with men living with HIV in Jamaica. Int J STD AIDS. 2026 Aug 10:9564624261476362.

https://pubmed.ncbi.nlm.nih.gov/42576182/




2. Murray DA. (2025). Queerly departed: Queer viral socialities and Caribbean migrant desires. Sexualities. 2025 Feb;28(1-2):42-59. https://pubmed.ncbi.nlm.nih.gov/40083883/




MSM




1. Beckford-Jarrett et al – 2020 – Barriers and facilitators to participation of men who have sex with men and transgender women in HIV research in Jamaica (Culture Health and Sexuality)  https://pubmed.ncbi.nlm.nih.gov/31423952/




2. Chunnu – 2020 – Battyboy must die! Dancehall, class and religion in Jamaican homophobia. (European Journal of Cultural Studies) https://journals.sagepub.com/doi/10.1177/1367549420951578




3. Harris – 2019 – Survival now versus survival later: immediate and delayed HIV risk assessment among young Jamaican men who have transactional sex with men (Culture, Health and Sexuality) https://pubmed.ncbi.nlm.nih.gov/30444450/




4. Harris & Dunn – 2019 – “I Kept It to Myself”: Young Jamaican Men Who Have Sex with Men’s Experiences with Childhood Sexual Abuse and Sexual Assault (Archives of Sexual Behaviour) https://pubmed.ncbi.nlm.nih.gov/29951864/




5. Logie et al – 2019 – Syndemic Experiences, Protective Factors, and HIV Vulnerabilities Among Lesbian, Gay, Bisexual and Transgender Persons in Jamaica (AIDS and Behaviour) https://pubmed.n"
key-and-vulnerable-populations,https://williamsandremoh.wixsite.com/jmerg/items-2/key-and-vulnerable-populations,https://pubmed.ncbi.nlm.nih.gov/3216301/,,"1. Logie CH, et. al. (2026).  Disclosure, stigma, and HIV care among sex workers and men who have sex with men living with HIV in Jamaica. Int J STD AIDS. 2026 Aug 10:9564624261476362.

https://pubmed.ncbi.nlm.nih.gov/42576182/




2. Murray DA. (2025). Queerly departed: Queer viral socialities and Caribbean migrant desires. Sexualities. 2025 Feb;28(1-2):42-59. https://pubmed.ncbi.nlm.nih.gov/40083883/




MSM




1. Beckford-Jarrett et al – 2020 – Barriers and facilitators to participation of men who have sex with men and transgender women in HIV research in Jamaica (Culture Health and Sexuality)  https://pubmed.ncbi.nlm.nih.gov/31423952/




2. Chunnu – 2020 – Battyboy must die! Dancehall, class and religion in Jamaican homophobia. (European Journal of Cultural Studies) https://journals.sagepub.com/doi/10.1177/1367549420951578




3. Harris – 2019 – Survival now versus survival later: immediate and delayed HIV risk assessment among young Jamaican men who have transactional sex with men (Culture, Health and Sexuality) https://pubmed.ncbi.nlm.nih.gov/30444450/




4. Harris & Dunn – 2019 – “I Kept It to Myself”: Young Jamaican Men Who Have Sex with Men’s Experiences with Childhood Sexual Abuse and Sexual Assault (Archives of Sexual Behaviour) https://pubmed.ncbi.nlm.nih.gov/29951864/




5. Logie et al – 2019 – Syndemic Experiences, Protective Factors, and HIV Vulnerabilities Among Lesbian, Gay, Bisexual and Transgender Persons in Jamaica (AIDS and Behaviour) https://pubmed.n"
key-and-vulnerable-populations,https://williamsandremoh.wixsite.com/jmerg/items-2/key-and-vulnerable-populations,https://pubmed.ncbi.nlm.nih.gov/3216301/,https://pubmed.ncbi.nlm.nih.gov/3216301/,"1. Logie CH, et. al. (2026).  Disclosure, stigma, and HIV care among sex workers and men who have sex with men living with HIV in Jamaica. Int J STD AIDS. 2026 Aug 10:9564624261476362.

https://pubmed.ncbi.nlm.nih.gov/42576182/




2. Murray DA. (2025). Queerly departed: Queer viral socialities and Caribbean migrant desires. Sexualities. 2025 Feb;28(1-2):42-59. https://pubmed.ncbi.nlm.nih.gov/40083883/




MSM




1. Beckford-Jarrett et al – 2020 – Barriers and facilitators to participation of men who have sex with men and transgender women in HIV research in Jamaica (Culture Health and Sexuality)  https://pubmed.ncbi.nlm.nih.gov/31423952/




2. Chunnu – 2020 – Battyboy must die! Dancehall, class and religion in Jamaican homophobia. (European Journal of Cultural Studies) https://journals.sagepub.com/doi/10.1177/1367549420951578




3. Harris – 2019 – Survival now versus survival later: immediate and delayed HIV risk assessment among young Jamaican men who have transactional sex with men (Culture, Health and Sexuality) https://pubmed.ncbi.nlm.nih.gov/30444450/




4. Harris & Dunn – 2019 – “I Kept It to Myself”: Young Jamaican Men Who Have Sex with Men’s Experiences with Childhood Sexual Abuse and Sexual Assault (Archives of Sexual Behaviour) https://pubmed.ncbi.nlm.nih.gov/29951864/




5. Logie et al – 2019 – Syndemic Experiences, Protective Factors, and HIV Vulnerabilities Among Lesbian, Gay, Bisexual and Transgender Persons in Jamaica (AIDS and Behaviour) https://pubmed.n"
key-and-vulnerable-populations,https://williamsandremoh.wixsite.com/jmerg/items-2/key-and-vulnerable-populations,https://pubmed.ncbi.nlm.nih.gov/39095070/,,Silvera et al – 2024 - Transactional sex and risky sexual practices in Jamaica https://pubmed.ncbi.nlm.nih.gov/39095070/
key-and-vulnerable-populations,https://williamsandremoh.wixsite.com/jmerg/items-2/key-and-vulnerable-populations,https://pubmed.ncbi.nlm.nih.gov/39095070/,https://pubmed.ncbi.nlm.nih.gov/39095070/,Silvera et al – 2024 - Transactional sex and risky sexual practices in Jamaica https://pubmed.ncbi.nlm.nih.gov/39095070/
key-and-vulnerable-populations,https://williamsandremoh.wixsite.com/jmerg/items-2/key-and-vulnerable-populations,https://pubmed.ncbi.nlm.nih.gov/23038892/,,Rodriguez-Diaz et al - 2012 - HIV and incarceration in the Caribbean: the experiences of Puerto Rico and Jamaica https://pubmed.ncbi.nlm.nih.gov/23038892/
key-and-vulnerable-populations,https://williamsandremoh.wixsite.com/jmerg/items-2/key-and-vulnerable-populations,https://pubmed.ncbi.nlm.nih.gov/23038892/,https://pubmed.ncbi.nlm.nih.gov/23038892/,Rodriguez-Diaz et al - 2012 - HIV and incarceration in the Caribbean: the experiences of Puerto Rico and Jamaica https://pubmed.ncbi.nlm.nih.gov/23038892/
key-and-vulnerable-populations,https://williamsandremoh.wixsite.com/jmerg/items-2/key-and-vulnerable-populations,https://pubmed.ncbi.nlm.nih.gov/20089997/,,Andrinopoulos et al - 2010 - Establishment of an HIV/sexually transmitted disease programme and prevalence of infection among incarcerated men in Jamaica https://pubmed.ncbi.nlm.nih.gov/20089997/
key-and-vulnerable-populations,https://williamsandremoh.wixsite.com/jmerg/items-2/key-and-vulnerable-populations,https://pubmed.ncbi.nlm.nih.gov/20089997/,https://pubmed.ncbi.nlm.nih.gov/20089997/,Andrinopoulos et al - 2010 - Establishment of an HIV/sexually transmitted disease programme and prevalence of infection among incarcerated men in Jamaica https://pubmed.ncbi.nlm.nih.gov/20089997/
key-and-vulnerable-populations,https://williamsandremoh.wixsite.com/jmerg/items-2/key-and-vulnerable-populations,https://pubmed.ncbi.nlm.nih.gov/20390514/,,Andrinopoulos et al - 2010 - HIV coping self-efficacy: a key to understanding stigma and HIV test acceptance among incarcerated men in Jamaica https://pubmed.ncbi.nlm.nih.gov/20390514/
key-and-vulnerable-populations,https://williamsandremoh.wixsite.com/jmerg/items-2/key-and-vulnerable-populations,https://pubmed.ncbi.nlm.nih.gov/20390514/,https://pubmed.ncbi.nlm.nih.gov/20390514/,Andrinopoulos et al - 2010 - HIV coping self-efficacy: a key to understanding stigma and HIV test acceptance among incarcerated men in Jamaica https://pubmed.ncbi.nlm.nih.gov/20390514/
key-and-vulnerable-populations,https://williamsandremoh.wixsite.com/jmerg/items-2/key-and-vulnerable-populations,https://pubmed.ncbi.nlm.nih.gov/39098884/,,"Logie et al - 2024 - Intersecting Stigma and the HIV Care Cascade: Qualitative Insights from Sex Workers, Men who have Sex with Men, and Transgender Women Living with HIV in Jamaica https://pubmed.ncbi.nlm.nih.gov/39098884/"
key-and-vulnerable-populations,https://williamsandremoh.wixsite.com/jmerg/items-2/key-and-vulnerable-populations,https://pubmed.ncbi.nlm.nih.gov/39098884/,https://pubmed.ncbi.nlm.nih.gov/39098884/,"Logie et al - 2024 - Intersecting Stigma and the HIV Care Cascade: Qualitative Insights from Sex Workers, Men who have Sex with Men, and Transgender Women Living with HIV in Jamaica https://pubmed.ncbi.nlm.nih.gov/39098884/"
key-and-vulnerable-populations,https://williamsandremoh.wixsite.com/jmerg/items-2/key-and-vulnerable-populations,https://pubmed.ncbi.nlm.nih.gov/32666244/,,Logie et al - 2021 - Pre and Post-exposure Prophylaxis Awareness and Acceptability Among Sex Workers in Jamaica: A Cross-Sectional Study https://pubmed.ncbi.nlm.nih.gov/32666244/
key-and-vulnerable-populations,https://williamsandremoh.wixsite.com/jmerg/items-2/key-and-vulnerable-populations,https://pubmed.ncbi.nlm.nih.gov/32666244/,https://pubmed.ncbi.nlm.nih.gov/32666244/,Logie et al - 2021 - Pre and Post-exposure Prophylaxis Awareness and Acceptability Among Sex Workers in Jamaica: A Cross-Sectional Study https://pubmed.ncbi.nlm.nih.gov/32666244/
key-and-vulnerable-populations,https://williamsandremoh.wixsite.com/jmerg/items-2/key-and-vulnerable-populations,https://pubmed.ncbi.nlm.nih.gov/31423952/,,Beckford Jarrett  et al - 2020 - Barriers and facilitators to participation of men who have sex with men and transgender women in HIV research in Jamaica https://pubmed.ncbi.nlm.nih.gov/31423952/
key-and-vulnerable-populations,https://williamsandremoh.wixsite.com/jmerg/items-2/key-and-vulnerable-populations,https://pubmed.ncbi.nlm.nih.gov/31423952/,https://pubmed.ncbi.nlm.nih.gov/31423952/,Beckford Jarrett  et al - 2020 - Barriers and facilitators to participation of men who have sex with men and transgender women in HIV research in Jamaica https://pubmed.ncbi.nlm.nih.gov/31423952/
key-and-vulnerable-populations,https://williamsandremoh.wixsite.com/jmerg/items-2/key-and-vulnerable-populations,https://pubmed.ncbi.nlm.nih.gov/30600454/,,"Logie et al - 2019 - Syndemic Experiences, Protective Factors, and HIV Vulnerabilities Among Lesbian, Gay, Bisexual and Transgender Persons in Jamaica https://pubmed.ncbi.nlm.nih.gov/30600454/"
key-and-vulnerable-populations,https://williamsandremoh.wixsite.com/jmerg/items-2/key-and-vulnerable-populations,https://pubmed.ncbi.nlm.nih.gov/30600454/,https://pubmed.ncbi.nlm.nih.gov/30600454/,"Logie et al - 2019 - Syndemic Experiences, Protective Factors, and HIV Vulnerabilities Among Lesbian, Gay, Bisexual and Transgender Persons in Jamaica https://pubmed.ncbi.nlm.nih.gov/30600454/"
key-and-vulnerable-populations,https://williamsandremoh.wixsite.com/jmerg/items-2/key-and-vulnerable-populations,https://pubmed.ncbi.nlm.nih.gov/29420443/,,Logie et al - 2018 - Factors Associated With Syphilis Testing and a History of Syphilis Infection Among a Sample of Transgender Women in Jamaica https://pubmed.ncbi.nlm.nih.gov/29420443/
key-and-vulnerable-populations,https://williamsandremoh.wixsite.com/jmerg/items-2/key-and-vulnerable-populations,https://pubmed.ncbi.nlm.nih.gov/29420443/,https://pubmed.ncbi.nlm.nih.gov/29420443/,Logie et al - 2018 - Factors Associated With Syphilis Testing and a History of Syphilis Infection Among a Sample of Transgender Women in Jamaica https://pubmed.ncbi.nlm.nih.gov/29420443/
key-and-vulnerable-populations,https://williamsandremoh.wixsite.com/jmerg/items-2/key-and-vulnerable-populations,https://pubmed.ncbi.nlm.nih.gov/30475167/,,"Logie et al - 2018 - Navigating stigma, survival, and sex in contexts of social inequity among young transgender women and sexually diverse men in Kingston, Jamaica https://pubmed.ncbi.nlm.nih.gov/30475167/"
key-and-vulnerable-populations,https://williamsandremoh.wixsite.com/jmerg/items-2/key-and-vulnerable-populations,https://pubmed.ncbi.nlm.nih.gov/30475167/,https://pubmed.ncbi.nlm.nih.gov/30475167/,"Logie et al - 2018 - Navigating stigma, survival, and sex in contexts of social inequity among young transgender women and sexually diverse men in Kingston, Jamaica https://pubmed.ncbi.nlm.nih.gov/30475167/"
key-and-vulnerable-populations,https://williamsandremoh.wixsite.com/jmerg/items-2/key-and-vulnerable-populations,https://pubmed.ncbi.nlm.nih.gov/29302172/,,Logie et al - 2017 - Associations between Police Harassment and HIV Vulnerabilities among Men Who Have Sex with Men and Transgender Women in Jamaica https://pubmed.ncbi.nlm.nih.gov/29302172/
key-and-vulnerable-populations,https://williamsandremoh.wixsite.com/jmerg/items-2/key-and-vulnerable-populations,https://pubmed.ncbi.nlm.nih.gov/29302172/,https://pubmed.ncbi.nlm.nih.gov/29302172/,Logie et al - 2017 - Associations between Police Harassment and HIV Vulnerabilities among Men Who Have Sex with Men and Transgender Women in Jamaica https://pubmed.ncbi.nlm.nih.gov/29302172/
key-and-vulnerable-populations,https://williamsandremoh.wixsite.com/jmerg/items-2/key-and-vulnerable-populations,https://pubmed.ncbi.nlm.nih.gov/28406274/,,"Logie et al - 2017 - Barriers and facilitators to HIV testing among young men who have sex with men and transgender women in Kingston, Jamaica: a qualitative study https://pubmed.ncbi.nlm.nih.gov/28406274/"
key-and-vulnerable-populations,https://williamsandremoh.wixsite.com/jmerg/items-2/key-and-vulnerable-populations,https://pubmed.ncbi.nlm.nih.gov/28406274/,https://pubmed.ncbi.nlm.nih.gov/28406274/,"Logie et al - 2017 - Barriers and facilitators to HIV testing among young men who have sex with men and transgender women in Kingston, Jamaica: a qualitative study https://pubmed.ncbi.nlm.nih.gov/28406274/"
key-and-vulnerable-populations,https://williamsandremoh.wixsite.com/jmerg/items-2/key-and-vulnerable-populations,https://pubmed.ncbi.nlm.nih.gov/28406598/,,Logie et al - 2017 - Factors associated with sex work involvement among transgender women in Jamaica: a cross-sectional study https://pubmed.ncbi.nlm.nih.gov/28406598/
key-and-vulnerable-populations,https://williamsandremoh.wixsite.com/jmerg/items-2/key-and-vulnerable-populations,https://pubmed.ncbi.nlm.nih.gov/28406598/,https://pubmed.ncbi.nlm.nih.gov/28406598/,Logie et al - 2017 - Factors associated with sex work involvement among transgender women in Jamaica: a cross-sectional study https://pubmed.ncbi.nlm.nih.gov/28406598/
key-and-vulnerable-populations,https://williamsandremoh.wixsite.com/jmerg/items-2/key-and-vulnerable-populations,https://pubmed.ncbi.nlm.nih.gov/27610463/,,Logie et al - 2016 - Prevalence and Correlates of HIV Infection and HIV Testing Among Transgender Women in Jamaica https://pubmed.ncbi.nlm.nih.gov/27610463/
key-and-vulnerable-populations,https://williamsandremoh.wixsite.com/jmerg/items-2/key-and-vulnerable-populations,https://pubmed.ncbi.nlm.nih.gov/27610463/,https://pubmed.ncbi.nlm.nih.gov/27610463/,Logie et al - 2016 - Prevalence and Correlates of HIV Infection and HIV Testing Among Transgender Women in Jamaica https://pubmed.ncbi.nlm.nih.gov/27610463/
knowledge-attitudes-behaviour-and-practices,https://williamsandremoh.wixsite.com/jmerg/items-2/knowledge-attitudes-behaviour-and-practices,https://pubmed.ncbi.nlm.nih.gov/41874001/,https://pubmed.ncbi.nlm.nih.gov/41874001/,"1. Longhi D, Myrus E. et. al. (2026). Doxycycline Postexposure Prophylaxis in the Dominican Republic: Investigating Healthcare Provider Knowledge, Attitudes, and Practices in a Caribbean Clinical Setting. Sex Transm Dis. 2026 Jul 1;53(7):411-418. 

https://pubmed.ncbi.nlm.nih.gov/41874001/




2. Barrington C, et. al. (2025). ""'Corona' was bigger than AIDS"": exploring how female sex workers with HIV navigated HIV care and treatment during the onset of COVID-19 in the Dominican Republic and Tanzania. Cult Health Sex. 2025 Dec;27(12):1565-1580. 

https://pubmed.ncbi.nlm.nih.gov/40266811/




3. Daniel ES, Nelson T et. al. (2025). An Examination of Knowledge, Attitudes, and Intentions Related to Human Papillomavirus (HPV) Vaccination Among Undergraduate Students in Saint Lucia. Cureus. 2025 Mar 29;17(3):e81426. 

https://pubmed.ncbi.nlm.nih.gov/40296980/




4. Jones N, et. al. (2025) Breaking barriers: A qualitative study exploring the social and cultural factors that influence HIV awareness and uptake of HIV prevention among women of African and Caribbean heritage in England. Womens Health (Lond). 2025 Jan-Dec; 21:17455057251385798. 

https://pubmed.ncbi.nlm.nih.gov/41126510/




5. Osuji J, Domingo A, Olokude F. Healthcare lived experiences of African, Caribbean, and Black individuals in Alberta living with HIV/AIDS: A phenomenological study. Can J Public Health. 2025 Apr;116(2):184-193. 

https://pubmed.ncbi.nlm.nih.gov/39998752/




6. Carroll et al – 2023 – Fertility care "
knowledge-attitudes-behaviour-and-practices,https://williamsandremoh.wixsite.com/jmerg/items-2/knowledge-attitudes-behaviour-and-practices,https://pubmed.ncbi.nlm.nih.gov/40266811/,https://pubmed.ncbi.nlm.nih.gov/40266811/,"1. Longhi D, Myrus E. et. al. (2026). Doxycycline Postexposure Prophylaxis in the Dominican Republic: Investigating Healthcare Provider Knowledge, Attitudes, and Practices in a Caribbean Clinical Setting. Sex Transm Dis. 2026 Jul 1;53(7):411-418. 

https://pubmed.ncbi.nlm.nih.gov/41874001/




2. Barrington C, et. al. (2025). ""'Corona' was bigger than AIDS"": exploring how female sex workers with HIV navigated HIV care and treatment during the onset of COVID-19 in the Dominican Republic and Tanzania. Cult Health Sex. 2025 Dec;27(12):1565-1580. 

https://pubmed.ncbi.nlm.nih.gov/40266811/




3. Daniel ES, Nelson T et. al. (2025). An Examination of Knowledge, Attitudes, and Intentions Related to Human Papillomavirus (HPV) Vaccination Among Undergraduate Students in Saint Lucia. Cureus. 2025 Mar 29;17(3):e81426. 

https://pubmed.ncbi.nlm.nih.gov/40296980/




4. Jones N, et. al. (2025) Breaking barriers: A qualitative study exploring the social and cultural factors that influence HIV awareness and uptake of HIV prevention among women of African and Caribbean heritage in England. Womens Health (Lond). 2025 Jan-Dec; 21:17455057251385798. 

https://pubmed.ncbi.nlm.nih.gov/41126510/




5. Osuji J, Domingo A, Olokude F. Healthcare lived experiences of African, Caribbean, and Black individuals in Alberta living with HIV/AIDS: A phenomenological study. Can J Public Health. 2025 Apr;116(2):184-193. 

https://pubmed.ncbi.nlm.nih.gov/39998752/




6. Carroll et al – 2023 – Fertility care "
knowledge-attitudes-behaviour-and-practices,https://williamsandremoh.wixsite.com/jmerg/items-2/knowledge-attitudes-behaviour-and-practices,https://pubmed.ncbi.nlm.nih.gov/40296980/,https://pubmed.ncbi.nlm.nih.gov/40296980/,"1. Longhi D, Myrus E. et. al. (2026). Doxycycline Postexposure Prophylaxis in the Dominican Republic: Investigating Healthcare Provider Knowledge, Attitudes, and Practices in a Caribbean Clinical Setting. Sex Transm Dis. 2026 Jul 1;53(7):411-418. 

https://pubmed.ncbi.nlm.nih.gov/41874001/




2. Barrington C, et. al. (2025). ""'Corona' was bigger than AIDS"": exploring how female sex workers with HIV navigated HIV care and treatment during the onset of COVID-19 in the Dominican Republic and Tanzania. Cult Health Sex. 2025 Dec;27(12):1565-1580. 

https://pubmed.ncbi.nlm.nih.gov/40266811/




3. Daniel ES, Nelson T et. al. (2025). An Examination of Knowledge, Attitudes, and Intentions Related to Human Papillomavirus (HPV) Vaccination Among Undergraduate Students in Saint Lucia. Cureus. 2025 Mar 29;17(3):e81426. 

https://pubmed.ncbi.nlm.nih.gov/40296980/




4. Jones N, et. al. (2025) Breaking barriers: A qualitative study exploring the social and cultural factors that influence HIV awareness and uptake of HIV prevention among women of African and Caribbean heritage in England. Womens Health (Lond). 2025 Jan-Dec; 21:17455057251385798. 

https://pubmed.ncbi.nlm.nih.gov/41126510/




5. Osuji J, Domingo A, Olokude F. Healthcare lived experiences of African, Caribbean, and Black individuals in Alberta living with HIV/AIDS: A phenomenological study. Can J Public Health. 2025 Apr;116(2):184-193. 

https://pubmed.ncbi.nlm.nih.gov/39998752/




6. Carroll et al – 2023 – Fertility care "
knowledge-attitudes-behaviour-and-practices,https://williamsandremoh.wixsite.com/jmerg/items-2/knowledge-attitudes-behaviour-and-practices,https://pubmed.ncbi.nlm.nih.gov/41126510/,https://pubmed.ncbi.nlm.nih.gov/41126510/,"1. Longhi D, Myrus E. et. al. (2026). Doxycycline Postexposure Prophylaxis in the Dominican Republic: Investigating Healthcare Provider Knowledge, Attitudes, and Practices in a Caribbean Clinical Setting. Sex Transm Dis. 2026 Jul 1;53(7):411-418. 

https://pubmed.ncbi.nlm.nih.gov/41874001/




2. Barrington C, et. al. (2025). ""'Corona' was bigger than AIDS"": exploring how female sex workers with HIV navigated HIV care and treatment during the onset of COVID-19 in the Dominican Republic and Tanzania. Cult Health Sex. 2025 Dec;27(12):1565-1580. 

https://pubmed.ncbi.nlm.nih.gov/40266811/




3. Daniel ES, Nelson T et. al. (2025). An Examination of Knowledge, Attitudes, and Intentions Related to Human Papillomavirus (HPV) Vaccination Among Undergraduate Students in Saint Lucia. Cureus. 2025 Mar 29;17(3):e81426. 

https://pubmed.ncbi.nlm.nih.gov/40296980/




4. Jones N, et. al. (2025) Breaking barriers: A qualitative study exploring the social and cultural factors that influence HIV awareness and uptake of HIV prevention among women of African and Caribbean heritage in England. Womens Health (Lond). 2025 Jan-Dec; 21:17455057251385798. 

https://pubmed.ncbi.nlm.nih.gov/41126510/




5. Osuji J, Domingo A, Olokude F. Healthcare lived experiences of African, Caribbean, and Black individuals in Alberta living with HIV/AIDS: A phenomenological study. Can J Public Health. 2025 Apr;116(2):184-193. 

https://pubmed.ncbi.nlm.nih.gov/39998752/




6. Carroll et al – 2023 – Fertility care "
knowledge-attitudes-behaviour-and-practices,https://williamsandremoh.wixsite.com/jmerg/items-2/knowledge-attitudes-behaviour-and-practices,https://pubmed.ncbi.nlm.nih.gov/39998752/,https://pubmed.ncbi.nlm.nih.gov/39998752/,"1. Longhi D, Myrus E. et. al. (2026). Doxycycline Postexposure Prophylaxis in the Dominican Republic: Investigating Healthcare Provider Knowledge, Attitudes, and Practices in a Caribbean Clinical Setting. Sex Transm Dis. 2026 Jul 1;53(7):411-418. 

https://pubmed.ncbi.nlm.nih.gov/41874001/




2. Barrington C, et. al. (2025). ""'Corona' was bigger than AIDS"": exploring how female sex workers with HIV navigated HIV care and treatment during the onset of COVID-19 in the Dominican Republic and Tanzania. Cult Health Sex. 2025 Dec;27(12):1565-1580. 

https://pubmed.ncbi.nlm.nih.gov/40266811/




3. Daniel ES, Nelson T et. al. (2025). An Examination of Knowledge, Attitudes, and Intentions Related to Human Papillomavirus (HPV) Vaccination Among Undergraduate Students in Saint Lucia. Cureus. 2025 Mar 29;17(3):e81426. 

https://pubmed.ncbi.nlm.nih.gov/40296980/




4. Jones N, et. al. (2025) Breaking barriers: A qualitative study exploring the social and cultural factors that influence HIV awareness and uptake of HIV prevention among women of African and Caribbean heritage in England. Womens Health (Lond). 2025 Jan-Dec; 21:17455057251385798. 

https://pubmed.ncbi.nlm.nih.gov/41126510/




5. Osuji J, Domingo A, Olokude F. Healthcare lived experiences of African, Caribbean, and Black individuals in Alberta living with HIV/AIDS: A phenomenological study. Can J Public Health. 2025 Apr;116(2):184-193. 

https://pubmed.ncbi.nlm.nih.gov/39998752/




6. Carroll et al – 2023 – Fertility care "
knowledge-attitudes-behaviour-and-practices,https://williamsandremoh.wixsite.com/jmerg/items-2/knowledge-attitudes-behaviour-and-practices,"http://48. Carroll et al – 2023 – Fertility care expectations: what do PLHIV and health care providers in Jamaica know about assisted reproduction services for safe conception? (AIDS Care) https://pubmed.ncbi.nlm.nih.gov/34986729/  49. Andrews et al – 2022 – “It’s Not Good to Be Sick and Have the Child”: Perspectives on Pregnancy After HIV-Positive Diagnosis Among Women in Western Jamaica (International Journal of Women’s Health) https://pubmed.ncbi.nlm.nih.gov/35479291/  50. Patterson – 2022 – An exploratory study of Jamaican Women’s Health Beliefs around male condom use and negotiation in Jamaica (Social Work in Public Health) https://www.tandfonline.com/doi/abs/10.1080/19371918.2022.2039829  51. Patterson – 2022 – An Exploratory Study of Jamaican Women’s Health Beliefs around Male Condom Use and Negotiation in Jamaica (Social Work in Public Health) https://pubmed.ncbi.nlm.nih.gov/35147490/  52. Beckford-Jarrett et al – 2018 – Age at Sexual Initiation and Sexual and Health Risk Behaviors Among Jamaican Adolescents and Young Adults (AIDS and Behaviour) https://pubmed.ncbi.nlm.nih.gov/29476435/  53. Ncube et al – 2017 – Sexual risk Behaviour among HIV-positive persons in Jamaica (African Health Sciences) https://pubmed.ncbi.nlm.nih.gov/29026375/  54. Bourne et al – 2015 – Women promiscuity and reproductive health matters: findings and policy implications. (International Journal of Emergency Mental Health and Human Resilience) https://www.omicsonline.org/open-access/women-promiscuity-and-reproductive-health-matters-findings-and-policy-implications-1522-4821-17-146.php?aid=35289  55. Weir et al – 2015 – “Do you think your main partner has other sex partners?” A simple question provides insight into sexual risk in Jamaica (International Journal of STD and AIDS) https://pubmed.ncbi.nlm.nih.gov/24695013/  56. Walcott et al – 2014 – Gender norms and sexual behaviours among men in wester Jamaica. (Sexual Health) https://pubmed.ncbi.nlm.nih.gov/24618497/  57. Walcott et al – 2013 – Factors associated with the acceptability of male circumcision among men in Jamaica (PLoS One) https://pubmed.ncbi.nlm.nih.gov/24066164/  58. Morgan et al – 2012 – Prevalence of high-risk sexual behaviour in Jamaican adults and its relationship to sociodemographic and religious factors: findings from the Jamaica Health and Lifestyle Survey 2007-2008 (West Indian Medical Journal) https://www.mona.uwi.edu/fms/wimj/article/101  59. Bourne et al – 2010 – Sexual behaviour and attitude towards HIV testing among non-HIV testers in a developing nation: A public health concern. (North American Journal of Medical Sciences) https://pubmed.ncbi.nlm.nih.gov/22558590/  60. Figueroa & Jones-Cooper – 2010 – Attitudes towards male circumcision among attendees at a sexually transmitted infection clinic in Kingston, Jamaica (West Indian Medical Journal) https://www.mona.uwi.edu/fms/wimj/article/1263  61. Figueroa et al – 2010 – The challenge of promoting safe sex at sites where persons meet new sex partners in Jamaica: results of the Kingston PLACE randomized controlled trial (Tropical Medicine and International Health) https://pubmed.ncbi.nlm.nih.gov/20545916/ 62. Brissett & Griffiths-Irving – 2008 – Speak up! Speak out! Building HIV and AIDS awareness among Jamaican school children (West Indian Medical Journal) https://www.mona.uwi.edu/fms/wimj/article/760  63. Nnedu et al – 2008 – Factors Influencing Condom Use among Sexually Transmitted Infection Clinic Patients in Montego Bay, Jamaica (The Open Reproductive Science Journal) https://pubmed.ncbi.nlm.nih.gov/20182645/ 64. Weir et al – 2008 – Randomized controlled trial to investigate impact of site-based safer sex programmes in Kingston, Jamaica: trial design, methods and baseline findings (Tropical Medicine and International Health) https://pubmed.ncbi.nlm.nih.gov/18482079/ 65. Ekundayo et al – 2007 – The determinants of sexual intercourse before age 16 years among rural Jamaican adolescents (The Scientific World Journal) https://pubmed.ncbi.nlm.nih.gov/17450311/ 66. Hutchinson et al – 2007 – Culture-specific factors contributing to HIV risk among Jamaican adolescents (The Journal of Association of Nurses in AIDS Care) https://pubmed.ncbi.nlm.nih.gov/17403495/ 67. Norman et al – 2007 – Trends in HIV risk perception, condom use and sexual history among Jamaican youth, 1996-2004 (International Journal of Adolescent Medicine and Health) https://pubmed.ncbi.nlm.nih.gov/17593771/ 68. Norman & Carr – 2005 – Discriminatory attitudes toward persons living with HIV/AIDS in Jamaica: a hierarchical analysis of university students 2005 (AIDS and Public Policy Journal) https://pubmed.ncbi.nlm.nih.gov/17260568/ 69. Robillard – 2001 – The Jamaican adolescent: an assessment of knowledge and attitudes regarding HIV/AIDS 2001 (Paediatric Nursing) https://pubmed.ncbi.nlm.nih.gov/12962255/ 70. Smikle et al – 2000 – Risky behaviour in Jamaican adolescent patients attending a sexually transmitted disease clinic 2000 (West Indian Medical Journal)   https://pubmed.ncbi.nlm.nih.gov/11211544/ 71. Warren – 1999 – Geographical variations in AIDS knowledge and attitude among adolescent girls of Jamaica 1999 (AIDS Education and Prevention) https://pubmed.ncbi.nlm.nih.gov/10494360/ 72. Franc et al – 1996 – Working women’s sexual risk taking in Jamaica 1996 (Social Science and Medicine) https://pubmed.ncbi.nlm.nih.gov/8735897/ 73. Henry – 1993 – Positive “Vibes” in Jamaica: drama helps teens, parents and teachers discuss sexuality and AIDS 1993 (AIDScaptions) https://pubmed.ncbi.nlm.nih.gov/12288827/ 74. Orrett & Prabhakar – 1989 – Knowledge and understanding of AIDS among health-care workers in Jamaica (West Indian Medical Journal)  https://pubmed.ncbi.nlm.nih.gov/2623847/",https://pubmed.ncbi.nlm.nih.gov/34986729/ 49,"1. Longhi D, Myrus E. et. al. (2026). Doxycycline Postexposure Prophylaxis in the Dominican Republic: Investigating Healthcare Provider Knowledge, Attitudes, and Practices in a Caribbean Clinical Setting. Sex Transm Dis. 2026 Jul 1;53(7):411-418. 

https://pubmed.ncbi.nlm.nih.gov/41874001/




2. Barrington C, et. al. (2025). ""'Corona' was bigger than AIDS"": exploring how female sex workers with HIV navigated HIV care and treatment during the onset of COVID-19 in the Dominican Republic and Tanzania. Cult Health Sex. 2025 Dec;27(12):1565-1580. 

https://pubmed.ncbi.nlm.nih.gov/40266811/




3. Daniel ES, Nelson T et. al. (2025). An Examination of Knowledge, Attitudes, and Intentions Related to Human Papillomavirus (HPV) Vaccination Among Undergraduate Students in Saint Lucia. Cureus. 2025 Mar 29;17(3):e81426. 

https://pubmed.ncbi.nlm.nih.gov/40296980/




4. Jones N, et. al. (2025) Breaking barriers: A qualitative study exploring the social and cultural factors that influence HIV awareness and uptake of HIV prevention among women of African and Caribbean heritage in England. Womens Health (Lond). 2025 Jan-Dec; 21:17455057251385798. 

https://pubmed.ncbi.nlm.nih.gov/41126510/




5. Osuji J, Domingo A, Olokude F. Healthcare lived experiences of African, Caribbean, and Black individuals in Alberta living with HIV/AIDS: A phenomenological study. Can J Public Health. 2025 Apr;116(2):184-193. 

https://pubmed.ncbi.nlm.nih.gov/39998752/




6. Carroll et al – 2023 – Fertility care "
knowledge-attitudes-behaviour-and-practices,https://williamsandremoh.wixsite.com/jmerg/items-2/knowledge-attitudes-behaviour-and-practices,https://pubmed.ncbi.nlm.nih.gov/35479291/%2050,https://pubmed.ncbi.nlm.nih.gov/35479291/ 50,"1. Longhi D, Myrus E. et. al. (2026). Doxycycline Postexposure Prophylaxis in the Dominican Republic: Investigating Healthcare Provider Knowledge, Attitudes, and Practices in a Caribbean Clinical Setting. Sex Transm Dis. 2026 Jul 1;53(7):411-418. 

https://pubmed.ncbi.nlm.nih.gov/41874001/




2. Barrington C, et. al. (2025). ""'Corona' was bigger than AIDS"": exploring how female sex workers with HIV navigated HIV care and treatment during the onset of COVID-19 in the Dominican Republic and Tanzania. Cult Health Sex. 2025 Dec;27(12):1565-1580. 

https://pubmed.ncbi.nlm.nih.gov/40266811/




3. Daniel ES, Nelson T et. al. (2025). An Examination of Knowledge, Attitudes, and Intentions Related to Human Papillomavirus (HPV) Vaccination Among Undergraduate Students in Saint Lucia. Cureus. 2025 Mar 29;17(3):e81426. 

https://pubmed.ncbi.nlm.nih.gov/40296980/




4. Jones N, et. al. (2025) Breaking barriers: A qualitative study exploring the social and cultural factors that influence HIV awareness and uptake of HIV prevention among women of African and Caribbean heritage in England. Womens Health (Lond). 2025 Jan-Dec; 21:17455057251385798. 

https://pubmed.ncbi.nlm.nih.gov/41126510/




5. Osuji J, Domingo A, Olokude F. Healthcare lived experiences of African, Caribbean, and Black individuals in Alberta living with HIV/AIDS: A phenomenological study. Can J Public Health. 2025 Apr;116(2):184-193. 

https://pubmed.ncbi.nlm.nih.gov/39998752/




6. Carroll et al – 2023 – Fertility care "
knowledge-attitudes-behaviour-and-practices,https://williamsandremoh.wixsite.com/jmerg/items-2/knowledge-attitudes-behaviour-and-practices,https://pubmed.ncbi.nlm.nih.gov/35147490/%2052,https://pubmed.ncbi.nlm.nih.gov/35147490/ 52,"1. Longhi D, Myrus E. et. al. (2026). Doxycycline Postexposure Prophylaxis in the Dominican Republic: Investigating Healthcare Provider Knowledge, Attitudes, and Practices in a Caribbean Clinical Setting. Sex Transm Dis. 2026 Jul 1;53(7):411-418. 

https://pubmed.ncbi.nlm.nih.gov/41874001/




2. Barrington C, et. al. (2025). ""'Corona' was bigger than AIDS"": exploring how female sex workers with HIV navigated HIV care and treatment during the onset of COVID-19 in the Dominican Republic and Tanzania. Cult Health Sex. 2025 Dec;27(12):1565-1580. 

https://pubmed.ncbi.nlm.nih.gov/40266811/




3. Daniel ES, Nelson T et. al. (2025). An Examination of Knowledge, Attitudes, and Intentions Related to Human Papillomavirus (HPV) Vaccination Among Undergraduate Students in Saint Lucia. Cureus. 2025 Mar 29;17(3):e81426. 

https://pubmed.ncbi.nlm.nih.gov/40296980/




4. Jones N, et. al. (2025) Breaking barriers: A qualitative study exploring the social and cultural factors that influence HIV awareness and uptake of HIV prevention among women of African and Caribbean heritage in England. Womens Health (Lond). 2025 Jan-Dec; 21:17455057251385798. 

https://pubmed.ncbi.nlm.nih.gov/41126510/




5. Osuji J, Domingo A, Olokude F. Healthcare lived experiences of African, Caribbean, and Black individuals in Alberta living with HIV/AIDS: A phenomenological study. Can J Public Health. 2025 Apr;116(2):184-193. 

https://pubmed.ncbi.nlm.nih.gov/39998752/




6. Carroll et al – 2023 – Fertility care "
knowledge-attitudes-behaviour-and-practices,https://williamsandremoh.wixsite.com/jmerg/items-2/knowledge-attitudes-behaviour-and-practices,https://pubmed.ncbi.nlm.nih.gov/29476435/%2053,https://pubmed.ncbi.nlm.nih.gov/29476435/ 53,"1. Longhi D, Myrus E. et. al. (2026). Doxycycline Postexposure Prophylaxis in the Dominican Republic: Investigating Healthcare Provider Knowledge, Attitudes, and Practices in a Caribbean Clinical Setting. Sex Transm Dis. 2026 Jul 1;53(7):411-418. 

https://pubmed.ncbi.nlm.nih.gov/41874001/




2. Barrington C, et. al. (2025). ""'Corona' was bigger than AIDS"": exploring how female sex workers with HIV navigated HIV care and treatment during the onset of COVID-19 in the Dominican Republic and Tanzania. Cult Health Sex. 2025 Dec;27(12):1565-1580. 

https://pubmed.ncbi.nlm.nih.gov/40266811/




3. Daniel ES, Nelson T et. al. (2025). An Examination of Knowledge, Attitudes, and Intentions Related to Human Papillomavirus (HPV) Vaccination Among Undergraduate Students in Saint Lucia. Cureus. 2025 Mar 29;17(3):e81426. 

https://pubmed.ncbi.nlm.nih.gov/40296980/




4. Jones N, et. al. (2025) Breaking barriers: A qualitative study exploring the social and cultural factors that influence HIV awareness and uptake of HIV prevention among women of African and Caribbean heritage in England. Womens Health (Lond). 2025 Jan-Dec; 21:17455057251385798. 

https://pubmed.ncbi.nlm.nih.gov/41126510/




5. Osuji J, Domingo A, Olokude F. Healthcare lived experiences of African, Caribbean, and Black individuals in Alberta living with HIV/AIDS: A phenomenological study. Can J Public Health. 2025 Apr;116(2):184-193. 

https://pubmed.ncbi.nlm.nih.gov/39998752/




6. Carroll et al – 2023 – Fertility care "
knowledge-attitudes-behaviour-and-practices,https://williamsandremoh.wixsite.com/jmerg/items-2/knowledge-attitudes-behaviour-and-practices,https://pubmed.ncbi.nlm.nih.gov/29026375/%2054,https://pubmed.ncbi.nlm.nih.gov/29026375/ 54,"1. Longhi D, Myrus E. et. al. (2026). Doxycycline Postexposure Prophylaxis in the Dominican Republic: Investigating Healthcare Provider Knowledge, Attitudes, and Practices in a Caribbean Clinical Setting. Sex Transm Dis. 2026 Jul 1;53(7):411-418. 

https://pubmed.ncbi.nlm.nih.gov/41874001/




2. Barrington C, et. al. (2025). ""'Corona' was bigger than AIDS"": exploring how female sex workers with HIV navigated HIV care and treatment during the onset of COVID-19 in the Dominican Republic and Tanzania. Cult Health Sex. 2025 Dec;27(12):1565-1580. 

https://pubmed.ncbi.nlm.nih.gov/40266811/




3. Daniel ES, Nelson T et. al. (2025). An Examination of Knowledge, Attitudes, and Intentions Related to Human Papillomavirus (HPV) Vaccination Among Undergraduate Students in Saint Lucia. Cureus. 2025 Mar 29;17(3):e81426. 

https://pubmed.ncbi.nlm.nih.gov/40296980/




4. Jones N, et. al. (2025) Breaking barriers: A qualitative study exploring the social and cultural factors that influence HIV awareness and uptake of HIV prevention among women of African and Caribbean heritage in England. Womens Health (Lond). 2025 Jan-Dec; 21:17455057251385798. 

https://pubmed.ncbi.nlm.nih.gov/41126510/




5. Osuji J, Domingo A, Olokude F. Healthcare lived experiences of African, Caribbean, and Black individuals in Alberta living with HIV/AIDS: A phenomenological study. Can J Public Health. 2025 Apr;116(2):184-193. 

https://pubmed.ncbi.nlm.nih.gov/39998752/




6. Carroll et al – 2023 – Fertility care "
knowledge-attitudes-behaviour-and-practices,https://williamsandremoh.wixsite.com/jmerg/items-2/knowledge-attitudes-behaviour-and-practices,https://pubmed.ncbi.nlm.nih.gov/24695013/%2056,https://pubmed.ncbi.nlm.nih.gov/24695013/ 56,"1. Longhi D, Myrus E. et. al. (2026). Doxycycline Postexposure Prophylaxis in the Dominican Republic: Investigating Healthcare Provider Knowledge, Attitudes, and Practices in a Caribbean Clinical Setting. Sex Transm Dis. 2026 Jul 1;53(7):411-418. 

https://pubmed.ncbi.nlm.nih.gov/41874001/




2. Barrington C, et. al. (2025). ""'Corona' was bigger than AIDS"": exploring how female sex workers with HIV navigated HIV care and treatment during the onset of COVID-19 in the Dominican Republic and Tanzania. Cult Health Sex. 2025 Dec;27(12):1565-1580. 

https://pubmed.ncbi.nlm.nih.gov/40266811/




3. Daniel ES, Nelson T et. al. (2025). An Examination of Knowledge, Attitudes, and Intentions Related to Human Papillomavirus (HPV) Vaccination Among Undergraduate Students in Saint Lucia. Cureus. 2025 Mar 29;17(3):e81426. 

https://pubmed.ncbi.nlm.nih.gov/40296980/




4. Jones N, et. al. (2025) Breaking barriers: A qualitative study exploring the social and cultural factors that influence HIV awareness and uptake of HIV prevention among women of African and Caribbean heritage in England. Womens Health (Lond). 2025 Jan-Dec; 21:17455057251385798. 

https://pubmed.ncbi.nlm.nih.gov/41126510/




5. Osuji J, Domingo A, Olokude F. Healthcare lived experiences of African, Caribbean, and Black individuals in Alberta living with HIV/AIDS: A phenomenological study. Can J Public Health. 2025 Apr;116(2):184-193. 

https://pubmed.ncbi.nlm.nih.gov/39998752/




6. Carroll et al – 2023 – Fertility care "
knowledge-attitudes-behaviour-and-practices,https://williamsandremoh.wixsite.com/jmerg/items-2/knowledge-attitudes-behaviour-and-practices,https://pubmed.ncbi.nlm.nih.gov/24618497/%2057,https://pubmed.ncbi.nlm.nih.gov/24618497/ 57,"1. Longhi D, Myrus E. et. al. (2026). Doxycycline Postexposure Prophylaxis in the Dominican Republic: Investigating Healthcare Provider Knowledge, Attitudes, and Practices in a Caribbean Clinical Setting. Sex Transm Dis. 2026 Jul 1;53(7):411-418. 

https://pubmed.ncbi.nlm.nih.gov/41874001/




2. Barrington C, et. al. (2025). ""'Corona' was bigger than AIDS"": exploring how female sex workers with HIV navigated HIV care and treatment during the onset of COVID-19 in the Dominican Republic and Tanzania. Cult Health Sex. 2025 Dec;27(12):1565-1580. 

https://pubmed.ncbi.nlm.nih.gov/40266811/




3. Daniel ES, Nelson T et. al. (2025). An Examination of Knowledge, Attitudes, and Intentions Related to Human Papillomavirus (HPV) Vaccination Among Undergraduate Students in Saint Lucia. Cureus. 2025 Mar 29;17(3):e81426. 

https://pubmed.ncbi.nlm.nih.gov/40296980/




4. Jones N, et. al. (2025) Breaking barriers: A qualitative study exploring the social and cultural factors that influence HIV awareness and uptake of HIV prevention among women of African and Caribbean heritage in England. Womens Health (Lond). 2025 Jan-Dec; 21:17455057251385798. 

https://pubmed.ncbi.nlm.nih.gov/41126510/




5. Osuji J, Domingo A, Olokude F. Healthcare lived experiences of African, Caribbean, and Black individuals in Alberta living with HIV/AIDS: A phenomenological study. Can J Public Health. 2025 Apr;116(2):184-193. 

https://pubmed.ncbi.nlm.nih.gov/39998752/




6. Carroll et al – 2023 – Fertility care "
knowledge-attitudes-behaviour-and-practices,https://williamsandremoh.wixsite.com/jmerg/items-2/knowledge-attitudes-behaviour-and-practices,https://pubmed.ncbi.nlm.nih.gov/24066164/%2058,https://pubmed.ncbi.nlm.nih.gov/24066164/ 58,"1. Longhi D, Myrus E. et. al. (2026). Doxycycline Postexposure Prophylaxis in the Dominican Republic: Investigating Healthcare Provider Knowledge, Attitudes, and Practices in a Caribbean Clinical Setting. Sex Transm Dis. 2026 Jul 1;53(7):411-418. 

https://pubmed.ncbi.nlm.nih.gov/41874001/




2. Barrington C, et. al. (2025). ""'Corona' was bigger than AIDS"": exploring how female sex workers with HIV navigated HIV care and treatment during the onset of COVID-19 in the Dominican Republic and Tanzania. Cult Health Sex. 2025 Dec;27(12):1565-1580. 

https://pubmed.ncbi.nlm.nih.gov/40266811/




3. Daniel ES, Nelson T et. al. (2025). An Examination of Knowledge, Attitudes, and Intentions Related to Human Papillomavirus (HPV) Vaccination Among Undergraduate Students in Saint Lucia. Cureus. 2025 Mar 29;17(3):e81426. 

https://pubmed.ncbi.nlm.nih.gov/40296980/




4. Jones N, et. al. (2025) Breaking barriers: A qualitative study exploring the social and cultural factors that influence HIV awareness and uptake of HIV prevention among women of African and Caribbean heritage in England. Womens Health (Lond). 2025 Jan-Dec; 21:17455057251385798. 

https://pubmed.ncbi.nlm.nih.gov/41126510/




5. Osuji J, Domingo A, Olokude F. Healthcare lived experiences of African, Caribbean, and Black individuals in Alberta living with HIV/AIDS: A phenomenological study. Can J Public Health. 2025 Apr;116(2):184-193. 

https://pubmed.ncbi.nlm.nih.gov/39998752/




6. Carroll et al – 2023 – Fertility care "
knowledge-attitudes-behaviour-and-practices,https://williamsandremoh.wixsite.com/jmerg/items-2/knowledge-attitudes-behaviour-and-practices,https://pubmed.ncbi.nlm.nih.gov/22558590/%2060,https://pubmed.ncbi.nlm.nih.gov/22558590/ 60,"1. Longhi D, Myrus E. et. al. (2026). Doxycycline Postexposure Prophylaxis in the Dominican Republic: Investigating Healthcare Provider Knowledge, Attitudes, and Practices in a Caribbean Clinical Setting. Sex Transm Dis. 2026 Jul 1;53(7):411-418. 

https://pubmed.ncbi.nlm.nih.gov/41874001/




2. Barrington C, et. al. (2025). ""'Corona' was bigger than AIDS"": exploring how female sex workers with HIV navigated HIV care and treatment during the onset of COVID-19 in the Dominican Republic and Tanzania. Cult Health Sex. 2025 Dec;27(12):1565-1580. 

https://pubmed.ncbi.nlm.nih.gov/40266811/




3. Daniel ES, Nelson T et. al. (2025). An Examination of Knowledge, Attitudes, and Intentions Related to Human Papillomavirus (HPV) Vaccination Among Undergraduate Students in Saint Lucia. Cureus. 2025 Mar 29;17(3):e81426. 

https://pubmed.ncbi.nlm.nih.gov/40296980/




4. Jones N, et. al. (2025) Breaking barriers: A qualitative study exploring the social and cultural factors that influence HIV awareness and uptake of HIV prevention among women of African and Caribbean heritage in England. Womens Health (Lond). 2025 Jan-Dec; 21:17455057251385798. 

https://pubmed.ncbi.nlm.nih.gov/41126510/




5. Osuji J, Domingo A, Olokude F. Healthcare lived experiences of African, Caribbean, and Black individuals in Alberta living with HIV/AIDS: A phenomenological study. Can J Public Health. 2025 Apr;116(2):184-193. 

https://pubmed.ncbi.nlm.nih.gov/39998752/




6. Carroll et al – 2023 – Fertility care "
knowledge-attitudes-behaviour-and-practices,https://williamsandremoh.wixsite.com/jmerg/items-2/knowledge-attitudes-behaviour-and-practices,https://pubmed.ncbi.nlm.nih.gov/20545916/%2062,https://pubmed.ncbi.nlm.nih.gov/20545916/ 62,"1. Longhi D, Myrus E. et. al. (2026). Doxycycline Postexposure Prophylaxis in the Dominican Republic: Investigating Healthcare Provider Knowledge, Attitudes, and Practices in a Caribbean Clinical Setting. Sex Transm Dis. 2026 Jul 1;53(7):411-418. 

https://pubmed.ncbi.nlm.nih.gov/41874001/




2. Barrington C, et. al. (2025). ""'Corona' was bigger than AIDS"": exploring how female sex workers with HIV navigated HIV care and treatment during the onset of COVID-19 in the Dominican Republic and Tanzania. Cult Health Sex. 2025 Dec;27(12):1565-1580. 

https://pubmed.ncbi.nlm.nih.gov/40266811/




3. Daniel ES, Nelson T et. al. (2025). An Examination of Knowledge, Attitudes, and Intentions Related to Human Papillomavirus (HPV) Vaccination Among Undergraduate Students in Saint Lucia. Cureus. 2025 Mar 29;17(3):e81426. 

https://pubmed.ncbi.nlm.nih.gov/40296980/




4. Jones N, et. al. (2025) Breaking barriers: A qualitative study exploring the social and cultural factors that influence HIV awareness and uptake of HIV prevention among women of African and Caribbean heritage in England. Womens Health (Lond). 2025 Jan-Dec; 21:17455057251385798. 

https://pubmed.ncbi.nlm.nih.gov/41126510/




5. Osuji J, Domingo A, Olokude F. Healthcare lived experiences of African, Caribbean, and Black individuals in Alberta living with HIV/AIDS: A phenomenological study. Can J Public Health. 2025 Apr;116(2):184-193. 

https://pubmed.ncbi.nlm.nih.gov/39998752/




6. Carroll et al – 2023 – Fertility care "
knowledge-attitudes-behaviour-and-practices,https://williamsandremoh.wixsite.com/jmerg/items-2/knowledge-attitudes-behaviour-and-practices,https://pubmed.ncbi.nlm.nih.gov/20182645/%2064,https://pubmed.ncbi.nlm.nih.gov/20182645/ 64,"1. Longhi D, Myrus E. et. al. (2026). Doxycycline Postexposure Prophylaxis in the Dominican Republic: Investigating Healthcare Provider Knowledge, Attitudes, and Practices in a Caribbean Clinical Setting. Sex Transm Dis. 2026 Jul 1;53(7):411-418. 

https://pubmed.ncbi.nlm.nih.gov/41874001/




2. Barrington C, et. al. (2025). ""'Corona' was bigger than AIDS"": exploring how female sex workers with HIV navigated HIV care and treatment during the onset of COVID-19 in the Dominican Republic and Tanzania. Cult Health Sex. 2025 Dec;27(12):1565-1580. 

https://pubmed.ncbi.nlm.nih.gov/40266811/




3. Daniel ES, Nelson T et. al. (2025). An Examination of Knowledge, Attitudes, and Intentions Related to Human Papillomavirus (HPV) Vaccination Among Undergraduate Students in Saint Lucia. Cureus. 2025 Mar 29;17(3):e81426. 

https://pubmed.ncbi.nlm.nih.gov/40296980/




4. Jones N, et. al. (2025) Breaking barriers: A qualitative study exploring the social and cultural factors that influence HIV awareness and uptake of HIV prevention among women of African and Caribbean heritage in England. Womens Health (Lond). 2025 Jan-Dec; 21:17455057251385798. 

https://pubmed.ncbi.nlm.nih.gov/41126510/




5. Osuji J, Domingo A, Olokude F. Healthcare lived experiences of African, Caribbean, and Black individuals in Alberta living with HIV/AIDS: A phenomenological study. Can J Public Health. 2025 Apr;116(2):184-193. 

https://pubmed.ncbi.nlm.nih.gov/39998752/




6. Carroll et al – 2023 – Fertility care "
knowledge-attitudes-behaviour-and-practices,https://williamsandremoh.wixsite.com/jmerg/items-2/knowledge-attitudes-behaviour-and-practices,https://pubmed.ncbi.nlm.nih.gov/18482079/%2065,https://pubmed.ncbi.nlm.nih.gov/18482079/ 65,"1. Longhi D, Myrus E. et. al. (2026). Doxycycline Postexposure Prophylaxis in the Dominican Republic: Investigating Healthcare Provider Knowledge, Attitudes, and Practices in a Caribbean Clinical Setting. Sex Transm Dis. 2026 Jul 1;53(7):411-418. 

https://pubmed.ncbi.nlm.nih.gov/41874001/




2. Barrington C, et. al. (2025). ""'Corona' was bigger than AIDS"": exploring how female sex workers with HIV navigated HIV care and treatment during the onset of COVID-19 in the Dominican Republic and Tanzania. Cult Health Sex. 2025 Dec;27(12):1565-1580. 

https://pubmed.ncbi.nlm.nih.gov/40266811/




3. Daniel ES, Nelson T et. al. (2025). An Examination of Knowledge, Attitudes, and Intentions Related to Human Papillomavirus (HPV) Vaccination Among Undergraduate Students in Saint Lucia. Cureus. 2025 Mar 29;17(3):e81426. 

https://pubmed.ncbi.nlm.nih.gov/40296980/




4. Jones N, et. al. (2025) Breaking barriers: A qualitative study exploring the social and cultural factors that influence HIV awareness and uptake of HIV prevention among women of African and Caribbean heritage in England. Womens Health (Lond). 2025 Jan-Dec; 21:17455057251385798. 

https://pubmed.ncbi.nlm.nih.gov/41126510/




5. Osuji J, Domingo A, Olokude F. Healthcare lived experiences of African, Caribbean, and Black individuals in Alberta living with HIV/AIDS: A phenomenological study. Can J Public Health. 2025 Apr;116(2):184-193. 

https://pubmed.ncbi.nlm.nih.gov/39998752/




6. Carroll et al – 2023 – Fertility care "
knowledge-attitudes-behaviour-and-practices,https://williamsandremoh.wixsite.com/jmerg/items-2/knowledge-attitudes-behaviour-and-practices,https://pubmed.ncbi.nlm.nih.gov/17450311/%2066,https://pubmed.ncbi.nlm.nih.gov/17450311/ 66,"1. Longhi D, Myrus E. et. al. (2026). Doxycycline Postexposure Prophylaxis in the Dominican Republic: Investigating Healthcare Provider Knowledge, Attitudes, and Practices in a Caribbean Clinical Setting. Sex Transm Dis. 2026 Jul 1;53(7):411-418. 

https://pubmed.ncbi.nlm.nih.gov/41874001/




2. Barrington C, et. al. (2025). ""'Corona' was bigger than AIDS"": exploring how female sex workers with HIV navigated HIV care and treatment during the onset of COVID-19 in the Dominican Republic and Tanzania. Cult Health Sex. 2025 Dec;27(12):1565-1580. 

https://pubmed.ncbi.nlm.nih.gov/40266811/




3. Daniel ES, Nelson T et. al. (2025). An Examination of Knowledge, Attitudes, and Intentions Related to Human Papillomavirus (HPV) Vaccination Among Undergraduate Students in Saint Lucia. Cureus. 2025 Mar 29;17(3):e81426. 

https://pubmed.ncbi.nlm.nih.gov/40296980/




4. Jones N, et. al. (2025) Breaking barriers: A qualitative study exploring the social and cultural factors that influence HIV awareness and uptake of HIV prevention among women of African and Caribbean heritage in England. Womens Health (Lond). 2025 Jan-Dec; 21:17455057251385798. 

https://pubmed.ncbi.nlm.nih.gov/41126510/




5. Osuji J, Domingo A, Olokude F. Healthcare lived experiences of African, Caribbean, and Black individuals in Alberta living with HIV/AIDS: A phenomenological study. Can J Public Health. 2025 Apr;116(2):184-193. 

https://pubmed.ncbi.nlm.nih.gov/39998752/




6. Carroll et al – 2023 – Fertility care "
knowledge-attitudes-behaviour-and-practices,https://williamsandremoh.wixsite.com/jmerg/items-2/knowledge-attitudes-behaviour-and-practices,https://pubmed.ncbi.nlm.nih.gov/17403495/%2067,https://pubmed.ncbi.nlm.nih.gov/17403495/ 67,"1. Longhi D, Myrus E. et. al. (2026). Doxycycline Postexposure Prophylaxis in the Dominican Republic: Investigating Healthcare Provider Knowledge, Attitudes, and Practices in a Caribbean Clinical Setting. Sex Transm Dis. 2026 Jul 1;53(7):411-418. 

https://pubmed.ncbi.nlm.nih.gov/41874001/




2. Barrington C, et. al. (2025). ""'Corona' was bigger than AIDS"": exploring how female sex workers with HIV navigated HIV care and treatment during the onset of COVID-19 in the Dominican Republic and Tanzania. Cult Health Sex. 2025 Dec;27(12):1565-1580. 

https://pubmed.ncbi.nlm.nih.gov/40266811/




3. Daniel ES, Nelson T et. al. (2025). An Examination of Knowledge, Attitudes, and Intentions Related to Human Papillomavirus (HPV) Vaccination Among Undergraduate Students in Saint Lucia. Cureus. 2025 Mar 29;17(3):e81426. 

https://pubmed.ncbi.nlm.nih.gov/40296980/




4. Jones N, et. al. (2025) Breaking barriers: A qualitative study exploring the social and cultural factors that influence HIV awareness and uptake of HIV prevention among women of African and Caribbean heritage in England. Womens Health (Lond). 2025 Jan-Dec; 21:17455057251385798. 

https://pubmed.ncbi.nlm.nih.gov/41126510/




5. Osuji J, Domingo A, Olokude F. Healthcare lived experiences of African, Caribbean, and Black individuals in Alberta living with HIV/AIDS: A phenomenological study. Can J Public Health. 2025 Apr;116(2):184-193. 

https://pubmed.ncbi.nlm.nih.gov/39998752/




6. Carroll et al – 2023 – Fertility care "
knowledge-attitudes-behaviour-and-practices,https://williamsandremoh.wixsite.com/jmerg/items-2/knowledge-attitudes-behaviour-and-practices,https://pubmed.ncbi.nlm.nih.gov/17593771/%2068,https://pubmed.ncbi.nlm.nih.gov/17593771/ 68,"1. Longhi D, Myrus E. et. al. (2026). Doxycycline Postexposure Prophylaxis in the Dominican Republic: Investigating Healthcare Provider Knowledge, Attitudes, and Practices in a Caribbean Clinical Setting. Sex Transm Dis. 2026 Jul 1;53(7):411-418. 

https://pubmed.ncbi.nlm.nih.gov/41874001/




2. Barrington C, et. al. (2025). ""'Corona' was bigger than AIDS"": exploring how female sex workers with HIV navigated HIV care and treatment during the onset of COVID-19 in the Dominican Republic and Tanzania. Cult Health Sex. 2025 Dec;27(12):1565-1580. 

https://pubmed.ncbi.nlm.nih.gov/40266811/




3. Daniel ES, Nelson T et. al. (2025). An Examination of Knowledge, Attitudes, and Intentions Related to Human Papillomavirus (HPV) Vaccination Among Undergraduate Students in Saint Lucia. Cureus. 2025 Mar 29;17(3):e81426. 

https://pubmed.ncbi.nlm.nih.gov/40296980/




4. Jones N, et. al. (2025) Breaking barriers: A qualitative study exploring the social and cultural factors that influence HIV awareness and uptake of HIV prevention among women of African and Caribbean heritage in England. Womens Health (Lond). 2025 Jan-Dec; 21:17455057251385798. 

https://pubmed.ncbi.nlm.nih.gov/41126510/




5. Osuji J, Domingo A, Olokude F. Healthcare lived experiences of African, Caribbean, and Black individuals in Alberta living with HIV/AIDS: A phenomenological study. Can J Public Health. 2025 Apr;116(2):184-193. 

https://pubmed.ncbi.nlm.nih.gov/39998752/




6. Carroll et al – 2023 – Fertility care "
knowledge-attitudes-behaviour-and-practices,https://williamsandremoh.wixsite.com/jmerg/items-2/knowledge-attitudes-behaviour-and-practices,https://pubmed.ncbi.nlm.nih.gov/17260568/%2069,https://pubmed.ncbi.nlm.nih.gov/17260568/ 69,"1. Longhi D, Myrus E. et. al. (2026). Doxycycline Postexposure Prophylaxis in the Dominican Republic: Investigating Healthcare Provider Knowledge, Attitudes, and Practices in a Caribbean Clinical Setting. Sex Transm Dis. 2026 Jul 1;53(7):411-418. 

https://pubmed.ncbi.nlm.nih.gov/41874001/




2. Barrington C, et. al. (2025). ""'Corona' was bigger than AIDS"": exploring how female sex workers with HIV navigated HIV care and treatment during the onset of COVID-19 in the Dominican Republic and Tanzania. Cult Health Sex. 2025 Dec;27(12):1565-1580. 

https://pubmed.ncbi.nlm.nih.gov/40266811/




3. Daniel ES, Nelson T et. al. (2025). An Examination of Knowledge, Attitudes, and Intentions Related to Human Papillomavirus (HPV) Vaccination Among Undergraduate Students in Saint Lucia. Cureus. 2025 Mar 29;17(3):e81426. 

https://pubmed.ncbi.nlm.nih.gov/40296980/




4. Jones N, et. al. (2025) Breaking barriers: A qualitative study exploring the social and cultural factors that influence HIV awareness and uptake of HIV prevention among women of African and Caribbean heritage in England. Womens Health (Lond). 2025 Jan-Dec; 21:17455057251385798. 

https://pubmed.ncbi.nlm.nih.gov/41126510/




5. Osuji J, Domingo A, Olokude F. Healthcare lived experiences of African, Caribbean, and Black individuals in Alberta living with HIV/AIDS: A phenomenological study. Can J Public Health. 2025 Apr;116(2):184-193. 

https://pubmed.ncbi.nlm.nih.gov/39998752/




6. Carroll et al – 2023 – Fertility care "
knowledge-attitudes-behaviour-and-practices,https://williamsandremoh.wixsite.com/jmerg/items-2/knowledge-attitudes-behaviour-and-practices,https://pubmed.ncbi.nlm.nih.gov/12962255/%2070,https://pubmed.ncbi.nlm.nih.gov/12962255/ 70,"1. Longhi D, Myrus E. et. al. (2026). Doxycycline Postexposure Prophylaxis in the Dominican Republic: Investigating Healthcare Provider Knowledge, Attitudes, and Practices in a Caribbean Clinical Setting. Sex Transm Dis. 2026 Jul 1;53(7):411-418. 

https://pubmed.ncbi.nlm.nih.gov/41874001/




2. Barrington C, et. al. (2025). ""'Corona' was bigger than AIDS"": exploring how female sex workers with HIV navigated HIV care and treatment during the onset of COVID-19 in the Dominican Republic and Tanzania. Cult Health Sex. 2025 Dec;27(12):1565-1580. 

https://pubmed.ncbi.nlm.nih.gov/40266811/




3. Daniel ES, Nelson T et. al. (2025). An Examination of Knowledge, Attitudes, and Intentions Related to Human Papillomavirus (HPV) Vaccination Among Undergraduate Students in Saint Lucia. Cureus. 2025 Mar 29;17(3):e81426. 

https://pubmed.ncbi.nlm.nih.gov/40296980/




4. Jones N, et. al. (2025) Breaking barriers: A qualitative study exploring the social and cultural factors that influence HIV awareness and uptake of HIV prevention among women of African and Caribbean heritage in England. Womens Health (Lond). 2025 Jan-Dec; 21:17455057251385798. 

https://pubmed.ncbi.nlm.nih.gov/41126510/




5. Osuji J, Domingo A, Olokude F. Healthcare lived experiences of African, Caribbean, and Black individuals in Alberta living with HIV/AIDS: A phenomenological study. Can J Public Health. 2025 Apr;116(2):184-193. 

https://pubmed.ncbi.nlm.nih.gov/39998752/




6. Carroll et al – 2023 – Fertility care "
knowledge-attitudes-behaviour-and-practices,https://williamsandremoh.wixsite.com/jmerg/items-2/knowledge-attitudes-behaviour-and-practices,https://pubmed.ncbi.nlm.nih.gov/11211544/%2071,https://pubmed.ncbi.nlm.nih.gov/11211544/ 71,"1. Longhi D, Myrus E. et. al. (2026). Doxycycline Postexposure Prophylaxis in the Dominican Republic: Investigating Healthcare Provider Knowledge, Attitudes, and Practices in a Caribbean Clinical Setting. Sex Transm Dis. 2026 Jul 1;53(7):411-418. 

https://pubmed.ncbi.nlm.nih.gov/41874001/




2. Barrington C, et. al. (2025). ""'Corona' was bigger than AIDS"": exploring how female sex workers with HIV navigated HIV care and treatment during the onset of COVID-19 in the Dominican Republic and Tanzania. Cult Health Sex. 2025 Dec;27(12):1565-1580. 

https://pubmed.ncbi.nlm.nih.gov/40266811/




3. Daniel ES, Nelson T et. al. (2025). An Examination of Knowledge, Attitudes, and Intentions Related to Human Papillomavirus (HPV) Vaccination Among Undergraduate Students in Saint Lucia. Cureus. 2025 Mar 29;17(3):e81426. 

https://pubmed.ncbi.nlm.nih.gov/40296980/




4. Jones N, et. al. (2025) Breaking barriers: A qualitative study exploring the social and cultural factors that influence HIV awareness and uptake of HIV prevention among women of African and Caribbean heritage in England. Womens Health (Lond). 2025 Jan-Dec; 21:17455057251385798. 

https://pubmed.ncbi.nlm.nih.gov/41126510/




5. Osuji J, Domingo A, Olokude F. Healthcare lived experiences of African, Caribbean, and Black individuals in Alberta living with HIV/AIDS: A phenomenological study. Can J Public Health. 2025 Apr;116(2):184-193. 

https://pubmed.ncbi.nlm.nih.gov/39998752/




6. Carroll et al – 2023 – Fertility care "
knowledge-attitudes-behaviour-and-practices,https://williamsandremoh.wixsite.com/jmerg/items-2/knowledge-attitudes-behaviour-and-practices,https://pubmed.ncbi.nlm.nih.gov/10494360/%2072,https://pubmed.ncbi.nlm.nih.gov/10494360/ 72,"1. Longhi D, Myrus E. et. al. (2026). Doxycycline Postexposure Prophylaxis in the Dominican Republic: Investigating Healthcare Provider Knowledge, Attitudes, and Practices in a Caribbean Clinical Setting. Sex Transm Dis. 2026 Jul 1;53(7):411-418. 

https://pubmed.ncbi.nlm.nih.gov/41874001/




2. Barrington C, et. al. (2025). ""'Corona' was bigger than AIDS"": exploring how female sex workers with HIV navigated HIV care and treatment during the onset of COVID-19 in the Dominican Republic and Tanzania. Cult Health Sex. 2025 Dec;27(12):1565-1580. 

https://pubmed.ncbi.nlm.nih.gov/40266811/




3. Daniel ES, Nelson T et. al. (2025). An Examination of Knowledge, Attitudes, and Intentions Related to Human Papillomavirus (HPV) Vaccination Among Undergraduate Students in Saint Lucia. Cureus. 2025 Mar 29;17(3):e81426. 

https://pubmed.ncbi.nlm.nih.gov/40296980/




4. Jones N, et. al. (2025) Breaking barriers: A qualitative study exploring the social and cultural factors that influence HIV awareness and uptake of HIV prevention among women of African and Caribbean heritage in England. Womens Health (Lond). 2025 Jan-Dec; 21:17455057251385798. 

https://pubmed.ncbi.nlm.nih.gov/41126510/




5. Osuji J, Domingo A, Olokude F. Healthcare lived experiences of African, Caribbean, and Black individuals in Alberta living with HIV/AIDS: A phenomenological study. Can J Public Health. 2025 Apr;116(2):184-193. 

https://pubmed.ncbi.nlm.nih.gov/39998752/




6. Carroll et al – 2023 – Fertility care "
knowledge-attitudes-behaviour-and-practices,https://williamsandremoh.wixsite.com/jmerg/items-2/knowledge-attitudes-behaviour-and-practices,https://pubmed.ncbi.nlm.nih.gov/8735897/%2073,https://pubmed.ncbi.nlm.nih.gov/8735897/ 73,"1. Longhi D, Myrus E. et. al. (2026). Doxycycline Postexposure Prophylaxis in the Dominican Republic: Investigating Healthcare Provider Knowledge, Attitudes, and Practices in a Caribbean Clinical Setting. Sex Transm Dis. 2026 Jul 1;53(7):411-418. 

https://pubmed.ncbi.nlm.nih.gov/41874001/




2. Barrington C, et. al. (2025). ""'Corona' was bigger than AIDS"": exploring how female sex workers with HIV navigated HIV care and treatment during the onset of COVID-19 in the Dominican Republic and Tanzania. Cult Health Sex. 2025 Dec;27(12):1565-1580. 

https://pubmed.ncbi.nlm.nih.gov/40266811/




3. Daniel ES, Nelson T et. al. (2025). An Examination of Knowledge, Attitudes, and Intentions Related to Human Papillomavirus (HPV) Vaccination Among Undergraduate Students in Saint Lucia. Cureus. 2025 Mar 29;17(3):e81426. 

https://pubmed.ncbi.nlm.nih.gov/40296980/




4. Jones N, et. al. (2025) Breaking barriers: A qualitative study exploring the social and cultural factors that influence HIV awareness and uptake of HIV prevention among women of African and Caribbean heritage in England. Womens Health (Lond). 2025 Jan-Dec; 21:17455057251385798. 

https://pubmed.ncbi.nlm.nih.gov/41126510/




5. Osuji J, Domingo A, Olokude F. Healthcare lived experiences of African, Caribbean, and Black individuals in Alberta living with HIV/AIDS: A phenomenological study. Can J Public Health. 2025 Apr;116(2):184-193. 

https://pubmed.ncbi.nlm.nih.gov/39998752/




6. Carroll et al – 2023 – Fertility care "
knowledge-attitudes-behaviour-and-practices,https://williamsandremoh.wixsite.com/jmerg/items-2/knowledge-attitudes-behaviour-and-practices,https://pubmed.ncbi.nlm.nih.gov/12288827/%2074,https://pubmed.ncbi.nlm.nih.gov/12288827/ 74,"1. Longhi D, Myrus E. et. al. (2026). Doxycycline Postexposure Prophylaxis in the Dominican Republic: Investigating Healthcare Provider Knowledge, Attitudes, and Practices in a Caribbean Clinical Setting. Sex Transm Dis. 2026 Jul 1;53(7):411-418. 

https://pubmed.ncbi.nlm.nih.gov/41874001/




2. Barrington C, et. al. (2025). ""'Corona' was bigger than AIDS"": exploring how female sex workers with HIV navigated HIV care and treatment during the onset of COVID-19 in the Dominican Republic and Tanzania. Cult Health Sex. 2025 Dec;27(12):1565-1580. 

https://pubmed.ncbi.nlm.nih.gov/40266811/




3. Daniel ES, Nelson T et. al. (2025). An Examination of Knowledge, Attitudes, and Intentions Related to Human Papillomavirus (HPV) Vaccination Among Undergraduate Students in Saint Lucia. Cureus. 2025 Mar 29;17(3):e81426. 

https://pubmed.ncbi.nlm.nih.gov/40296980/




4. Jones N, et. al. (2025) Breaking barriers: A qualitative study exploring the social and cultural factors that influence HIV awareness and uptake of HIV prevention among women of African and Caribbean heritage in England. Womens Health (Lond). 2025 Jan-Dec; 21:17455057251385798. 

https://pubmed.ncbi.nlm.nih.gov/41126510/




5. Osuji J, Domingo A, Olokude F. Healthcare lived experiences of African, Caribbean, and Black individuals in Alberta living with HIV/AIDS: A phenomenological study. Can J Public Health. 2025 Apr;116(2):184-193. 

https://pubmed.ncbi.nlm.nih.gov/39998752/




6. Carroll et al – 2023 – Fertility care "
knowledge-attitudes-behaviour-and-practices,https://williamsandremoh.wixsite.com/jmerg/items-2/knowledge-attitudes-behaviour-and-practices,https://pubmed.ncbi.nlm.nih.gov/2623847/,https://pubmed.ncbi.nlm.nih.gov/2623847/,"1. Longhi D, Myrus E. et. al. (2026). Doxycycline Postexposure Prophylaxis in the Dominican Republic: Investigating Healthcare Provider Knowledge, Attitudes, and Practices in a Caribbean Clinical Setting. Sex Transm Dis. 2026 Jul 1;53(7):411-418. 

https://pubmed.ncbi.nlm.nih.gov/41874001/




2. Barrington C, et. al. (2025). ""'Corona' was bigger than AIDS"": exploring how female sex workers with HIV navigated HIV care and treatment during the onset of COVID-19 in the Dominican Republic and Tanzania. Cult Health Sex. 2025 Dec;27(12):1565-1580. 

https://pubmed.ncbi.nlm.nih.gov/40266811/




3. Daniel ES, Nelson T et. al. (2025). An Examination of Knowledge, Attitudes, and Intentions Related to Human Papillomavirus (HPV) Vaccination Among Undergraduate Students in Saint Lucia. Cureus. 2025 Mar 29;17(3):e81426. 

https://pubmed.ncbi.nlm.nih.gov/40296980/




4. Jones N, et. al. (2025) Breaking barriers: A qualitative study exploring the social and cultural factors that influence HIV awareness and uptake of HIV prevention among women of African and Caribbean heritage in England. Womens Health (Lond). 2025 Jan-Dec; 21:17455057251385798. 

https://pubmed.ncbi.nlm.nih.gov/41126510/




5. Osuji J, Domingo A, Olokude F. Healthcare lived experiences of African, Caribbean, and Black individuals in Alberta living with HIV/AIDS: A phenomenological study. Can J Public Health. 2025 Apr;116(2):184-193. 

https://pubmed.ncbi.nlm.nih.gov/39998752/




6. Carroll et al – 2023 – Fertility care "
paediatric-hiv%2Faids,https://williamsandremoh.wixsite.com/jmerg/items-2/paediatric-hiv%2Faids,https://pubmed.ncbi.nlm.nih.gov/39967284/,,"1. Melbourne-Chambers R, et. al. (2025). Clinical findings and neurodevelopmental outcome in Jamaican children with suspected congenital Zika syndrome. Paediatr Int Child Health. 2025 May-Aug;45(1-2):18-25.  https://pubmed.ncbi.nlm.nih.gov/39967284/




2. Orrigio et al – 2021 – Sexual Abuse and Sexually-Transmitted HIV/AIDS in Jamaican Children and Adolescents Aged 6-19 Years. (Journal of Infection in Developing Countries) https://pubmed.ncbi.nlm.nih.gov/34343124/




3. Miller & Wallder – 2016 – Protecting HIV-positive children in Jamaica: Exploring policy, practice and institutional responses (Children and Young People Living with HIV/AIDS) https://link.springer.com/chapter/10.1007/978-3-319-29936-5_14




4. Pierre et al – 2016 – Infectious disease morbidity and growth among young HIV-exposed uninfected children in Jamaica (Pan-American Journal of Public Health) https://pubmed.ncbi.nlm.nih.gov/28718488/




5. Clifford et al – 2013 – What are the benefits and barriers of communicating parental HIV status to seronegative children and the implications for Jamaica? A narrative review of the literature in low/middle income countries (West Indian Medical Journal) https://www.mona.uwi.edu/fms/wimj/article/842




6. Walker et al – 2013 – Neurocognitive function in HIV-positive children in a developing country (International Journal of Infectious Diseases) https://pubmed.ncbi.nlm.nih.gov/23562357/




7. Byam et al – 2010 – Antibiotic resistance among pathogens causing disease i"
paediatric-hiv%2Faids,https://williamsandremoh.wixsite.com/jmerg/items-2/paediatric-hiv%2Faids,https://pubmed.ncbi.nlm.nih.gov/39967284/,https://pubmed.ncbi.nlm.nih.gov/39967284/,"1. Melbourne-Chambers R, et. al. (2025). Clinical findings and neurodevelopmental outcome in Jamaican children with suspected congenital Zika syndrome. Paediatr Int Child Health. 2025 May-Aug;45(1-2):18-25.  https://pubmed.ncbi.nlm.nih.gov/39967284/




2. Orrigio et al – 2021 – Sexual Abuse and Sexually-Transmitted HIV/AIDS in Jamaican Children and Adolescents Aged 6-19 Years. (Journal of Infection in Developing Countries) https://pubmed.ncbi.nlm.nih.gov/34343124/




3. Miller & Wallder – 2016 – Protecting HIV-positive children in Jamaica: Exploring policy, practice and institutional responses (Children and Young People Living with HIV/AIDS) https://link.springer.com/chapter/10.1007/978-3-319-29936-5_14




4. Pierre et al – 2016 – Infectious disease morbidity and growth among young HIV-exposed uninfected children in Jamaica (Pan-American Journal of Public Health) https://pubmed.ncbi.nlm.nih.gov/28718488/




5. Clifford et al – 2013 – What are the benefits and barriers of communicating parental HIV status to seronegative children and the implications for Jamaica? A narrative review of the literature in low/middle income countries (West Indian Medical Journal) https://www.mona.uwi.edu/fms/wimj/article/842




6. Walker et al – 2013 – Neurocognitive function in HIV-positive children in a developing country (International Journal of Infectious Diseases) https://pubmed.ncbi.nlm.nih.gov/23562357/




7. Byam et al – 2010 – Antibiotic resistance among pathogens causing disease i"
paediatric-hiv%2Faids,https://williamsandremoh.wixsite.com/jmerg/items-2/paediatric-hiv%2Faids,https://pubmed.ncbi.nlm.nih.gov/34343124/,,"1. Melbourne-Chambers R, et. al. (2025). Clinical findings and neurodevelopmental outcome in Jamaican children with suspected congenital Zika syndrome. Paediatr Int Child Health. 2025 May-Aug;45(1-2):18-25.  https://pubmed.ncbi.nlm.nih.gov/39967284/




2. Orrigio et al – 2021 – Sexual Abuse and Sexually-Transmitted HIV/AIDS in Jamaican Children and Adolescents Aged 6-19 Years. (Journal of Infection in Developing Countries) https://pubmed.ncbi.nlm.nih.gov/34343124/




3. Miller & Wallder – 2016 – Protecting HIV-positive children in Jamaica: Exploring policy, practice and institutional responses (Children and Young People Living with HIV/AIDS) https://link.springer.com/chapter/10.1007/978-3-319-29936-5_14




4. Pierre et al – 2016 – Infectious disease morbidity and growth among young HIV-exposed uninfected children in Jamaica (Pan-American Journal of Public Health) https://pubmed.ncbi.nlm.nih.gov/28718488/




5. Clifford et al – 2013 – What are the benefits and barriers of communicating parental HIV status to seronegative children and the implications for Jamaica? A narrative review of the literature in low/middle income countries (West Indian Medical Journal) https://www.mona.uwi.edu/fms/wimj/article/842




6. Walker et al – 2013 – Neurocognitive function in HIV-positive children in a developing country (International Journal of Infectious Diseases) https://pubmed.ncbi.nlm.nih.gov/23562357/




7. Byam et al – 2010 – Antibiotic resistance among pathogens causing disease i"
paediatric-hiv%2Faids,https://williamsandremoh.wixsite.com/jmerg/items-2/paediatric-hiv%2Faids,https://pubmed.ncbi.nlm.nih.gov/34343124/,https://pubmed.ncbi.nlm.nih.gov/34343124/,"1. Melbourne-Chambers R, et. al. (2025). Clinical findings and neurodevelopmental outcome in Jamaican children with suspected congenital Zika syndrome. Paediatr Int Child Health. 2025 May-Aug;45(1-2):18-25.  https://pubmed.ncbi.nlm.nih.gov/39967284/




2. Orrigio et al – 2021 – Sexual Abuse and Sexually-Transmitted HIV/AIDS in Jamaican Children and Adolescents Aged 6-19 Years. (Journal of Infection in Developing Countries) https://pubmed.ncbi.nlm.nih.gov/34343124/




3. Miller & Wallder – 2016 – Protecting HIV-positive children in Jamaica: Exploring policy, practice and institutional responses (Children and Young People Living with HIV/AIDS) https://link.springer.com/chapter/10.1007/978-3-319-29936-5_14




4. Pierre et al – 2016 – Infectious disease morbidity and growth among young HIV-exposed uninfected children in Jamaica (Pan-American Journal of Public Health) https://pubmed.ncbi.nlm.nih.gov/28718488/




5. Clifford et al – 2013 – What are the benefits and barriers of communicating parental HIV status to seronegative children and the implications for Jamaica? A narrative review of the literature in low/middle income countries (West Indian Medical Journal) https://www.mona.uwi.edu/fms/wimj/article/842




6. Walker et al – 2013 – Neurocognitive function in HIV-positive children in a developing country (International Journal of Infectious Diseases) https://pubmed.ncbi.nlm.nih.gov/23562357/




7. Byam et al – 2010 – Antibiotic resistance among pathogens causing disease i"
paediatric-hiv%2Faids,https://williamsandremoh.wixsite.com/jmerg/items-2/paediatric-hiv%2Faids,https://pubmed.ncbi.nlm.nih.gov/28718488/,,"1. Melbourne-Chambers R, et. al. (2025). Clinical findings and neurodevelopmental outcome in Jamaican children with suspected congenital Zika syndrome. Paediatr Int Child Health. 2025 May-Aug;45(1-2):18-25.  https://pubmed.ncbi.nlm.nih.gov/39967284/




2. Orrigio et al – 2021 – Sexual Abuse and Sexually-Transmitted HIV/AIDS in Jamaican Children and Adolescents Aged 6-19 Years. (Journal of Infection in Developing Countries) https://pubmed.ncbi.nlm.nih.gov/34343124/




3. Miller & Wallder – 2016 – Protecting HIV-positive children in Jamaica: Exploring policy, practice and institutional responses (Children and Young People Living with HIV/AIDS) https://link.springer.com/chapter/10.1007/978-3-319-29936-5_14




4. Pierre et al – 2016 – Infectious disease morbidity and growth among young HIV-exposed uninfected children in Jamaica (Pan-American Journal of Public Health) https://pubmed.ncbi.nlm.nih.gov/28718488/




5. Clifford et al – 2013 – What are the benefits and barriers of communicating parental HIV status to seronegative children and the implications for Jamaica? A narrative review of the literature in low/middle income countries (West Indian Medical Journal) https://www.mona.uwi.edu/fms/wimj/article/842




6. Walker et al – 2013 – Neurocognitive function in HIV-positive children in a developing country (International Journal of Infectious Diseases) https://pubmed.ncbi.nlm.nih.gov/23562357/




7. Byam et al – 2010 – Antibiotic resistance among pathogens causing disease i"
paediatric-hiv%2Faids,https://williamsandremoh.wixsite.com/jmerg/items-2/paediatric-hiv%2Faids,https://pubmed.ncbi.nlm.nih.gov/28718488/,https://pubmed.ncbi.nlm.nih.gov/28718488/,"1. Melbourne-Chambers R, et. al. (2025). Clinical findings and neurodevelopmental outcome in Jamaican children with suspected congenital Zika syndrome. Paediatr Int Child Health. 2025 May-Aug;45(1-2):18-25.  https://pubmed.ncbi.nlm.nih.gov/39967284/




2. Orrigio et al – 2021 – Sexual Abuse and Sexually-Transmitted HIV/AIDS in Jamaican Children and Adolescents Aged 6-19 Years. (Journal of Infection in Developing Countries) https://pubmed.ncbi.nlm.nih.gov/34343124/




3. Miller & Wallder – 2016 – Protecting HIV-positive children in Jamaica: Exploring policy, practice and institutional responses (Children and Young People Living with HIV/AIDS) https://link.springer.com/chapter/10.1007/978-3-319-29936-5_14




4. Pierre et al – 2016 – Infectious disease morbidity and growth among young HIV-exposed uninfected children in Jamaica (Pan-American Journal of Public Health) https://pubmed.ncbi.nlm.nih.gov/28718488/




5. Clifford et al – 2013 – What are the benefits and barriers of communicating parental HIV status to seronegative children and the implications for Jamaica? A narrative review of the literature in low/middle income countries (West Indian Medical Journal) https://www.mona.uwi.edu/fms/wimj/article/842




6. Walker et al – 2013 – Neurocognitive function in HIV-positive children in a developing country (International Journal of Infectious Diseases) https://pubmed.ncbi.nlm.nih.gov/23562357/




7. Byam et al – 2010 – Antibiotic resistance among pathogens causing disease i"
paediatric-hiv%2Faids,https://williamsandremoh.wixsite.com/jmerg/items-2/paediatric-hiv%2Faids,https://pubmed.ncbi.nlm.nih.gov/23562357/,,"1. Melbourne-Chambers R, et. al. (2025). Clinical findings and neurodevelopmental outcome in Jamaican children with suspected congenital Zika syndrome. Paediatr Int Child Health. 2025 May-Aug;45(1-2):18-25.  https://pubmed.ncbi.nlm.nih.gov/39967284/




2. Orrigio et al – 2021 – Sexual Abuse and Sexually-Transmitted HIV/AIDS in Jamaican Children and Adolescents Aged 6-19 Years. (Journal of Infection in Developing Countries) https://pubmed.ncbi.nlm.nih.gov/34343124/




3. Miller & Wallder – 2016 – Protecting HIV-positive children in Jamaica: Exploring policy, practice and institutional responses (Children and Young People Living with HIV/AIDS) https://link.springer.com/chapter/10.1007/978-3-319-29936-5_14




4. Pierre et al – 2016 – Infectious disease morbidity and growth among young HIV-exposed uninfected children in Jamaica (Pan-American Journal of Public Health) https://pubmed.ncbi.nlm.nih.gov/28718488/




5. Clifford et al – 2013 – What are the benefits and barriers of communicating parental HIV status to seronegative children and the implications for Jamaica? A narrative review of the literature in low/middle income countries (West Indian Medical Journal) https://www.mona.uwi.edu/fms/wimj/article/842




6. Walker et al – 2013 – Neurocognitive function in HIV-positive children in a developing country (International Journal of Infectious Diseases) https://pubmed.ncbi.nlm.nih.gov/23562357/




7. Byam et al – 2010 – Antibiotic resistance among pathogens causing disease i"
paediatric-hiv%2Faids,https://williamsandremoh.wixsite.com/jmerg/items-2/paediatric-hiv%2Faids,https://pubmed.ncbi.nlm.nih.gov/23562357/,https://pubmed.ncbi.nlm.nih.gov/23562357/,"1. Melbourne-Chambers R, et. al. (2025). Clinical findings and neurodevelopmental outcome in Jamaican children with suspected congenital Zika syndrome. Paediatr Int Child Health. 2025 May-Aug;45(1-2):18-25.  https://pubmed.ncbi.nlm.nih.gov/39967284/




2. Orrigio et al – 2021 – Sexual Abuse and Sexually-Transmitted HIV/AIDS in Jamaican Children and Adolescents Aged 6-19 Years. (Journal of Infection in Developing Countries) https://pubmed.ncbi.nlm.nih.gov/34343124/




3. Miller & Wallder – 2016 – Protecting HIV-positive children in Jamaica: Exploring policy, practice and institutional responses (Children and Young People Living with HIV/AIDS) https://link.springer.com/chapter/10.1007/978-3-319-29936-5_14




4. Pierre et al – 2016 – Infectious disease morbidity and growth among young HIV-exposed uninfected children in Jamaica (Pan-American Journal of Public Health) https://pubmed.ncbi.nlm.nih.gov/28718488/




5. Clifford et al – 2013 – What are the benefits and barriers of communicating parental HIV status to seronegative children and the implications for Jamaica? A narrative review of the literature in low/middle income countries (West Indian Medical Journal) https://www.mona.uwi.edu/fms/wimj/article/842




6. Walker et al – 2013 – Neurocognitive function in HIV-positive children in a developing country (International Journal of Infectious Diseases) https://pubmed.ncbi.nlm.nih.gov/23562357/




7. Byam et al – 2010 – Antibiotic resistance among pathogens causing disease i"
paediatric-hiv%2Faids,https://williamsandremoh.wixsite.com/jmerg/items-2/paediatric-hiv%2Faids,https://pubmed.ncbi.nlm.nih.gov/15675498/,,"1. Melbourne-Chambers R, et. al. (2025). Clinical findings and neurodevelopmental outcome in Jamaican children with suspected congenital Zika syndrome. Paediatr Int Child Health. 2025 May-Aug;45(1-2):18-25.  https://pubmed.ncbi.nlm.nih.gov/39967284/




2. Orrigio et al – 2021 – Sexual Abuse and Sexually-Transmitted HIV/AIDS in Jamaican Children and Adolescents Aged 6-19 Years. (Journal of Infection in Developing Countries) https://pubmed.ncbi.nlm.nih.gov/34343124/




3. Miller & Wallder – 2016 – Protecting HIV-positive children in Jamaica: Exploring policy, practice and institutional responses (Children and Young People Living with HIV/AIDS) https://link.springer.com/chapter/10.1007/978-3-319-29936-5_14




4. Pierre et al – 2016 – Infectious disease morbidity and growth among young HIV-exposed uninfected children in Jamaica (Pan-American Journal of Public Health) https://pubmed.ncbi.nlm.nih.gov/28718488/




5. Clifford et al – 2013 – What are the benefits and barriers of communicating parental HIV status to seronegative children and the implications for Jamaica? A narrative review of the literature in low/middle income countries (West Indian Medical Journal) https://www.mona.uwi.edu/fms/wimj/article/842




6. Walker et al – 2013 – Neurocognitive function in HIV-positive children in a developing country (International Journal of Infectious Diseases) https://pubmed.ncbi.nlm.nih.gov/23562357/




7. Byam et al – 2010 – Antibiotic resistance among pathogens causing disease i"
paediatric-hiv%2Faids,https://williamsandremoh.wixsite.com/jmerg/items-2/paediatric-hiv%2Faids,https://pubmed.ncbi.nlm.nih.gov/15675498/,https://pubmed.ncbi.nlm.nih.gov/15675498/,"1. Melbourne-Chambers R, et. al. (2025). Clinical findings and neurodevelopmental outcome in Jamaican children with suspected congenital Zika syndrome. Paediatr Int Child Health. 2025 May-Aug;45(1-2):18-25.  https://pubmed.ncbi.nlm.nih.gov/39967284/




2. Orrigio et al – 2021 – Sexual Abuse and Sexually-Transmitted HIV/AIDS in Jamaican Children and Adolescents Aged 6-19 Years. (Journal of Infection in Developing Countries) https://pubmed.ncbi.nlm.nih.gov/34343124/




3. Miller & Wallder – 2016 – Protecting HIV-positive children in Jamaica: Exploring policy, practice and institutional responses (Children and Young People Living with HIV/AIDS) https://link.springer.com/chapter/10.1007/978-3-319-29936-5_14




4. Pierre et al – 2016 – Infectious disease morbidity and growth among young HIV-exposed uninfected children in Jamaica (Pan-American Journal of Public Health) https://pubmed.ncbi.nlm.nih.gov/28718488/




5. Clifford et al – 2013 – What are the benefits and barriers of communicating parental HIV status to seronegative children and the implications for Jamaica? A narrative review of the literature in low/middle income countries (West Indian Medical Journal) https://www.mona.uwi.edu/fms/wimj/article/842




6. Walker et al – 2013 – Neurocognitive function in HIV-positive children in a developing country (International Journal of Infectious Diseases) https://pubmed.ncbi.nlm.nih.gov/23562357/




7. Byam et al – 2010 – Antibiotic resistance among pathogens causing disease i"
paediatric-hiv%2Faids,https://williamsandremoh.wixsite.com/jmerg/items-2/paediatric-hiv%2Faids,https://pubmed.ncbi.nlm.nih.gov/15675502/,,"1. Melbourne-Chambers R, et. al. (2025). Clinical findings and neurodevelopmental outcome in Jamaican children with suspected congenital Zika syndrome. Paediatr Int Child Health. 2025 May-Aug;45(1-2):18-25.  https://pubmed.ncbi.nlm.nih.gov/39967284/




2. Orrigio et al – 2021 – Sexual Abuse and Sexually-Transmitted HIV/AIDS in Jamaican Children and Adolescents Aged 6-19 Years. (Journal of Infection in Developing Countries) https://pubmed.ncbi.nlm.nih.gov/34343124/




3. Miller & Wallder – 2016 – Protecting HIV-positive children in Jamaica: Exploring policy, practice and institutional responses (Children and Young People Living with HIV/AIDS) https://link.springer.com/chapter/10.1007/978-3-319-29936-5_14




4. Pierre et al – 2016 – Infectious disease morbidity and growth among young HIV-exposed uninfected children in Jamaica (Pan-American Journal of Public Health) https://pubmed.ncbi.nlm.nih.gov/28718488/




5. Clifford et al – 2013 – What are the benefits and barriers of communicating parental HIV status to seronegative children and the implications for Jamaica? A narrative review of the literature in low/middle income countries (West Indian Medical Journal) https://www.mona.uwi.edu/fms/wimj/article/842




6. Walker et al – 2013 – Neurocognitive function in HIV-positive children in a developing country (International Journal of Infectious Diseases) https://pubmed.ncbi.nlm.nih.gov/23562357/




7. Byam et al – 2010 – Antibiotic resistance among pathogens causing disease i"
paediatric-hiv%2Faids,https://williamsandremoh.wixsite.com/jmerg/items-2/paediatric-hiv%2Faids,https://pubmed.ncbi.nlm.nih.gov/15675502/,https://pubmed.ncbi.nlm.nih.gov/15675502/,"1. Melbourne-Chambers R, et. al. (2025). Clinical findings and neurodevelopmental outcome in Jamaican children with suspected congenital Zika syndrome. Paediatr Int Child Health. 2025 May-Aug;45(1-2):18-25.  https://pubmed.ncbi.nlm.nih.gov/39967284/




2. Orrigio et al – 2021 – Sexual Abuse and Sexually-Transmitted HIV/AIDS in Jamaican Children and Adolescents Aged 6-19 Years. (Journal of Infection in Developing Countries) https://pubmed.ncbi.nlm.nih.gov/34343124/




3. Miller & Wallder – 2016 – Protecting HIV-positive children in Jamaica: Exploring policy, practice and institutional responses (Children and Young People Living with HIV/AIDS) https://link.springer.com/chapter/10.1007/978-3-319-29936-5_14




4. Pierre et al – 2016 – Infectious disease morbidity and growth among young HIV-exposed uninfected children in Jamaica (Pan-American Journal of Public Health) https://pubmed.ncbi.nlm.nih.gov/28718488/




5. Clifford et al – 2013 – What are the benefits and barriers of communicating parental HIV status to seronegative children and the implications for Jamaica? A narrative review of the literature in low/middle income countries (West Indian Medical Journal) https://www.mona.uwi.edu/fms/wimj/article/842




6. Walker et al – 2013 – Neurocognitive function in HIV-positive children in a developing country (International Journal of Infectious Diseases) https://pubmed.ncbi.nlm.nih.gov/23562357/




7. Byam et al – 2010 – Antibiotic resistance among pathogens causing disease i"
paediatric-hiv%2Faids,https://williamsandremoh.wixsite.com/jmerg/items-2/paediatric-hiv%2Faids,https://pubmed.ncbi.nlm.nih.gov/15675497/,,"1. Melbourne-Chambers R, et. al. (2025). Clinical findings and neurodevelopmental outcome in Jamaican children with suspected congenital Zika syndrome. Paediatr Int Child Health. 2025 May-Aug;45(1-2):18-25.  https://pubmed.ncbi.nlm.nih.gov/39967284/




2. Orrigio et al – 2021 – Sexual Abuse and Sexually-Transmitted HIV/AIDS in Jamaican Children and Adolescents Aged 6-19 Years. (Journal of Infection in Developing Countries) https://pubmed.ncbi.nlm.nih.gov/34343124/




3. Miller & Wallder – 2016 – Protecting HIV-positive children in Jamaica: Exploring policy, practice and institutional responses (Children and Young People Living with HIV/AIDS) https://link.springer.com/chapter/10.1007/978-3-319-29936-5_14




4. Pierre et al – 2016 – Infectious disease morbidity and growth among young HIV-exposed uninfected children in Jamaica (Pan-American Journal of Public Health) https://pubmed.ncbi.nlm.nih.gov/28718488/




5. Clifford et al – 2013 – What are the benefits and barriers of communicating parental HIV status to seronegative children and the implications for Jamaica? A narrative review of the literature in low/middle income countries (West Indian Medical Journal) https://www.mona.uwi.edu/fms/wimj/article/842




6. Walker et al – 2013 – Neurocognitive function in HIV-positive children in a developing country (International Journal of Infectious Diseases) https://pubmed.ncbi.nlm.nih.gov/23562357/




7. Byam et al – 2010 – Antibiotic resistance among pathogens causing disease i"
paediatric-hiv%2Faids,https://williamsandremoh.wixsite.com/jmerg/items-2/paediatric-hiv%2Faids,https://pubmed.ncbi.nlm.nih.gov/15675497/,https://pubmed.ncbi.nlm.nih.gov/15675497/,"1. Melbourne-Chambers R, et. al. (2025). Clinical findings and neurodevelopmental outcome in Jamaican children with suspected congenital Zika syndrome. Paediatr Int Child Health. 2025 May-Aug;45(1-2):18-25.  https://pubmed.ncbi.nlm.nih.gov/39967284/




2. Orrigio et al – 2021 – Sexual Abuse and Sexually-Transmitted HIV/AIDS in Jamaican Children and Adolescents Aged 6-19 Years. (Journal of Infection in Developing Countries) https://pubmed.ncbi.nlm.nih.gov/34343124/




3. Miller & Wallder – 2016 – Protecting HIV-positive children in Jamaica: Exploring policy, practice and institutional responses (Children and Young People Living with HIV/AIDS) https://link.springer.com/chapter/10.1007/978-3-319-29936-5_14




4. Pierre et al – 2016 – Infectious disease morbidity and growth among young HIV-exposed uninfected children in Jamaica (Pan-American Journal of Public Health) https://pubmed.ncbi.nlm.nih.gov/28718488/




5. Clifford et al – 2013 – What are the benefits and barriers of communicating parental HIV status to seronegative children and the implications for Jamaica? A narrative review of the literature in low/middle income countries (West Indian Medical Journal) https://www.mona.uwi.edu/fms/wimj/article/842




6. Walker et al – 2013 – Neurocognitive function in HIV-positive children in a developing country (International Journal of Infectious Diseases) https://pubmed.ncbi.nlm.nih.gov/23562357/




7. Byam et al – 2010 – Antibiotic resistance among pathogens causing disease i"
paediatric-hiv%2Faids,https://williamsandremoh.wixsite.com/jmerg/items-2/paediatric-hiv%2Faids,https://pubmed.ncbi.nlm.nih.gov/15675495/,,"1. Melbourne-Chambers R, et. al. (2025). Clinical findings and neurodevelopmental outcome in Jamaican children with suspected congenital Zika syndrome. Paediatr Int Child Health. 2025 May-Aug;45(1-2):18-25.  https://pubmed.ncbi.nlm.nih.gov/39967284/




2. Orrigio et al – 2021 – Sexual Abuse and Sexually-Transmitted HIV/AIDS in Jamaican Children and Adolescents Aged 6-19 Years. (Journal of Infection in Developing Countries) https://pubmed.ncbi.nlm.nih.gov/34343124/




3. Miller & Wallder – 2016 – Protecting HIV-positive children in Jamaica: Exploring policy, practice and institutional responses (Children and Young People Living with HIV/AIDS) https://link.springer.com/chapter/10.1007/978-3-319-29936-5_14




4. Pierre et al – 2016 – Infectious disease morbidity and growth among young HIV-exposed uninfected children in Jamaica (Pan-American Journal of Public Health) https://pubmed.ncbi.nlm.nih.gov/28718488/




5. Clifford et al – 2013 – What are the benefits and barriers of communicating parental HIV status to seronegative children and the implications for Jamaica? A narrative review of the literature in low/middle income countries (West Indian Medical Journal) https://www.mona.uwi.edu/fms/wimj/article/842




6. Walker et al – 2013 – Neurocognitive function in HIV-positive children in a developing country (International Journal of Infectious Diseases) https://pubmed.ncbi.nlm.nih.gov/23562357/




7. Byam et al – 2010 – Antibiotic resistance among pathogens causing disease i"
paediatric-hiv%2Faids,https://williamsandremoh.wixsite.com/jmerg/items-2/paediatric-hiv%2Faids,https://pubmed.ncbi.nlm.nih.gov/15675495/,https://pubmed.ncbi.nlm.nih.gov/15675495/,"1. Melbourne-Chambers R, et. al. (2025). Clinical findings and neurodevelopmental outcome in Jamaican children with suspected congenital Zika syndrome. Paediatr Int Child Health. 2025 May-Aug;45(1-2):18-25.  https://pubmed.ncbi.nlm.nih.gov/39967284/




2. Orrigio et al – 2021 – Sexual Abuse and Sexually-Transmitted HIV/AIDS in Jamaican Children and Adolescents Aged 6-19 Years. (Journal of Infection in Developing Countries) https://pubmed.ncbi.nlm.nih.gov/34343124/




3. Miller & Wallder – 2016 – Protecting HIV-positive children in Jamaica: Exploring policy, practice and institutional responses (Children and Young People Living with HIV/AIDS) https://link.springer.com/chapter/10.1007/978-3-319-29936-5_14




4. Pierre et al – 2016 – Infectious disease morbidity and growth among young HIV-exposed uninfected children in Jamaica (Pan-American Journal of Public Health) https://pubmed.ncbi.nlm.nih.gov/28718488/




5. Clifford et al – 2013 – What are the benefits and barriers of communicating parental HIV status to seronegative children and the implications for Jamaica? A narrative review of the literature in low/middle income countries (West Indian Medical Journal) https://www.mona.uwi.edu/fms/wimj/article/842




6. Walker et al – 2013 – Neurocognitive function in HIV-positive children in a developing country (International Journal of Infectious Diseases) https://pubmed.ncbi.nlm.nih.gov/23562357/




7. Byam et al – 2010 – Antibiotic resistance among pathogens causing disease i"
paediatric-hiv%2Faids,https://williamsandremoh.wixsite.com/jmerg/items-2/paediatric-hiv%2Faids,https://pubmed.ncbi.nlm.nih.gov/15675496/,,"1. Melbourne-Chambers R, et. al. (2025). Clinical findings and neurodevelopmental outcome in Jamaican children with suspected congenital Zika syndrome. Paediatr Int Child Health. 2025 May-Aug;45(1-2):18-25.  https://pubmed.ncbi.nlm.nih.gov/39967284/




2. Orrigio et al – 2021 – Sexual Abuse and Sexually-Transmitted HIV/AIDS in Jamaican Children and Adolescents Aged 6-19 Years. (Journal of Infection in Developing Countries) https://pubmed.ncbi.nlm.nih.gov/34343124/




3. Miller & Wallder – 2016 – Protecting HIV-positive children in Jamaica: Exploring policy, practice and institutional responses (Children and Young People Living with HIV/AIDS) https://link.springer.com/chapter/10.1007/978-3-319-29936-5_14




4. Pierre et al – 2016 – Infectious disease morbidity and growth among young HIV-exposed uninfected children in Jamaica (Pan-American Journal of Public Health) https://pubmed.ncbi.nlm.nih.gov/28718488/




5. Clifford et al – 2013 – What are the benefits and barriers of communicating parental HIV status to seronegative children and the implications for Jamaica? A narrative review of the literature in low/middle income countries (West Indian Medical Journal) https://www.mona.uwi.edu/fms/wimj/article/842




6. Walker et al – 2013 – Neurocognitive function in HIV-positive children in a developing country (International Journal of Infectious Diseases) https://pubmed.ncbi.nlm.nih.gov/23562357/




7. Byam et al – 2010 – Antibiotic resistance among pathogens causing disease i"
paediatric-hiv%2Faids,https://williamsandremoh.wixsite.com/jmerg/items-2/paediatric-hiv%2Faids,https://pubmed.ncbi.nlm.nih.gov/15675496/,https://pubmed.ncbi.nlm.nih.gov/15675496/,"1. Melbourne-Chambers R, et. al. (2025). Clinical findings and neurodevelopmental outcome in Jamaican children with suspected congenital Zika syndrome. Paediatr Int Child Health. 2025 May-Aug;45(1-2):18-25.  https://pubmed.ncbi.nlm.nih.gov/39967284/




2. Orrigio et al – 2021 – Sexual Abuse and Sexually-Transmitted HIV/AIDS in Jamaican Children and Adolescents Aged 6-19 Years. (Journal of Infection in Developing Countries) https://pubmed.ncbi.nlm.nih.gov/34343124/




3. Miller & Wallder – 2016 – Protecting HIV-positive children in Jamaica: Exploring policy, practice and institutional responses (Children and Young People Living with HIV/AIDS) https://link.springer.com/chapter/10.1007/978-3-319-29936-5_14




4. Pierre et al – 2016 – Infectious disease morbidity and growth among young HIV-exposed uninfected children in Jamaica (Pan-American Journal of Public Health) https://pubmed.ncbi.nlm.nih.gov/28718488/




5. Clifford et al – 2013 – What are the benefits and barriers of communicating parental HIV status to seronegative children and the implications for Jamaica? A narrative review of the literature in low/middle income countries (West Indian Medical Journal) https://www.mona.uwi.edu/fms/wimj/article/842




6. Walker et al – 2013 – Neurocognitive function in HIV-positive children in a developing country (International Journal of Infectious Diseases) https://pubmed.ncbi.nlm.nih.gov/23562357/




7. Byam et al – 2010 – Antibiotic resistance among pathogens causing disease i"
paediatric-hiv%2Faids,https://williamsandremoh.wixsite.com/jmerg/items-2/paediatric-hiv%2Faids,https://pubmed.ncbi.nlm.nih.gov/15675504/,,"1. Melbourne-Chambers R, et. al. (2025). Clinical findings and neurodevelopmental outcome in Jamaican children with suspected congenital Zika syndrome. Paediatr Int Child Health. 2025 May-Aug;45(1-2):18-25.  https://pubmed.ncbi.nlm.nih.gov/39967284/




2. Orrigio et al – 2021 – Sexual Abuse and Sexually-Transmitted HIV/AIDS in Jamaican Children and Adolescents Aged 6-19 Years. (Journal of Infection in Developing Countries) https://pubmed.ncbi.nlm.nih.gov/34343124/




3. Miller & Wallder – 2016 – Protecting HIV-positive children in Jamaica: Exploring policy, practice and institutional responses (Children and Young People Living with HIV/AIDS) https://link.springer.com/chapter/10.1007/978-3-319-29936-5_14




4. Pierre et al – 2016 – Infectious disease morbidity and growth among young HIV-exposed uninfected children in Jamaica (Pan-American Journal of Public Health) https://pubmed.ncbi.nlm.nih.gov/28718488/




5. Clifford et al – 2013 – What are the benefits and barriers of communicating parental HIV status to seronegative children and the implications for Jamaica? A narrative review of the literature in low/middle income countries (West Indian Medical Journal) https://www.mona.uwi.edu/fms/wimj/article/842




6. Walker et al – 2013 – Neurocognitive function in HIV-positive children in a developing country (International Journal of Infectious Diseases) https://pubmed.ncbi.nlm.nih.gov/23562357/




7. Byam et al – 2010 – Antibiotic resistance among pathogens causing disease i"
paediatric-hiv%2Faids,https://williamsandremoh.wixsite.com/jmerg/items-2/paediatric-hiv%2Faids,https://pubmed.ncbi.nlm.nih.gov/15675504/,https://pubmed.ncbi.nlm.nih.gov/15675504/,"1. Melbourne-Chambers R, et. al. (2025). Clinical findings and neurodevelopmental outcome in Jamaican children with suspected congenital Zika syndrome. Paediatr Int Child Health. 2025 May-Aug;45(1-2):18-25.  https://pubmed.ncbi.nlm.nih.gov/39967284/




2. Orrigio et al – 2021 – Sexual Abuse and Sexually-Transmitted HIV/AIDS in Jamaican Children and Adolescents Aged 6-19 Years. (Journal of Infection in Developing Countries) https://pubmed.ncbi.nlm.nih.gov/34343124/




3. Miller & Wallder – 2016 – Protecting HIV-positive children in Jamaica: Exploring policy, practice and institutional responses (Children and Young People Living with HIV/AIDS) https://link.springer.com/chapter/10.1007/978-3-319-29936-5_14




4. Pierre et al – 2016 – Infectious disease morbidity and growth among young HIV-exposed uninfected children in Jamaica (Pan-American Journal of Public Health) https://pubmed.ncbi.nlm.nih.gov/28718488/




5. Clifford et al – 2013 – What are the benefits and barriers of communicating parental HIV status to seronegative children and the implications for Jamaica? A narrative review of the literature in low/middle income countries (West Indian Medical Journal) https://www.mona.uwi.edu/fms/wimj/article/842




6. Walker et al – 2013 – Neurocognitive function in HIV-positive children in a developing country (International Journal of Infectious Diseases) https://pubmed.ncbi.nlm.nih.gov/23562357/




7. Byam et al – 2010 – Antibiotic resistance among pathogens causing disease i"
paediatric-hiv%2Faids,https://williamsandremoh.wixsite.com/jmerg/items-2/paediatric-hiv%2Faids,https://pubmed.ncbi.nlm.nih.gov/11993012/,,"1. Melbourne-Chambers R, et. al. (2025). Clinical findings and neurodevelopmental outcome in Jamaican children with suspected congenital Zika syndrome. Paediatr Int Child Health. 2025 May-Aug;45(1-2):18-25.  https://pubmed.ncbi.nlm.nih.gov/39967284/




2. Orrigio et al – 2021 – Sexual Abuse and Sexually-Transmitted HIV/AIDS in Jamaican Children and Adolescents Aged 6-19 Years. (Journal of Infection in Developing Countries) https://pubmed.ncbi.nlm.nih.gov/34343124/




3. Miller & Wallder – 2016 – Protecting HIV-positive children in Jamaica: Exploring policy, practice and institutional responses (Children and Young People Living with HIV/AIDS) https://link.springer.com/chapter/10.1007/978-3-319-29936-5_14




4. Pierre et al – 2016 – Infectious disease morbidity and growth among young HIV-exposed uninfected children in Jamaica (Pan-American Journal of Public Health) https://pubmed.ncbi.nlm.nih.gov/28718488/




5. Clifford et al – 2013 – What are the benefits and barriers of communicating parental HIV status to seronegative children and the implications for Jamaica? A narrative review of the literature in low/middle income countries (West Indian Medical Journal) https://www.mona.uwi.edu/fms/wimj/article/842




6. Walker et al – 2013 – Neurocognitive function in HIV-positive children in a developing country (International Journal of Infectious Diseases) https://pubmed.ncbi.nlm.nih.gov/23562357/




7. Byam et al – 2010 – Antibiotic resistance among pathogens causing disease i"
paediatric-hiv%2Faids,https://williamsandremoh.wixsite.com/jmerg/items-2/paediatric-hiv%2Faids,https://pubmed.ncbi.nlm.nih.gov/11993012/,https://pubmed.ncbi.nlm.nih.gov/11993012/,"1. Melbourne-Chambers R, et. al. (2025). Clinical findings and neurodevelopmental outcome in Jamaican children with suspected congenital Zika syndrome. Paediatr Int Child Health. 2025 May-Aug;45(1-2):18-25.  https://pubmed.ncbi.nlm.nih.gov/39967284/




2. Orrigio et al – 2021 – Sexual Abuse and Sexually-Transmitted HIV/AIDS in Jamaican Children and Adolescents Aged 6-19 Years. (Journal of Infection in Developing Countries) https://pubmed.ncbi.nlm.nih.gov/34343124/




3. Miller & Wallder – 2016 – Protecting HIV-positive children in Jamaica: Exploring policy, practice and institutional responses (Children and Young People Living with HIV/AIDS) https://link.springer.com/chapter/10.1007/978-3-319-29936-5_14




4. Pierre et al – 2016 – Infectious disease morbidity and growth among young HIV-exposed uninfected children in Jamaica (Pan-American Journal of Public Health) https://pubmed.ncbi.nlm.nih.gov/28718488/




5. Clifford et al – 2013 – What are the benefits and barriers of communicating parental HIV status to seronegative children and the implications for Jamaica? A narrative review of the literature in low/middle income countries (West Indian Medical Journal) https://www.mona.uwi.edu/fms/wimj/article/842




6. Walker et al – 2013 – Neurocognitive function in HIV-positive children in a developing country (International Journal of Infectious Diseases) https://pubmed.ncbi.nlm.nih.gov/23562357/




7. Byam et al – 2010 – Antibiotic resistance among pathogens causing disease i"
prevention-of-mother-to-child-transmission,https://williamsandremoh.wixsite.com/jmerg/items-2/prevention-of-mother-to-child-transmission,https://pubmed.ncbi.nlm.nih.gov/35479291/,,"1. Andrews C, et. al. (2022). ""It's Not Good to Be Sick and Have the Child"": Perspectives on Pregnancy After HIV-Positive Diagnosis Among Women in Western Jamaica. Int J Womens Health. 2022 Apr 21;14:565-573. https://pubmed.ncbi.nlm.nih.gov/35479291/




2. Christie & Pierre – 2012 – Eliminating vertically-transmitted HIV/AIDS while improving access to treatment and care for women, children and adolescents in Jamaica (West Indian Medical Journal) https://www.mona.uwi.edu/fms/wimj/article/946




3. Christie et al – 2008 – Paediatric and perinatal HIV/AIDS in Jamaican an international leadership initiative, 2002 – 2007. (West Indian Medical Journal) https://www.mona.uwi.edu/fms/wimj/article/742




4. Hylton-Kong et al – 2008 – Contact investigation in the prevention of mother-to-child transmission of HIV comparing urban and rural outcomes in Jamaica (West Indian Medical Journal) https://www.mona.uwi.edu/fms/wimj/article/753




5. Johnson et al – 2008 – Evolving care of HIV-infected pregnant women in Jamaica – from nevirapine to HAART. (West Indian Medical Journal) https://www.mona.uwi.edu/fms/wimj/article/743




6. Moore et al – 2008 – Challenges and successes of HIV voluntary counselling and testing programme in antenatal clinics in greater Kingston, Jamaica (West Indian Medical Journal) https://www.mona.uwi.edu/fms/wimj/article/751




7. Weller et al – 2008 – Voices of the women: feedback from women of child-bearing age who are living with HIV can help improve efficacy o"
prevention-of-mother-to-child-transmission,https://williamsandremoh.wixsite.com/jmerg/items-2/prevention-of-mother-to-child-transmission,https://pubmed.ncbi.nlm.nih.gov/35479291/,https://pubmed.ncbi.nlm.nih.gov/35479291/,"1. Andrews C, et. al. (2022). ""It's Not Good to Be Sick and Have the Child"": Perspectives on Pregnancy After HIV-Positive Diagnosis Among Women in Western Jamaica. Int J Womens Health. 2022 Apr 21;14:565-573. https://pubmed.ncbi.nlm.nih.gov/35479291/




2. Christie & Pierre – 2012 – Eliminating vertically-transmitted HIV/AIDS while improving access to treatment and care for women, children and adolescents in Jamaica (West Indian Medical Journal) https://www.mona.uwi.edu/fms/wimj/article/946




3. Christie et al – 2008 – Paediatric and perinatal HIV/AIDS in Jamaican an international leadership initiative, 2002 – 2007. (West Indian Medical Journal) https://www.mona.uwi.edu/fms/wimj/article/742




4. Hylton-Kong et al – 2008 – Contact investigation in the prevention of mother-to-child transmission of HIV comparing urban and rural outcomes in Jamaica (West Indian Medical Journal) https://www.mona.uwi.edu/fms/wimj/article/753




5. Johnson et al – 2008 – Evolving care of HIV-infected pregnant women in Jamaica – from nevirapine to HAART. (West Indian Medical Journal) https://www.mona.uwi.edu/fms/wimj/article/743




6. Moore et al – 2008 – Challenges and successes of HIV voluntary counselling and testing programme in antenatal clinics in greater Kingston, Jamaica (West Indian Medical Journal) https://www.mona.uwi.edu/fms/wimj/article/751




7. Weller et al – 2008 – Voices of the women: feedback from women of child-bearing age who are living with HIV can help improve efficacy o"
prevention-of-mother-to-child-transmission,https://williamsandremoh.wixsite.com/jmerg/items-2/prevention-of-mother-to-child-transmission,https://pubmed.ncbi.nlm.nih.gov/15675492/,,"1. Andrews C, et. al. (2022). ""It's Not Good to Be Sick and Have the Child"": Perspectives on Pregnancy After HIV-Positive Diagnosis Among Women in Western Jamaica. Int J Womens Health. 2022 Apr 21;14:565-573. https://pubmed.ncbi.nlm.nih.gov/35479291/




2. Christie & Pierre – 2012 – Eliminating vertically-transmitted HIV/AIDS while improving access to treatment and care for women, children and adolescents in Jamaica (West Indian Medical Journal) https://www.mona.uwi.edu/fms/wimj/article/946




3. Christie et al – 2008 – Paediatric and perinatal HIV/AIDS in Jamaican an international leadership initiative, 2002 – 2007. (West Indian Medical Journal) https://www.mona.uwi.edu/fms/wimj/article/742




4. Hylton-Kong et al – 2008 – Contact investigation in the prevention of mother-to-child transmission of HIV comparing urban and rural outcomes in Jamaica (West Indian Medical Journal) https://www.mona.uwi.edu/fms/wimj/article/753




5. Johnson et al – 2008 – Evolving care of HIV-infected pregnant women in Jamaica – from nevirapine to HAART. (West Indian Medical Journal) https://www.mona.uwi.edu/fms/wimj/article/743




6. Moore et al – 2008 – Challenges and successes of HIV voluntary counselling and testing programme in antenatal clinics in greater Kingston, Jamaica (West Indian Medical Journal) https://www.mona.uwi.edu/fms/wimj/article/751




7. Weller et al – 2008 – Voices of the women: feedback from women of child-bearing age who are living with HIV can help improve efficacy o"
prevention-of-mother-to-child-transmission,https://williamsandremoh.wixsite.com/jmerg/items-2/prevention-of-mother-to-child-transmission,https://pubmed.ncbi.nlm.nih.gov/15675492/,https://pubmed.ncbi.nlm.nih.gov/15675492/,"1. Andrews C, et. al. (2022). ""It's Not Good to Be Sick and Have the Child"": Perspectives on Pregnancy After HIV-Positive Diagnosis Among Women in Western Jamaica. Int J Womens Health. 2022 Apr 21;14:565-573. https://pubmed.ncbi.nlm.nih.gov/35479291/




2. Christie & Pierre – 2012 – Eliminating vertically-transmitted HIV/AIDS while improving access to treatment and care for women, children and adolescents in Jamaica (West Indian Medical Journal) https://www.mona.uwi.edu/fms/wimj/article/946




3. Christie et al – 2008 – Paediatric and perinatal HIV/AIDS in Jamaican an international leadership initiative, 2002 – 2007. (West Indian Medical Journal) https://www.mona.uwi.edu/fms/wimj/article/742




4. Hylton-Kong et al – 2008 – Contact investigation in the prevention of mother-to-child transmission of HIV comparing urban and rural outcomes in Jamaica (West Indian Medical Journal) https://www.mona.uwi.edu/fms/wimj/article/753




5. Johnson et al – 2008 – Evolving care of HIV-infected pregnant women in Jamaica – from nevirapine to HAART. (West Indian Medical Journal) https://www.mona.uwi.edu/fms/wimj/article/743




6. Moore et al – 2008 – Challenges and successes of HIV voluntary counselling and testing programme in antenatal clinics in greater Kingston, Jamaica (West Indian Medical Journal) https://www.mona.uwi.edu/fms/wimj/article/751




7. Weller et al – 2008 – Voices of the women: feedback from women of child-bearing age who are living with HIV can help improve efficacy o"
prevention-of-mother-to-child-transmission,https://williamsandremoh.wixsite.com/jmerg/items-2/prevention-of-mother-to-child-transmission,https://pubmed.ncbi.nlm.nih.gov/15675493/,,"1. Andrews C, et. al. (2022). ""It's Not Good to Be Sick and Have the Child"": Perspectives on Pregnancy After HIV-Positive Diagnosis Among Women in Western Jamaica. Int J Womens Health. 2022 Apr 21;14:565-573. https://pubmed.ncbi.nlm.nih.gov/35479291/




2. Christie & Pierre – 2012 – Eliminating vertically-transmitted HIV/AIDS while improving access to treatment and care for women, children and adolescents in Jamaica (West Indian Medical Journal) https://www.mona.uwi.edu/fms/wimj/article/946




3. Christie et al – 2008 – Paediatric and perinatal HIV/AIDS in Jamaican an international leadership initiative, 2002 – 2007. (West Indian Medical Journal) https://www.mona.uwi.edu/fms/wimj/article/742




4. Hylton-Kong et al – 2008 – Contact investigation in the prevention of mother-to-child transmission of HIV comparing urban and rural outcomes in Jamaica (West Indian Medical Journal) https://www.mona.uwi.edu/fms/wimj/article/753




5. Johnson et al – 2008 – Evolving care of HIV-infected pregnant women in Jamaica – from nevirapine to HAART. (West Indian Medical Journal) https://www.mona.uwi.edu/fms/wimj/article/743




6. Moore et al – 2008 – Challenges and successes of HIV voluntary counselling and testing programme in antenatal clinics in greater Kingston, Jamaica (West Indian Medical Journal) https://www.mona.uwi.edu/fms/wimj/article/751




7. Weller et al – 2008 – Voices of the women: feedback from women of child-bearing age who are living with HIV can help improve efficacy o"
prevention-of-mother-to-child-transmission,https://williamsandremoh.wixsite.com/jmerg/items-2/prevention-of-mother-to-child-transmission,https://pubmed.ncbi.nlm.nih.gov/15675493/,https://pubmed.ncbi.nlm.nih.gov/15675493/,"1. Andrews C, et. al. (2022). ""It's Not Good to Be Sick and Have the Child"": Perspectives on Pregnancy After HIV-Positive Diagnosis Among Women in Western Jamaica. Int J Womens Health. 2022 Apr 21;14:565-573. https://pubmed.ncbi.nlm.nih.gov/35479291/




2. Christie & Pierre – 2012 – Eliminating vertically-transmitted HIV/AIDS while improving access to treatment and care for women, children and adolescents in Jamaica (West Indian Medical Journal) https://www.mona.uwi.edu/fms/wimj/article/946




3. Christie et al – 2008 – Paediatric and perinatal HIV/AIDS in Jamaican an international leadership initiative, 2002 – 2007. (West Indian Medical Journal) https://www.mona.uwi.edu/fms/wimj/article/742




4. Hylton-Kong et al – 2008 – Contact investigation in the prevention of mother-to-child transmission of HIV comparing urban and rural outcomes in Jamaica (West Indian Medical Journal) https://www.mona.uwi.edu/fms/wimj/article/753




5. Johnson et al – 2008 – Evolving care of HIV-infected pregnant women in Jamaica – from nevirapine to HAART. (West Indian Medical Journal) https://www.mona.uwi.edu/fms/wimj/article/743




6. Moore et al – 2008 – Challenges and successes of HIV voluntary counselling and testing programme in antenatal clinics in greater Kingston, Jamaica (West Indian Medical Journal) https://www.mona.uwi.edu/fms/wimj/article/751




7. Weller et al – 2008 – Voices of the women: feedback from women of child-bearing age who are living with HIV can help improve efficacy o"
prevention-of-mother-to-child-transmission,https://williamsandremoh.wixsite.com/jmerg/items-2/prevention-of-mother-to-child-transmission,https://pubmed.ncbi.nlm.nih.gov/15675494/,,"1. Andrews C, et. al. (2022). ""It's Not Good to Be Sick and Have the Child"": Perspectives on Pregnancy After HIV-Positive Diagnosis Among Women in Western Jamaica. Int J Womens Health. 2022 Apr 21;14:565-573. https://pubmed.ncbi.nlm.nih.gov/35479291/




2. Christie & Pierre – 2012 – Eliminating vertically-transmitted HIV/AIDS while improving access to treatment and care for women, children and adolescents in Jamaica (West Indian Medical Journal) https://www.mona.uwi.edu/fms/wimj/article/946




3. Christie et al – 2008 – Paediatric and perinatal HIV/AIDS in Jamaican an international leadership initiative, 2002 – 2007. (West Indian Medical Journal) https://www.mona.uwi.edu/fms/wimj/article/742




4. Hylton-Kong et al – 2008 – Contact investigation in the prevention of mother-to-child transmission of HIV comparing urban and rural outcomes in Jamaica (West Indian Medical Journal) https://www.mona.uwi.edu/fms/wimj/article/753




5. Johnson et al – 2008 – Evolving care of HIV-infected pregnant women in Jamaica – from nevirapine to HAART. (West Indian Medical Journal) https://www.mona.uwi.edu/fms/wimj/article/743




6. Moore et al – 2008 – Challenges and successes of HIV voluntary counselling and testing programme in antenatal clinics in greater Kingston, Jamaica (West Indian Medical Journal) https://www.mona.uwi.edu/fms/wimj/article/751




7. Weller et al – 2008 – Voices of the women: feedback from women of child-bearing age who are living with HIV can help improve efficacy o"
prevention-of-mother-to-child-transmission,https://williamsandremoh.wixsite.com/jmerg/items-2/prevention-of-mother-to-child-transmission,https://pubmed.ncbi.nlm.nih.gov/15675494/,https://pubmed.ncbi.nlm.nih.gov/15675494/,"1. Andrews C, et. al. (2022). ""It's Not Good to Be Sick and Have the Child"": Perspectives on Pregnancy After HIV-Positive Diagnosis Among Women in Western Jamaica. Int J Womens Health. 2022 Apr 21;14:565-573. https://pubmed.ncbi.nlm.nih.gov/35479291/




2. Christie & Pierre – 2012 – Eliminating vertically-transmitted HIV/AIDS while improving access to treatment and care for women, children and adolescents in Jamaica (West Indian Medical Journal) https://www.mona.uwi.edu/fms/wimj/article/946




3. Christie et al – 2008 – Paediatric and perinatal HIV/AIDS in Jamaican an international leadership initiative, 2002 – 2007. (West Indian Medical Journal) https://www.mona.uwi.edu/fms/wimj/article/742




4. Hylton-Kong et al – 2008 – Contact investigation in the prevention of mother-to-child transmission of HIV comparing urban and rural outcomes in Jamaica (West Indian Medical Journal) https://www.mona.uwi.edu/fms/wimj/article/753




5. Johnson et al – 2008 – Evolving care of HIV-infected pregnant women in Jamaica – from nevirapine to HAART. (West Indian Medical Journal) https://www.mona.uwi.edu/fms/wimj/article/743




6. Moore et al – 2008 – Challenges and successes of HIV voluntary counselling and testing programme in antenatal clinics in greater Kingston, Jamaica (West Indian Medical Journal) https://www.mona.uwi.edu/fms/wimj/article/751




7. Weller et al – 2008 – Voices of the women: feedback from women of child-bearing age who are living with HIV can help improve efficacy o"
prevention-of-mother-to-child-transmission,https://williamsandremoh.wixsite.com/jmerg/items-2/prevention-of-mother-to-child-transmission,https://pubmed.ncbi.nlm.nih.gov/15675499/,,"1. Andrews C, et. al. (2022). ""It's Not Good to Be Sick and Have the Child"": Perspectives on Pregnancy After HIV-Positive Diagnosis Among Women in Western Jamaica. Int J Womens Health. 2022 Apr 21;14:565-573. https://pubmed.ncbi.nlm.nih.gov/35479291/




2. Christie & Pierre – 2012 – Eliminating vertically-transmitted HIV/AIDS while improving access to treatment and care for women, children and adolescents in Jamaica (West Indian Medical Journal) https://www.mona.uwi.edu/fms/wimj/article/946




3. Christie et al – 2008 – Paediatric and perinatal HIV/AIDS in Jamaican an international leadership initiative, 2002 – 2007. (West Indian Medical Journal) https://www.mona.uwi.edu/fms/wimj/article/742




4. Hylton-Kong et al – 2008 – Contact investigation in the prevention of mother-to-child transmission of HIV comparing urban and rural outcomes in Jamaica (West Indian Medical Journal) https://www.mona.uwi.edu/fms/wimj/article/753




5. Johnson et al – 2008 – Evolving care of HIV-infected pregnant women in Jamaica – from nevirapine to HAART. (West Indian Medical Journal) https://www.mona.uwi.edu/fms/wimj/article/743




6. Moore et al – 2008 – Challenges and successes of HIV voluntary counselling and testing programme in antenatal clinics in greater Kingston, Jamaica (West Indian Medical Journal) https://www.mona.uwi.edu/fms/wimj/article/751




7. Weller et al – 2008 – Voices of the women: feedback from women of child-bearing age who are living with HIV can help improve efficacy o"
prevention-of-mother-to-child-transmission,https://williamsandremoh.wixsite.com/jmerg/items-2/prevention-of-mother-to-child-transmission,https://pubmed.ncbi.nlm.nih.gov/15675499/,https://pubmed.ncbi.nlm.nih.gov/15675499/,"1. Andrews C, et. al. (2022). ""It's Not Good to Be Sick and Have the Child"": Perspectives on Pregnancy After HIV-Positive Diagnosis Among Women in Western Jamaica. Int J Womens Health. 2022 Apr 21;14:565-573. https://pubmed.ncbi.nlm.nih.gov/35479291/




2. Christie & Pierre – 2012 – Eliminating vertically-transmitted HIV/AIDS while improving access to treatment and care for women, children and adolescents in Jamaica (West Indian Medical Journal) https://www.mona.uwi.edu/fms/wimj/article/946




3. Christie et al – 2008 – Paediatric and perinatal HIV/AIDS in Jamaican an international leadership initiative, 2002 – 2007. (West Indian Medical Journal) https://www.mona.uwi.edu/fms/wimj/article/742




4. Hylton-Kong et al – 2008 – Contact investigation in the prevention of mother-to-child transmission of HIV comparing urban and rural outcomes in Jamaica (West Indian Medical Journal) https://www.mona.uwi.edu/fms/wimj/article/753




5. Johnson et al – 2008 – Evolving care of HIV-infected pregnant women in Jamaica – from nevirapine to HAART. (West Indian Medical Journal) https://www.mona.uwi.edu/fms/wimj/article/743




6. Moore et al – 2008 – Challenges and successes of HIV voluntary counselling and testing programme in antenatal clinics in greater Kingston, Jamaica (West Indian Medical Journal) https://www.mona.uwi.edu/fms/wimj/article/751




7. Weller et al – 2008 – Voices of the women: feedback from women of child-bearing age who are living with HIV can help improve efficacy o"
prevention-of-mother-to-child-transmission,https://williamsandremoh.wixsite.com/jmerg/items-2/prevention-of-mother-to-child-transmission,https://pubmed.ncbi.nlm.nih.gov/11993012/,,"1. Andrews C, et. al. (2022). ""It's Not Good to Be Sick and Have the Child"": Perspectives on Pregnancy After HIV-Positive Diagnosis Among Women in Western Jamaica. Int J Womens Health. 2022 Apr 21;14:565-573. https://pubmed.ncbi.nlm.nih.gov/35479291/




2. Christie & Pierre – 2012 – Eliminating vertically-transmitted HIV/AIDS while improving access to treatment and care for women, children and adolescents in Jamaica (West Indian Medical Journal) https://www.mona.uwi.edu/fms/wimj/article/946




3. Christie et al – 2008 – Paediatric and perinatal HIV/AIDS in Jamaican an international leadership initiative, 2002 – 2007. (West Indian Medical Journal) https://www.mona.uwi.edu/fms/wimj/article/742




4. Hylton-Kong et al – 2008 – Contact investigation in the prevention of mother-to-child transmission of HIV comparing urban and rural outcomes in Jamaica (West Indian Medical Journal) https://www.mona.uwi.edu/fms/wimj/article/753




5. Johnson et al – 2008 – Evolving care of HIV-infected pregnant women in Jamaica – from nevirapine to HAART. (West Indian Medical Journal) https://www.mona.uwi.edu/fms/wimj/article/743




6. Moore et al – 2008 – Challenges and successes of HIV voluntary counselling and testing programme in antenatal clinics in greater Kingston, Jamaica (West Indian Medical Journal) https://www.mona.uwi.edu/fms/wimj/article/751




7. Weller et al – 2008 – Voices of the women: feedback from women of child-bearing age who are living with HIV can help improve efficacy o"
prevention-of-mother-to-child-transmission,https://williamsandremoh.wixsite.com/jmerg/items-2/prevention-of-mother-to-child-transmission,https://pubmed.ncbi.nlm.nih.gov/11993012/,https://pubmed.ncbi.nlm.nih.gov/11993012/,"1. Andrews C, et. al. (2022). ""It's Not Good to Be Sick and Have the Child"": Perspectives on Pregnancy After HIV-Positive Diagnosis Among Women in Western Jamaica. Int J Womens Health. 2022 Apr 21;14:565-573. https://pubmed.ncbi.nlm.nih.gov/35479291/




2. Christie & Pierre – 2012 – Eliminating vertically-transmitted HIV/AIDS while improving access to treatment and care for women, children and adolescents in Jamaica (West Indian Medical Journal) https://www.mona.uwi.edu/fms/wimj/article/946




3. Christie et al – 2008 – Paediatric and perinatal HIV/AIDS in Jamaican an international leadership initiative, 2002 – 2007. (West Indian Medical Journal) https://www.mona.uwi.edu/fms/wimj/article/742




4. Hylton-Kong et al – 2008 – Contact investigation in the prevention of mother-to-child transmission of HIV comparing urban and rural outcomes in Jamaica (West Indian Medical Journal) https://www.mona.uwi.edu/fms/wimj/article/753




5. Johnson et al – 2008 – Evolving care of HIV-infected pregnant women in Jamaica – from nevirapine to HAART. (West Indian Medical Journal) https://www.mona.uwi.edu/fms/wimj/article/743




6. Moore et al – 2008 – Challenges and successes of HIV voluntary counselling and testing programme in antenatal clinics in greater Kingston, Jamaica (West Indian Medical Journal) https://www.mona.uwi.edu/fms/wimj/article/751




7. Weller et al – 2008 – Voices of the women: feedback from women of child-bearing age who are living with HIV can help improve efficacy o"
psychosocial-determinants-and-effects-of-hiv%2Faids,https://williamsandremoh.wixsite.com/jmerg/items-2/psychosocial-determinants-and-effects-of-hiv%2Faids,https://pubmed.ncbi.nlm.nih.gov/42432553/,,"Adeniyi T, Cabral C, Horwood J. Barriers and facilitators to STI and HIV testing among African and Caribbean heritage communities in high-income countries mapped to the behaviour change wheel: a scoping review. BMC Public Health. 2026 Jul 10. https://pubmed.ncbi.nlm.nih.gov/42432553/"
psychosocial-determinants-and-effects-of-hiv%2Faids,https://williamsandremoh.wixsite.com/jmerg/items-2/psychosocial-determinants-and-effects-of-hiv%2Faids,https://pubmed.ncbi.nlm.nih.gov/42432553/,https://pubmed.ncbi.nlm.nih.gov/42432553/,"Adeniyi T, Cabral C, Horwood J. Barriers and facilitators to STI and HIV testing among African and Caribbean heritage communities in high-income countries mapped to the behaviour change wheel: a scoping review. BMC Public Health. 2026 Jul 10. https://pubmed.ncbi.nlm.nih.gov/42432553/"
psychosocial-determinants-and-effects-of-hiv%2Faids,https://williamsandremoh.wixsite.com/jmerg/items-2/psychosocial-determinants-and-effects-of-hiv%2Faids,https://pubmed.ncbi.nlm.nih.gov/42502254/,,"Cortes CP, et. al. (2026). Latin America and the Caribbean: Socioeconomic Realities and Implications for Health and HIV Responses. J Int AIDS Soc. 2026 Jul;29 Suppl 3(Suppl 3):e70174. https://pubmed.ncbi.nlm.nih.gov/42502254/"
psychosocial-determinants-and-effects-of-hiv%2Faids,https://williamsandremoh.wixsite.com/jmerg/items-2/psychosocial-determinants-and-effects-of-hiv%2Faids,https://pubmed.ncbi.nlm.nih.gov/42502254/,https://pubmed.ncbi.nlm.nih.gov/42502254/,"Cortes CP, et. al. (2026). Latin America and the Caribbean: Socioeconomic Realities and Implications for Health and HIV Responses. J Int AIDS Soc. 2026 Jul;29 Suppl 3(Suppl 3):e70174. https://pubmed.ncbi.nlm.nih.gov/42502254/"
psychosocial-determinants-and-effects-of-hiv%2Faids,https://williamsandremoh.wixsite.com/jmerg/items-2/psychosocial-determinants-and-effects-of-hiv%2Faids,https://pubmed.ncbi.nlm.nih.gov/42189145/,,"Njeze C, et. al. (2026). Positive forces for care: understanding what drives HIV care uptake among African, Caribbean and Black women living with HIV in Winnipeg, Manitoba. AIDS Care. 2026 May 26:1-15. https://pubmed.ncbi.nlm.nih.gov/42189145/"
psychosocial-determinants-and-effects-of-hiv%2Faids,https://williamsandremoh.wixsite.com/jmerg/items-2/psychosocial-determinants-and-effects-of-hiv%2Faids,https://pubmed.ncbi.nlm.nih.gov/42189145/,https://pubmed.ncbi.nlm.nih.gov/42189145/,"Njeze C, et. al. (2026). Positive forces for care: understanding what drives HIV care uptake among African, Caribbean and Black women living with HIV in Winnipeg, Manitoba. AIDS Care. 2026 May 26:1-15. https://pubmed.ncbi.nlm.nih.gov/42189145/"
psychosocial-determinants-and-effects-of-hiv%2Faids,https://williamsandremoh.wixsite.com/jmerg/items-2/psychosocial-determinants-and-effects-of-hiv%2Faids,https://pubmed.ncbi.nlm.nih.gov/37966358/,,Walcott et al – 2024 - Factors associated with discussing HIV pre-exposure prophylaxis (PrEP) among Jamaican medical providers https://pubmed.ncbi.nlm.nih.gov/37966358/
psychosocial-determinants-and-effects-of-hiv%2Faids,https://williamsandremoh.wixsite.com/jmerg/items-2/psychosocial-determinants-and-effects-of-hiv%2Faids,https://pubmed.ncbi.nlm.nih.gov/37966358/,https://pubmed.ncbi.nlm.nih.gov/37966358/,Walcott et al – 2024 - Factors associated with discussing HIV pre-exposure prophylaxis (PrEP) among Jamaican medical providers https://pubmed.ncbi.nlm.nih.gov/37966358/
psychosocial-determinants-and-effects-of-hiv%2Faids,https://williamsandremoh.wixsite.com/jmerg/items-2/psychosocial-determinants-and-effects-of-hiv%2Faids,https://pubmed.ncbi.nlm.nih.gov/33650933/,,"Lacombe-Duncan et al – 2022 - Social-ecological factors associated with having a regular healthcare provider among lesbian, gay, bisexual and transgender persons in Jamaica https://pubmed.ncbi.nlm.nih.gov/33650933/"
psychosocial-determinants-and-effects-of-hiv%2Faids,https://williamsandremoh.wixsite.com/jmerg/items-2/psychosocial-determinants-and-effects-of-hiv%2Faids,https://pubmed.ncbi.nlm.nih.gov/33650933/,https://pubmed.ncbi.nlm.nih.gov/33650933/,"Lacombe-Duncan et al – 2022 - Social-ecological factors associated with having a regular healthcare provider among lesbian, gay, bisexual and transgender persons in Jamaica https://pubmed.ncbi.nlm.nih.gov/33650933/"
psychosocial-determinants-and-effects-of-hiv%2Faids,https://williamsandremoh.wixsite.com/jmerg/items-2/psychosocial-determinants-and-effects-of-hiv%2Faids,https://pubmed.ncbi.nlm.nih.gov/30600454/,,"Logie et al – 2019 - Syndemic Experiences, Protective Factors, and HIV Vulnerabilities Among Lesbian, Gay, Bisexual and Transgender Persons in Jamaica https://pubmed.ncbi.nlm.nih.gov/30600454/"
psychosocial-determinants-and-effects-of-hiv%2Faids,https://williamsandremoh.wixsite.com/jmerg/items-2/psychosocial-determinants-and-effects-of-hiv%2Faids,https://pubmed.ncbi.nlm.nih.gov/30600454/,https://pubmed.ncbi.nlm.nih.gov/30600454/,"Logie et al – 2019 - Syndemic Experiences, Protective Factors, and HIV Vulnerabilities Among Lesbian, Gay, Bisexual and Transgender Persons in Jamaica https://pubmed.ncbi.nlm.nih.gov/30600454/"
psychosocial-determinants-and-effects-of-hiv%2Faids,https://williamsandremoh.wixsite.com/jmerg/items-2/psychosocial-determinants-and-effects-of-hiv%2Faids,https://pubmed.ncbi.nlm.nih.gov/29400261/,,Gilbert et al – 2018 - Psychosocial outcomes in a cohort of perinatally HIV-infected adolescents in Western Jamaica https://pubmed.ncbi.nlm.nih.gov/29400261/
psychosocial-determinants-and-effects-of-hiv%2Faids,https://williamsandremoh.wixsite.com/jmerg/items-2/psychosocial-determinants-and-effects-of-hiv%2Faids,https://pubmed.ncbi.nlm.nih.gov/29400261/,https://pubmed.ncbi.nlm.nih.gov/29400261/,Gilbert et al – 2018 - Psychosocial outcomes in a cohort of perinatally HIV-infected adolescents in Western Jamaica https://pubmed.ncbi.nlm.nih.gov/29400261/
psychosocial-determinants-and-effects-of-hiv%2Faids,https://williamsandremoh.wixsite.com/jmerg/items-2/psychosocial-determinants-and-effects-of-hiv%2Faids,https://pubmed.ncbi.nlm.nih.gov/28971701/,,Jarrett et al – 2018 - High prevalence of psychiatric and substance use disorders among persons seeking treatment for HIV and other STIs in Jamaica: a short report https://pubmed.ncbi.nlm.nih.gov/28971701/
psychosocial-determinants-and-effects-of-hiv%2Faids,https://williamsandremoh.wixsite.com/jmerg/items-2/psychosocial-determinants-and-effects-of-hiv%2Faids,https://pubmed.ncbi.nlm.nih.gov/28971701/,https://pubmed.ncbi.nlm.nih.gov/28971701/,Jarrett et al – 2018 - High prevalence of psychiatric and substance use disorders among persons seeking treatment for HIV and other STIs in Jamaica: a short report https://pubmed.ncbi.nlm.nih.gov/28971701/
psychosocial-determinants-and-effects-of-hiv%2Faids,https://williamsandremoh.wixsite.com/jmerg/items-2/psychosocial-determinants-and-effects-of-hiv%2Faids,https://pubmed.ncbi.nlm.nih.gov/28669320/,,Logie et al – 2018 - Social-ecological factors associated with HIV infection among men who have sex with men in Jamaica https://pubmed.ncbi.nlm.nih.gov/28669320/
psychosocial-determinants-and-effects-of-hiv%2Faids,https://williamsandremoh.wixsite.com/jmerg/items-2/psychosocial-determinants-and-effects-of-hiv%2Faids,https://pubmed.ncbi.nlm.nih.gov/28669320/,https://pubmed.ncbi.nlm.nih.gov/28669320/,Logie et al – 2018 - Social-ecological factors associated with HIV infection among men who have sex with men in Jamaica https://pubmed.ncbi.nlm.nih.gov/28669320/
psychosocial-determinants-and-effects-of-hiv%2Faids,https://williamsandremoh.wixsite.com/jmerg/items-2/psychosocial-determinants-and-effects-of-hiv%2Faids,https://pubmed.ncbi.nlm.nih.gov/24695013/,,"Weir et al – 2015 - ""Do you think your main partner has other sex partners?"" A simple question provides insight into sexual risk in Jamaica https://pubmed.ncbi.nlm.nih.gov/24695013/"
psychosocial-determinants-and-effects-of-hiv%2Faids,https://williamsandremoh.wixsite.com/jmerg/items-2/psychosocial-determinants-and-effects-of-hiv%2Faids,https://pubmed.ncbi.nlm.nih.gov/24695013/,https://pubmed.ncbi.nlm.nih.gov/24695013/,"Weir et al – 2015 - ""Do you think your main partner has other sex partners?"" A simple question provides insight into sexual risk in Jamaica https://pubmed.ncbi.nlm.nih.gov/24695013/"
psychosocial-determinants-and-effects-of-hiv%2Faids,https://williamsandremoh.wixsite.com/jmerg/items-2/psychosocial-determinants-and-effects-of-hiv%2Faids,https://pubmed.ncbi.nlm.nih.gov/24756654/,,Longman-Mills et al – 2013 - Interpersonal competence and sex risk behaviours among Jamaican adolescents https://pubmed.ncbi.nlm.nih.gov/24756654/
psychosocial-determinants-and-effects-of-hiv%2Faids,https://williamsandremoh.wixsite.com/jmerg/items-2/psychosocial-determinants-and-effects-of-hiv%2Faids,https://pubmed.ncbi.nlm.nih.gov/24756654/,https://pubmed.ncbi.nlm.nih.gov/24756654/,Longman-Mills et al – 2013 - Interpersonal competence and sex risk behaviours among Jamaican adolescents https://pubmed.ncbi.nlm.nih.gov/24756654/
psychosocial-determinants-and-effects-of-hiv%2Faids,https://williamsandremoh.wixsite.com/jmerg/items-2/psychosocial-determinants-and-effects-of-hiv%2Faids,https://pubmed.ncbi.nlm.nih.gov/24756653/,,Walcott et al – 2013 - Correlates of psychosexual issues in the Jamaican population https://pubmed.ncbi.nlm.nih.gov/24756653/
psychosocial-determinants-and-effects-of-hiv%2Faids,https://williamsandremoh.wixsite.com/jmerg/items-2/psychosocial-determinants-and-effects-of-hiv%2Faids,https://pubmed.ncbi.nlm.nih.gov/24756653/,https://pubmed.ncbi.nlm.nih.gov/24756653/,Walcott et al – 2013 - Correlates of psychosexual issues in the Jamaican population https://pubmed.ncbi.nlm.nih.gov/24756653/
psychosocial-determinants-and-effects-of-hiv%2Faids,https://williamsandremoh.wixsite.com/jmerg/items-2/psychosocial-determinants-and-effects-of-hiv%2Faids,https://pubmed.ncbi.nlm.nih.gov/21355510/,,"Clarke et al – 2010 - Depression among persons attending a HIV/AIDS outpatient clinic in Kingston, Jamaica https://pubmed.ncbi.nlm.nih.gov/21355510/"
psychosocial-determinants-and-effects-of-hiv%2Faids,https://williamsandremoh.wixsite.com/jmerg/items-2/psychosocial-determinants-and-effects-of-hiv%2Faids,https://pubmed.ncbi.nlm.nih.gov/21355510/,https://pubmed.ncbi.nlm.nih.gov/21355510/,"Clarke et al – 2010 - Depression among persons attending a HIV/AIDS outpatient clinic in Kingston, Jamaica https://pubmed.ncbi.nlm.nih.gov/21355510/"
psychosocial-determinants-and-effects-of-hiv%2Faids,https://williamsandremoh.wixsite.com/jmerg/items-2/psychosocial-determinants-and-effects-of-hiv%2Faids,https://pubmed.ncbi.nlm.nih.gov/19583134/,,"Lowe et al – 2008 - HIV infection, sexual abuse and social support in Jamaican adolescents referred to a psychiatric service https://pubmed.ncbi.nlm.nih.gov/19583134/"
psychosocial-determinants-and-effects-of-hiv%2Faids,https://williamsandremoh.wixsite.com/jmerg/items-2/psychosocial-determinants-and-effects-of-hiv%2Faids,https://pubmed.ncbi.nlm.nih.gov/19583134/,https://pubmed.ncbi.nlm.nih.gov/19583134/,"Lowe et al – 2008 - HIV infection, sexual abuse and social support in Jamaican adolescents referred to a psychiatric service https://pubmed.ncbi.nlm.nih.gov/19583134/"
psychosocial-determinants-and-effects-of-hiv%2Faids,https://williamsandremoh.wixsite.com/jmerg/items-2/psychosocial-determinants-and-effects-of-hiv%2Faids,https://pubmed.ncbi.nlm.nih.gov/19583128/,,Weller et al – 2008 - Voices of the women: feedback from women of child-bearing age who are living with HIV can help improve efficacy of psychosocial interventions https://pubmed.ncbi.nlm.nih.gov/19583128/
psychosocial-determinants-and-effects-of-hiv%2Faids,https://williamsandremoh.wixsite.com/jmerg/items-2/psychosocial-determinants-and-effects-of-hiv%2Faids,https://pubmed.ncbi.nlm.nih.gov/19583128/,https://pubmed.ncbi.nlm.nih.gov/19583128/,Weller et al – 2008 - Voices of the women: feedback from women of child-bearing age who are living with HIV can help improve efficacy of psychosocial interventions https://pubmed.ncbi.nlm.nih.gov/19583128/
psychosocial-determinants-and-effects-of-hiv%2Faids,https://williamsandremoh.wixsite.com/jmerg/items-2/psychosocial-determinants-and-effects-of-hiv%2Faids,https://pubmed.ncbi.nlm.nih.gov/17403495/,,Hutchinson et al – 2007 - Culture-specific factors contributing to HIV risk among Jamaican adolescents https://pubmed.ncbi.nlm.nih.gov/17403495/
psychosocial-determinants-and-effects-of-hiv%2Faids,https://williamsandremoh.wixsite.com/jmerg/items-2/psychosocial-determinants-and-effects-of-hiv%2Faids,https://pubmed.ncbi.nlm.nih.gov/17403495/,https://pubmed.ncbi.nlm.nih.gov/17403495/,Hutchinson et al – 2007 - Culture-specific factors contributing to HIV risk among Jamaican adolescents https://pubmed.ncbi.nlm.nih.gov/17403495/
psychosocial-determinants-and-effects-of-hiv%2Faids,https://williamsandremoh.wixsite.com/jmerg/items-2/psychosocial-determinants-and-effects-of-hiv%2Faids,https://pubmed.ncbi.nlm.nih.gov/17012096/,,Norman et al – 2006 - The role of sympathy on avoidance intention toward persons living with HIV/AIDS in Jamaica https://pubmed.ncbi.nlm.nih.gov/17012096/
psychosocial-determinants-and-effects-of-hiv%2Faids,https://williamsandremoh.wixsite.com/jmerg/items-2/psychosocial-determinants-and-effects-of-hiv%2Faids,https://pubmed.ncbi.nlm.nih.gov/17012096/,https://pubmed.ncbi.nlm.nih.gov/17012096/,Norman et al – 2006 - The role of sympathy on avoidance intention toward persons living with HIV/AIDS in Jamaica https://pubmed.ncbi.nlm.nih.gov/17012096/
psychosocial-determinants-and-effects-of-hiv%2Faids,https://williamsandremoh.wixsite.com/jmerg/items-2/psychosocial-determinants-and-effects-of-hiv%2Faids,https://pubmed.ncbi.nlm.nih.gov/11211544/,,Smikle et al – 2000 - Risky behaviour in Jamaican adolescent patients attending a sexually transmitted disease clinic https://pubmed.ncbi.nlm.nih.gov/11211544/
psychosocial-determinants-and-effects-of-hiv%2Faids,https://williamsandremoh.wixsite.com/jmerg/items-2/psychosocial-determinants-and-effects-of-hiv%2Faids,https://pubmed.ncbi.nlm.nih.gov/11211544/,https://pubmed.ncbi.nlm.nih.gov/11211544/,Smikle et al – 2000 - Risky behaviour in Jamaican adolescent patients attending a sexually transmitted disease clinic https://pubmed.ncbi.nlm.nih.gov/11211544/
psychosocial-determinants-and-effects-of-hiv%2Faids,https://williamsandremoh.wixsite.com/jmerg/items-2/psychosocial-determinants-and-effects-of-hiv%2Faids,https://pubmed.ncbi.nlm.nih.gov/10494360/,,Warren – 1999 - Geographical variations in AIDS knowledge and attitude among adolescent girls of Jamaica https://pubmed.ncbi.nlm.nih.gov/10494360/
psychosocial-determinants-and-effects-of-hiv%2Faids,https://williamsandremoh.wixsite.com/jmerg/items-2/psychosocial-determinants-and-effects-of-hiv%2Faids,https://pubmed.ncbi.nlm.nih.gov/10494360/,https://pubmed.ncbi.nlm.nih.gov/10494360/,Warren – 1999 - Geographical variations in AIDS knowledge and attitude among adolescent girls of Jamaica https://pubmed.ncbi.nlm.nih.gov/10494360/
psychosocial-determinants-and-effects-of-hiv%2Faids,https://williamsandremoh.wixsite.com/jmerg/items-2/psychosocial-determinants-and-effects-of-hiv%2Faids,https://pubmed.ncbi.nlm.nih.gov/12285809/,,Baldo – 1992 - Lessons learned from pilot projects on school-based AIDS education https://pubmed.ncbi.nlm.nih.gov/12285809/
psychosocial-determinants-and-effects-of-hiv%2Faids,https://williamsandremoh.wixsite.com/jmerg/items-2/psychosocial-determinants-and-effects-of-hiv%2Faids,https://pubmed.ncbi.nlm.nih.gov/12285809/,https://pubmed.ncbi.nlm.nih.gov/12285809/,Baldo – 1992 - Lessons learned from pilot projects on school-based AIDS education https://pubmed.ncbi.nlm.nih.gov/12285809/
reports,https://williamsandremoh.wixsite.com/jmerg/items-2/reports,https://www.stigmaindex.org/wp-content/uploads/2020/06/Jamaica-SI-Report-2020.pdf,,"1. Network of Seropositives J, Policy Plus H. The People Living with HIV Stigma Index: Jamaica [Internet]. 2020. https://www.stigmaindex.org/wp-content/uploads/2020/06/Jamaica-SI-Report-2020.pdf







2. Inter-American Development Bank. Women’s Health Survey 2016: Jamaica: Final Report. 2018 https://publications.iadb.org/en/womens-health-survey-2016-jamaica-final-report




3. National Reports

      https://hstu.moh.gov.jm/media/reports/

      https://hstu.moh.gov.jm/media/policy-papers/

      https://hstu.moh.gov.jm/media/manuals/

      https://hstu.moh.gov.jm/media/research/

      https://hstu.moh.gov.jm/media/strategic-plans/"
reports,https://williamsandremoh.wixsite.com/jmerg/items-2/reports,https://www.stigmaindex.org/wp-content/uploads/2020/06/Jamaica-SI-Report-2020.pdf,https://www.stigmaindex.org/wp-content/uploads/2020/06/Jamaica-SI-Report-2020.pdf,"1. Network of Seropositives J, Policy Plus H. The People Living with HIV Stigma Index: Jamaica [Internet]. 2020. https://www.stigmaindex.org/wp-content/uploads/2020/06/Jamaica-SI-Report-2020.pdf







2. Inter-American Development Bank. Women’s Health Survey 2016: Jamaica: Final Report. 2018 https://publications.iadb.org/en/womens-health-survey-2016-jamaica-final-report




3. National Reports

      https://hstu.moh.gov.jm/media/reports/

      https://hstu.moh.gov.jm/media/policy-papers/

      https://hstu.moh.gov.jm/media/manuals/

      https://hstu.moh.gov.jm/media/research/

      https://hstu.moh.gov.jm/media/strategic-plans/"
reports,https://williamsandremoh.wixsite.com/jmerg/items-2/reports,https://hstu.moh.gov.jm/media/reports/,,"1. Network of Seropositives J, Policy Plus H. The People Living with HIV Stigma Index: Jamaica [Internet]. 2020. https://www.stigmaindex.org/wp-content/uploads/2020/06/Jamaica-SI-Report-2020.pdf







2. Inter-American Development Bank. Women’s Health Survey 2016: Jamaica: Final Report. 2018 https://publications.iadb.org/en/womens-health-survey-2016-jamaica-final-report




3. National Reports

      https://hstu.moh.gov.jm/media/reports/

      https://hstu.moh.gov.jm/media/policy-papers/

      https://hstu.moh.gov.jm/media/manuals/

      https://hstu.moh.gov.jm/media/research/

      https://hstu.moh.gov.jm/media/strategic-plans/"
reports,https://williamsandremoh.wixsite.com/jmerg/items-2/reports,https://hstu.moh.gov.jm/media/reports/,https://hstu.moh.gov.jm/media/reports/,"1. Network of Seropositives J, Policy Plus H. The People Living with HIV Stigma Index: Jamaica [Internet]. 2020. https://www.stigmaindex.org/wp-content/uploads/2020/06/Jamaica-SI-Report-2020.pdf







2. Inter-American Development Bank. Women’s Health Survey 2016: Jamaica: Final Report. 2018 https://publications.iadb.org/en/womens-health-survey-2016-jamaica-final-report




3. National Reports

      https://hstu.moh.gov.jm/media/reports/

      https://hstu.moh.gov.jm/media/policy-papers/

      https://hstu.moh.gov.jm/media/manuals/

      https://hstu.moh.gov.jm/media/research/

      https://hstu.moh.gov.jm/media/strategic-plans/"
reports,https://williamsandremoh.wixsite.com/jmerg/items-2/reports,https://hstu.moh.gov.jm/media/policy-papers/,,"1. Network of Seropositives J, Policy Plus H. The People Living with HIV Stigma Index: Jamaica [Internet]. 2020. https://www.stigmaindex.org/wp-content/uploads/2020/06/Jamaica-SI-Report-2020.pdf







2. Inter-American Development Bank. Women’s Health Survey 2016: Jamaica: Final Report. 2018 https://publications.iadb.org/en/womens-health-survey-2016-jamaica-final-report




3. National Reports

      https://hstu.moh.gov.jm/media/reports/

      https://hstu.moh.gov.jm/media/policy-papers/

      https://hstu.moh.gov.jm/media/manuals/

      https://hstu.moh.gov.jm/media/research/

      https://hstu.moh.gov.jm/media/strategic-plans/"
reports,https://williamsandremoh.wixsite.com/jmerg/items-2/reports,https://hstu.moh.gov.jm/media/policy-papers/,https://hstu.moh.gov.jm/media/policy-papers/,"1. Network of Seropositives J, Policy Plus H. The People Living with HIV Stigma Index: Jamaica [Internet]. 2020. https://www.stigmaindex.org/wp-content/uploads/2020/06/Jamaica-SI-Report-2020.pdf







2. Inter-American Development Bank. Women’s Health Survey 2016: Jamaica: Final Report. 2018 https://publications.iadb.org/en/womens-health-survey-2016-jamaica-final-report




3. National Reports

      https://hstu.moh.gov.jm/media/reports/

      https://hstu.moh.gov.jm/media/policy-papers/

      https://hstu.moh.gov.jm/media/manuals/

      https://hstu.moh.gov.jm/media/research/

      https://hstu.moh.gov.jm/media/strategic-plans/"
reports,https://williamsandremoh.wixsite.com/jmerg/items-2/reports,https://hstu.moh.gov.jm/media/manuals/,,"1. Network of Seropositives J, Policy Plus H. The People Living with HIV Stigma Index: Jamaica [Internet]. 2020. https://www.stigmaindex.org/wp-content/uploads/2020/06/Jamaica-SI-Report-2020.pdf







2. Inter-American Development Bank. Women’s Health Survey 2016: Jamaica: Final Report. 2018 https://publications.iadb.org/en/womens-health-survey-2016-jamaica-final-report




3. National Reports

      https://hstu.moh.gov.jm/media/reports/

      https://hstu.moh.gov.jm/media/policy-papers/

      https://hstu.moh.gov.jm/media/manuals/

      https://hstu.moh.gov.jm/media/research/

      https://hstu.moh.gov.jm/media/strategic-plans/"
reports,https://williamsandremoh.wixsite.com/jmerg/items-2/reports,https://hstu.moh.gov.jm/media/manuals/,https://hstu.moh.gov.jm/media/manuals/,"1. Network of Seropositives J, Policy Plus H. The People Living with HIV Stigma Index: Jamaica [Internet]. 2020. https://www.stigmaindex.org/wp-content/uploads/2020/06/Jamaica-SI-Report-2020.pdf







2. Inter-American Development Bank. Women’s Health Survey 2016: Jamaica: Final Report. 2018 https://publications.iadb.org/en/womens-health-survey-2016-jamaica-final-report




3. National Reports

      https://hstu.moh.gov.jm/media/reports/

      https://hstu.moh.gov.jm/media/policy-papers/

      https://hstu.moh.gov.jm/media/manuals/

      https://hstu.moh.gov.jm/media/research/

      https://hstu.moh.gov.jm/media/strategic-plans/"
reports,https://williamsandremoh.wixsite.com/jmerg/items-2/reports,https://hstu.moh.gov.jm/media/research/,,"1. Network of Seropositives J, Policy Plus H. The People Living with HIV Stigma Index: Jamaica [Internet]. 2020. https://www.stigmaindex.org/wp-content/uploads/2020/06/Jamaica-SI-Report-2020.pdf







2. Inter-American Development Bank. Women’s Health Survey 2016: Jamaica: Final Report. 2018 https://publications.iadb.org/en/womens-health-survey-2016-jamaica-final-report




3. National Reports

      https://hstu.moh.gov.jm/media/reports/

      https://hstu.moh.gov.jm/media/policy-papers/

      https://hstu.moh.gov.jm/media/manuals/

      https://hstu.moh.gov.jm/media/research/

      https://hstu.moh.gov.jm/media/strategic-plans/"
reports,https://williamsandremoh.wixsite.com/jmerg/items-2/reports,https://hstu.moh.gov.jm/media/research/,https://hstu.moh.gov.jm/media/research/,"1. Network of Seropositives J, Policy Plus H. The People Living with HIV Stigma Index: Jamaica [Internet]. 2020. https://www.stigmaindex.org/wp-content/uploads/2020/06/Jamaica-SI-Report-2020.pdf







2. Inter-American Development Bank. Women’s Health Survey 2016: Jamaica: Final Report. 2018 https://publications.iadb.org/en/womens-health-survey-2016-jamaica-final-report




3. National Reports

      https://hstu.moh.gov.jm/media/reports/

      https://hstu.moh.gov.jm/media/policy-papers/

      https://hstu.moh.gov.jm/media/manuals/

      https://hstu.moh.gov.jm/media/research/

      https://hstu.moh.gov.jm/media/strategic-plans/"
reports,https://williamsandremoh.wixsite.com/jmerg/items-2/reports,https://hstu.moh.gov.jm/media/strategic-plans/,,"1. Network of Seropositives J, Policy Plus H. The People Living with HIV Stigma Index: Jamaica [Internet]. 2020. https://www.stigmaindex.org/wp-content/uploads/2020/06/Jamaica-SI-Report-2020.pdf







2. Inter-American Development Bank. Women’s Health Survey 2016: Jamaica: Final Report. 2018 https://publications.iadb.org/en/womens-health-survey-2016-jamaica-final-report




3. National Reports

      https://hstu.moh.gov.jm/media/reports/

      https://hstu.moh.gov.jm/media/policy-papers/

      https://hstu.moh.gov.jm/media/manuals/

      https://hstu.moh.gov.jm/media/research/

      https://hstu.moh.gov.jm/media/strategic-plans/"
reports,https://williamsandremoh.wixsite.com/jmerg/items-2/reports,https://hstu.moh.gov.jm/media/strategic-plans/,https://hstu.moh.gov.jm/media/strategic-plans/,"1. Network of Seropositives J, Policy Plus H. The People Living with HIV Stigma Index: Jamaica [Internet]. 2020. https://www.stigmaindex.org/wp-content/uploads/2020/06/Jamaica-SI-Report-2020.pdf







2. Inter-American Development Bank. Women’s Health Survey 2016: Jamaica: Final Report. 2018 https://publications.iadb.org/en/womens-health-survey-2016-jamaica-final-report




3. National Reports

      https://hstu.moh.gov.jm/media/reports/

      https://hstu.moh.gov.jm/media/policy-papers/

      https://hstu.moh.gov.jm/media/manuals/

      https://hstu.moh.gov.jm/media/research/

      https://hstu.moh.gov.jm/media/strategic-plans/"
risk-communication,https://williamsandremoh.wixsite.com/jmerg/items-2/risk-communication,https://pubmed.ncbi.nlm.nih.gov/39316078/,,"1. Boschiero MN, et. al. (2025). Efficacy of Doxycycline as Preexposure and/or Postexposure Prophylaxis to Prevent Sexually Transmitted Diseases: A Systematic Review and Meta-Analysis. Sex Transm Dis. 2025 Feb 1;52(2):65-72. https://pubmed.ncbi.nlm.nih.gov/39316078/




2. Cooney EE, et. al. (2025). The persistent chasm between PrEP awareness and uptake: characterizing the biomedical HIV prevention continuum in a nationwide cohort of transgender women in the United States and Puerto Rico. J Int AIDS Soc. 2025 Dec;28(12):e70070. https://pubmed.ncbi.nlm.nih.gov/41414743/




3. McLemore M, Amon JJ. Put rights at the centre of person- and people-centred HIV prevention. J Int AIDS Soc. 2025 Sep;28 Suppl 5(Suppl 5):e70028. https://pubmed.ncbi.nlm.nih.gov/41059582/




4. Sabackic M, et. al. (2025). Investigating the influence of provider communication and language reframing on HIV pre-exposure prophylaxis (PrEP) engagement with Black African and Caribbean women: a systematic review. AIDS Care. 2025 Dec;37(12):2063-2078. https://pubmed.ncbi.nlm.nih.gov/40990574/"
risk-communication,https://williamsandremoh.wixsite.com/jmerg/items-2/risk-communication,https://pubmed.ncbi.nlm.nih.gov/39316078/,https://pubmed.ncbi.nlm.nih.gov/39316078/,"1. Boschiero MN, et. al. (2025). Efficacy of Doxycycline as Preexposure and/or Postexposure Prophylaxis to Prevent Sexually Transmitted Diseases: A Systematic Review and Meta-Analysis. Sex Transm Dis. 2025 Feb 1;52(2):65-72. https://pubmed.ncbi.nlm.nih.gov/39316078/




2. Cooney EE, et. al. (2025). The persistent chasm between PrEP awareness and uptake: characterizing the biomedical HIV prevention continuum in a nationwide cohort of transgender women in the United States and Puerto Rico. J Int AIDS Soc. 2025 Dec;28(12):e70070. https://pubmed.ncbi.nlm.nih.gov/41414743/




3. McLemore M, Amon JJ. Put rights at the centre of person- and people-centred HIV prevention. J Int AIDS Soc. 2025 Sep;28 Suppl 5(Suppl 5):e70028. https://pubmed.ncbi.nlm.nih.gov/41059582/




4. Sabackic M, et. al. (2025). Investigating the influence of provider communication and language reframing on HIV pre-exposure prophylaxis (PrEP) engagement with Black African and Caribbean women: a systematic review. AIDS Care. 2025 Dec;37(12):2063-2078. https://pubmed.ncbi.nlm.nih.gov/40990574/"
risk-communication,https://williamsandremoh.wixsite.com/jmerg/items-2/risk-communication,https://pubmed.ncbi.nlm.nih.gov/41414743/,,"1. Boschiero MN, et. al. (2025). Efficacy of Doxycycline as Preexposure and/or Postexposure Prophylaxis to Prevent Sexually Transmitted Diseases: A Systematic Review and Meta-Analysis. Sex Transm Dis. 2025 Feb 1;52(2):65-72. https://pubmed.ncbi.nlm.nih.gov/39316078/




2. Cooney EE, et. al. (2025). The persistent chasm between PrEP awareness and uptake: characterizing the biomedical HIV prevention continuum in a nationwide cohort of transgender women in the United States and Puerto Rico. J Int AIDS Soc. 2025 Dec;28(12):e70070. https://pubmed.ncbi.nlm.nih.gov/41414743/




3. McLemore M, Amon JJ. Put rights at the centre of person- and people-centred HIV prevention. J Int AIDS Soc. 2025 Sep;28 Suppl 5(Suppl 5):e70028. https://pubmed.ncbi.nlm.nih.gov/41059582/




4. Sabackic M, et. al. (2025). Investigating the influence of provider communication and language reframing on HIV pre-exposure prophylaxis (PrEP) engagement with Black African and Caribbean women: a systematic review. AIDS Care. 2025 Dec;37(12):2063-2078. https://pubmed.ncbi.nlm.nih.gov/40990574/"
risk-communication,https://williamsandremoh.wixsite.com/jmerg/items-2/risk-communication,https://pubmed.ncbi.nlm.nih.gov/41414743/,https://pubmed.ncbi.nlm.nih.gov/41414743/,"1. Boschiero MN, et. al. (2025). Efficacy of Doxycycline as Preexposure and/or Postexposure Prophylaxis to Prevent Sexually Transmitted Diseases: A Systematic Review and Meta-Analysis. Sex Transm Dis. 2025 Feb 1;52(2):65-72. https://pubmed.ncbi.nlm.nih.gov/39316078/




2. Cooney EE, et. al. (2025). The persistent chasm between PrEP awareness and uptake: characterizing the biomedical HIV prevention continuum in a nationwide cohort of transgender women in the United States and Puerto Rico. J Int AIDS Soc. 2025 Dec;28(12):e70070. https://pubmed.ncbi.nlm.nih.gov/41414743/




3. McLemore M, Amon JJ. Put rights at the centre of person- and people-centred HIV prevention. J Int AIDS Soc. 2025 Sep;28 Suppl 5(Suppl 5):e70028. https://pubmed.ncbi.nlm.nih.gov/41059582/




4. Sabackic M, et. al. (2025). Investigating the influence of provider communication and language reframing on HIV pre-exposure prophylaxis (PrEP) engagement with Black African and Caribbean women: a systematic review. AIDS Care. 2025 Dec;37(12):2063-2078. https://pubmed.ncbi.nlm.nih.gov/40990574/"
risk-communication,https://williamsandremoh.wixsite.com/jmerg/items-2/risk-communication,https://pubmed.ncbi.nlm.nih.gov/41059582/,,"1. Boschiero MN, et. al. (2025). Efficacy of Doxycycline as Preexposure and/or Postexposure Prophylaxis to Prevent Sexually Transmitted Diseases: A Systematic Review and Meta-Analysis. Sex Transm Dis. 2025 Feb 1;52(2):65-72. https://pubmed.ncbi.nlm.nih.gov/39316078/




2. Cooney EE, et. al. (2025). The persistent chasm between PrEP awareness and uptake: characterizing the biomedical HIV prevention continuum in a nationwide cohort of transgender women in the United States and Puerto Rico. J Int AIDS Soc. 2025 Dec;28(12):e70070. https://pubmed.ncbi.nlm.nih.gov/41414743/




3. McLemore M, Amon JJ. Put rights at the centre of person- and people-centred HIV prevention. J Int AIDS Soc. 2025 Sep;28 Suppl 5(Suppl 5):e70028. https://pubmed.ncbi.nlm.nih.gov/41059582/




4. Sabackic M, et. al. (2025). Investigating the influence of provider communication and language reframing on HIV pre-exposure prophylaxis (PrEP) engagement with Black African and Caribbean women: a systematic review. AIDS Care. 2025 Dec;37(12):2063-2078. https://pubmed.ncbi.nlm.nih.gov/40990574/"
risk-communication,https://williamsandremoh.wixsite.com/jmerg/items-2/risk-communication,https://pubmed.ncbi.nlm.nih.gov/41059582/,https://pubmed.ncbi.nlm.nih.gov/41059582/,"1. Boschiero MN, et. al. (2025). Efficacy of Doxycycline as Preexposure and/or Postexposure Prophylaxis to Prevent Sexually Transmitted Diseases: A Systematic Review and Meta-Analysis. Sex Transm Dis. 2025 Feb 1;52(2):65-72. https://pubmed.ncbi.nlm.nih.gov/39316078/




2. Cooney EE, et. al. (2025). The persistent chasm between PrEP awareness and uptake: characterizing the biomedical HIV prevention continuum in a nationwide cohort of transgender women in the United States and Puerto Rico. J Int AIDS Soc. 2025 Dec;28(12):e70070. https://pubmed.ncbi.nlm.nih.gov/41414743/




3. McLemore M, Amon JJ. Put rights at the centre of person- and people-centred HIV prevention. J Int AIDS Soc. 2025 Sep;28 Suppl 5(Suppl 5):e70028. https://pubmed.ncbi.nlm.nih.gov/41059582/




4. Sabackic M, et. al. (2025). Investigating the influence of provider communication and language reframing on HIV pre-exposure prophylaxis (PrEP) engagement with Black African and Caribbean women: a systematic review. AIDS Care. 2025 Dec;37(12):2063-2078. https://pubmed.ncbi.nlm.nih.gov/40990574/"
risk-communication,https://williamsandremoh.wixsite.com/jmerg/items-2/risk-communication,https://pubmed.ncbi.nlm.nih.gov/40990574/,,"1. Boschiero MN, et. al. (2025). Efficacy of Doxycycline as Preexposure and/or Postexposure Prophylaxis to Prevent Sexually Transmitted Diseases: A Systematic Review and Meta-Analysis. Sex Transm Dis. 2025 Feb 1;52(2):65-72. https://pubmed.ncbi.nlm.nih.gov/39316078/




2. Cooney EE, et. al. (2025). The persistent chasm between PrEP awareness and uptake: characterizing the biomedical HIV prevention continuum in a nationwide cohort of transgender women in the United States and Puerto Rico. J Int AIDS Soc. 2025 Dec;28(12):e70070. https://pubmed.ncbi.nlm.nih.gov/41414743/




3. McLemore M, Amon JJ. Put rights at the centre of person- and people-centred HIV prevention. J Int AIDS Soc. 2025 Sep;28 Suppl 5(Suppl 5):e70028. https://pubmed.ncbi.nlm.nih.gov/41059582/




4. Sabackic M, et. al. (2025). Investigating the influence of provider communication and language reframing on HIV pre-exposure prophylaxis (PrEP) engagement with Black African and Caribbean women: a systematic review. AIDS Care. 2025 Dec;37(12):2063-2078. https://pubmed.ncbi.nlm.nih.gov/40990574/"
risk-communication,https://williamsandremoh.wixsite.com/jmerg/items-2/risk-communication,https://pubmed.ncbi.nlm.nih.gov/40990574/,https://pubmed.ncbi.nlm.nih.gov/40990574/,"1. Boschiero MN, et. al. (2025). Efficacy of Doxycycline as Preexposure and/or Postexposure Prophylaxis to Prevent Sexually Transmitted Diseases: A Systematic Review and Meta-Analysis. Sex Transm Dis. 2025 Feb 1;52(2):65-72. https://pubmed.ncbi.nlm.nih.gov/39316078/




2. Cooney EE, et. al. (2025). The persistent chasm between PrEP awareness and uptake: characterizing the biomedical HIV prevention continuum in a nationwide cohort of transgender women in the United States and Puerto Rico. J Int AIDS Soc. 2025 Dec;28(12):e70070. https://pubmed.ncbi.nlm.nih.gov/41414743/




3. McLemore M, Amon JJ. Put rights at the centre of person- and people-centred HIV prevention. J Int AIDS Soc. 2025 Sep;28 Suppl 5(Suppl 5):e70028. https://pubmed.ncbi.nlm.nih.gov/41059582/




4. Sabackic M, et. al. (2025). Investigating the influence of provider communication and language reframing on HIV pre-exposure prophylaxis (PrEP) engagement with Black African and Caribbean women: a systematic review. AIDS Care. 2025 Dec;37(12):2063-2078. https://pubmed.ncbi.nlm.nih.gov/40990574/"
sexually-transmitted-infections,https://williamsandremoh.wixsite.com/jmerg/items-2/sexually-transmitted-infections,https://pubmed.ncbi.nlm.nih.gov/41946354/,,"Cameron JR, et. al. (2026). Prevalence of Viral Hepatitis in Three Public Health Clinics in the Kingston Metropolitan Area, Jamaica, 2022. Am J Trop Med Hyg. 2026 Apr 7;114(6):1191-1197. https://pubmed.ncbi.nlm.nih.gov/41946354/"
sexually-transmitted-infections,https://williamsandremoh.wixsite.com/jmerg/items-2/sexually-transmitted-infections,https://pubmed.ncbi.nlm.nih.gov/41946354/,https://pubmed.ncbi.nlm.nih.gov/41946354/,"Cameron JR, et. al. (2026). Prevalence of Viral Hepatitis in Three Public Health Clinics in the Kingston Metropolitan Area, Jamaica, 2022. Am J Trop Med Hyg. 2026 Apr 7;114(6):1191-1197. https://pubmed.ncbi.nlm.nih.gov/41946354/"
sexually-transmitted-infections,https://williamsandremoh.wixsite.com/jmerg/items-2/sexually-transmitted-infections,https://pubmed.ncbi.nlm.nih.gov/41118141/,,"Chang M, Castor D et. al. (2026). Correlates of asymptomatic sexually transmitted infections among marginalized women in the Dominican Republic. Int J STD AIDS. 2026 Mar;37(3):250-263. https://pubmed.ncbi.nlm.nih.gov/41118141/"
sexually-transmitted-infections,https://williamsandremoh.wixsite.com/jmerg/items-2/sexually-transmitted-infections,https://pubmed.ncbi.nlm.nih.gov/41118141/,https://pubmed.ncbi.nlm.nih.gov/41118141/,"Chang M, Castor D et. al. (2026). Correlates of asymptomatic sexually transmitted infections among marginalized women in the Dominican Republic. Int J STD AIDS. 2026 Mar;37(3):250-263. https://pubmed.ncbi.nlm.nih.gov/41118141/"
sexually-transmitted-infections,https://williamsandremoh.wixsite.com/jmerg/items-2/sexually-transmitted-infections,https://pubmed.ncbi.nlm.nih.gov/41820907/,,"Melaku MS, Yohannes L, et. al. (2026). Predictors of self-reported sexually transmitted infections (STIs) among men in 54 low and middle income countries (LMICs): a comparison of deep learning and classical machine learning algorithms. BMC Infect Dis. 2026 Mar 12;26(1):830. https://pubmed.ncbi.nlm.nih.gov/41820907/"
sexually-transmitted-infections,https://williamsandremoh.wixsite.com/jmerg/items-2/sexually-transmitted-infections,https://pubmed.ncbi.nlm.nih.gov/41820907/,https://pubmed.ncbi.nlm.nih.gov/41820907/,"Melaku MS, Yohannes L, et. al. (2026). Predictors of self-reported sexually transmitted infections (STIs) among men in 54 low and middle income countries (LMICs): a comparison of deep learning and classical machine learning algorithms. BMC Infect Dis. 2026 Mar 12;26(1):830. https://pubmed.ncbi.nlm.nih.gov/41820907/"
sexually-transmitted-infections,https://williamsandremoh.wixsite.com/jmerg/items-2/sexually-transmitted-infections,https://pubmed.ncbi.nlm.nih.gov/40676510/,,"Williams AJ, Ali TP et. al. (2025). Prevalence and risk factors associated with sexually transmitted infections among adults attending an STI clinic in a small island developing state. BMC Infect Dis. 2025 Jul 17;25(1):923. https://pubmed.ncbi.nlm.nih.gov/40676510/"
sexually-transmitted-infections,https://williamsandremoh.wixsite.com/jmerg/items-2/sexually-transmitted-infections,https://pubmed.ncbi.nlm.nih.gov/40676510/,https://pubmed.ncbi.nlm.nih.gov/40676510/,"Williams AJ, Ali TP et. al. (2025). Prevalence and risk factors associated with sexually transmitted infections among adults attending an STI clinic in a small island developing state. BMC Infect Dis. 2025 Jul 17;25(1):923. https://pubmed.ncbi.nlm.nih.gov/40676510/"
sexually-transmitted-infections,https://williamsandremoh.wixsite.com/jmerg/items-2/sexually-transmitted-infections,https://pubmed.ncbi.nlm.nih.gov/37395626/,,Harris et al – 2024 - Unravelling Delay in Care for Sexually Transmitted Infections-Related Symptoms in a Developing Country Setting (Jamaica) https://pubmed.ncbi.nlm.nih.gov/37395626/
sexually-transmitted-infections,https://williamsandremoh.wixsite.com/jmerg/items-2/sexually-transmitted-infections,https://pubmed.ncbi.nlm.nih.gov/37395626/,https://pubmed.ncbi.nlm.nih.gov/37395626/,Harris et al – 2024 - Unravelling Delay in Care for Sexually Transmitted Infections-Related Symptoms in a Developing Country Setting (Jamaica) https://pubmed.ncbi.nlm.nih.gov/37395626/
sexually-transmitted-infections,https://williamsandremoh.wixsite.com/jmerg/items-2/sexually-transmitted-infections,https://pubmed.ncbi.nlm.nih.gov/34557895/,,"Cameron-McDermott et al – 2021 - Antimicrobial susceptibility of Neisseria gonorrhoeae isolates and syndromic treatment of men with urethral discharge in Kingston, Jamaica, 2018-19 https://pubmed.ncbi.nlm.nih.gov/34557895/"
sexually-transmitted-infections,https://williamsandremoh.wixsite.com/jmerg/items-2/sexually-transmitted-infections,https://pubmed.ncbi.nlm.nih.gov/34557895/,https://pubmed.ncbi.nlm.nih.gov/34557895/,"Cameron-McDermott et al – 2021 - Antimicrobial susceptibility of Neisseria gonorrhoeae isolates and syndromic treatment of men with urethral discharge in Kingston, Jamaica, 2018-19 https://pubmed.ncbi.nlm.nih.gov/34557895/"
sexually-transmitted-infections,https://williamsandremoh.wixsite.com/jmerg/items-2/sexually-transmitted-infections,https://pubmed.ncbi.nlm.nih.gov/28971701/,,Jarrett et al – 2018 - High prevalence of psychiatric and substance use disorders among persons seeking treatment for HIV and other STIs in Jamaica: a short report https://pubmed.ncbi.nlm.nih.gov/28971701/
sexually-transmitted-infections,https://williamsandremoh.wixsite.com/jmerg/items-2/sexually-transmitted-infections,https://pubmed.ncbi.nlm.nih.gov/28971701/,https://pubmed.ncbi.nlm.nih.gov/28971701/,Jarrett et al – 2018 - High prevalence of psychiatric and substance use disorders among persons seeking treatment for HIV and other STIs in Jamaica: a short report https://pubmed.ncbi.nlm.nih.gov/28971701/
sexually-transmitted-infections,https://williamsandremoh.wixsite.com/jmerg/items-2/sexually-transmitted-infections,https://pubmed.ncbi.nlm.nih.gov/30484752/,,Logie et al – 2018 - Contextualising sexual health practices among lesbian and bisexual women in Jamaica: a multi-methods study https://pubmed.ncbi.nlm.nih.gov/30484752/
sexually-transmitted-infections,https://williamsandremoh.wixsite.com/jmerg/items-2/sexually-transmitted-infections,https://pubmed.ncbi.nlm.nih.gov/30484752/,https://pubmed.ncbi.nlm.nih.gov/30484752/,Logie et al – 2018 - Contextualising sexual health practices among lesbian and bisexual women in Jamaica: a multi-methods study https://pubmed.ncbi.nlm.nih.gov/30484752/
sexually-transmitted-infections,https://williamsandremoh.wixsite.com/jmerg/items-2/sexually-transmitted-infections,https://pubmed.ncbi.nlm.nih.gov/29925463/,,"Logie et al – 2018 - Factors associated with sexually transmissible infection testing practices among men who have sex with men in Jamaica: results from a cross-sectional, tablet-based survey https://pubmed.ncbi.nlm.nih.gov/29925463/"
sexually-transmitted-infections,https://williamsandremoh.wixsite.com/jmerg/items-2/sexually-transmitted-infections,https://pubmed.ncbi.nlm.nih.gov/29925463/,https://pubmed.ncbi.nlm.nih.gov/29925463/,"Logie et al – 2018 - Factors associated with sexually transmissible infection testing practices among men who have sex with men in Jamaica: results from a cross-sectional, tablet-based survey https://pubmed.ncbi.nlm.nih.gov/29925463/"
sexually-transmitted-infections,https://williamsandremoh.wixsite.com/jmerg/items-2/sexually-transmitted-infections,https://pubmed.ncbi.nlm.nih.gov/29420443/,,Logie et al – 2018 - Factors Associated With Syphilis Testing and a History of Syphilis Infection Among a Sample of Transgender Women in Jamaica https://pubmed.ncbi.nlm.nih.gov/29420443/
sexually-transmitted-infections,https://williamsandremoh.wixsite.com/jmerg/items-2/sexually-transmitted-infections,https://pubmed.ncbi.nlm.nih.gov/29420443/,https://pubmed.ncbi.nlm.nih.gov/29420443/,Logie et al – 2018 - Factors Associated With Syphilis Testing and a History of Syphilis Infection Among a Sample of Transgender Women in Jamaica https://pubmed.ncbi.nlm.nih.gov/29420443/
sexually-transmitted-infections,https://williamsandremoh.wixsite.com/jmerg/items-2/sexually-transmitted-infections,https://pubmed.ncbi.nlm.nih.gov/28476913/#0,,"Snead et al - 2017 - Prevalence and risk factors associated with STIs among women initiating contraceptive implants in Kingston, Jamaica. Sexually Transmitted Infections https://pubmed.ncbi.nlm.nih.gov/28476913/#0"
sexually-transmitted-infections,https://williamsandremoh.wixsite.com/jmerg/items-2/sexually-transmitted-infections,https://pubmed.ncbi.nlm.nih.gov/28476913/#0,https://pubmed.ncbi.nlm.nih.gov/28476913/#0,"Snead et al - 2017 - Prevalence and risk factors associated with STIs among women initiating contraceptive implants in Kingston, Jamaica. Sexually Transmitted Infections https://pubmed.ncbi.nlm.nih.gov/28476913/#0"
sexually-transmitted-infections,https://williamsandremoh.wixsite.com/jmerg/items-2/sexually-transmitted-infections,https://pubmed.ncbi.nlm.nih.gov/27001008/,,"Johnson – 2016 - 'Men at risk': sex work, tourism, and STI/HIV risk in Jamaica https://pubmed.ncbi.nlm.nih.gov/27001008/"
sexually-transmitted-infections,https://williamsandremoh.wixsite.com/jmerg/items-2/sexually-transmitted-infections,https://pubmed.ncbi.nlm.nih.gov/27001008/,https://pubmed.ncbi.nlm.nih.gov/27001008/,"Johnson – 2016 - 'Men at risk': sex work, tourism, and STI/HIV risk in Jamaica https://pubmed.ncbi.nlm.nih.gov/27001008/"
sexually-transmitted-infections,https://williamsandremoh.wixsite.com/jmerg/items-2/sexually-transmitted-infections,https://pubmed.ncbi.nlm.nih.gov/25659122/,,Figueroa et al – 2015 - Understanding the high prevalence of HIV and other sexually transmitted infections among socio-economically vulnerable men who have sex with men in Jamaica https://pubmed.ncbi.nlm.nih.gov/25659122/
sexually-transmitted-infections,https://williamsandremoh.wixsite.com/jmerg/items-2/sexually-transmitted-infections,https://pubmed.ncbi.nlm.nih.gov/25659122/,https://pubmed.ncbi.nlm.nih.gov/25659122/,Figueroa et al – 2015 - Understanding the high prevalence of HIV and other sexually transmitted infections among socio-economically vulnerable men who have sex with men in Jamaica https://pubmed.ncbi.nlm.nih.gov/25659122/
sexually-transmitted-infections,https://williamsandremoh.wixsite.com/jmerg/items-2/sexually-transmitted-infections,https://pubmed.ncbi.nlm.nih.gov/22893195/,,Carter et al – 2013 - Exploring discordance between biologic and self-reported measures of semen exposure: a qualitative study among female patients attending an STI clinic in Jamaica https://pubmed.ncbi.nlm.nih.gov/22893195/
sexually-transmitted-infections,https://williamsandremoh.wixsite.com/jmerg/items-2/sexually-transmitted-infections,https://pubmed.ncbi.nlm.nih.gov/22893195/,https://pubmed.ncbi.nlm.nih.gov/22893195/,Carter et al – 2013 - Exploring discordance between biologic and self-reported measures of semen exposure: a qualitative study among female patients attending an STI clinic in Jamaica https://pubmed.ncbi.nlm.nih.gov/22893195/
sexually-transmitted-infections,https://williamsandremoh.wixsite.com/jmerg/items-2/sexually-transmitted-infections,https://pubmed.ncbi.nlm.nih.gov/24171329/,,"Carter et al – 2013 - Intravaginal cleansing among women attending a sexually transmitted infection clinic in Kingston, Jamaica https://pubmed.ncbi.nlm.nih.gov/24171329/"
sexually-transmitted-infections,https://williamsandremoh.wixsite.com/jmerg/items-2/sexually-transmitted-infections,https://pubmed.ncbi.nlm.nih.gov/24171329/,https://pubmed.ncbi.nlm.nih.gov/24171329/,"Carter et al – 2013 - Intravaginal cleansing among women attending a sexually transmitted infection clinic in Kingston, Jamaica https://pubmed.ncbi.nlm.nih.gov/24171329/"
sexually-transmitted-infections,https://williamsandremoh.wixsite.com/jmerg/items-2/sexually-transmitted-infections,https://pubmed.ncbi.nlm.nih.gov/17579339/,,"Gallo et al – 2007 - Self-reported condom use is associated with reduced risk of chlamydia, gonorrhea, and trichomoniasis https://pubmed.ncbi.nlm.nih.gov/17579339/"
sexually-transmitted-infections,https://williamsandremoh.wixsite.com/jmerg/items-2/sexually-transmitted-infections,https://pubmed.ncbi.nlm.nih.gov/17579339/,https://pubmed.ncbi.nlm.nih.gov/17579339/,"Gallo et al – 2007 - Self-reported condom use is associated with reduced risk of chlamydia, gonorrhea, and trichomoniasis https://pubmed.ncbi.nlm.nih.gov/17579339/"
sexually-transmitted-infections,https://williamsandremoh.wixsite.com/jmerg/items-2/sexually-transmitted-infections,https://pubmed.ncbi.nlm.nih.gov/18178540/,,"Yam et al – 2007 - Jamaican and Barbadian health care providers' knowledge, attitudes and practices regarding emergency contraceptive pills https://pubmed.ncbi.nlm.nih.gov/18178540/"
sexually-transmitted-infections,https://williamsandremoh.wixsite.com/jmerg/items-2/sexually-transmitted-infections,https://pubmed.ncbi.nlm.nih.gov/18178540/,https://pubmed.ncbi.nlm.nih.gov/18178540/,"Yam et al – 2007 - Jamaican and Barbadian health care providers' knowledge, attitudes and practices regarding emergency contraceptive pills https://pubmed.ncbi.nlm.nih.gov/18178540/"
sexually-transmitted-infections,https://williamsandremoh.wixsite.com/jmerg/items-2/sexually-transmitted-infections,https://pubmed.ncbi.nlm.nih.gov/16921701/,,Vickers et al - 2006 - Seroprevalence of sexually transmitted infections among accepted and deferred blood donors in Jamaica https://pubmed.ncbi.nlm.nih.gov/16921701/
sexually-transmitted-infections,https://williamsandremoh.wixsite.com/jmerg/items-2/sexually-transmitted-infections,https://pubmed.ncbi.nlm.nih.gov/16921701/,https://pubmed.ncbi.nlm.nih.gov/16921701/,Vickers et al - 2006 - Seroprevalence of sexually transmitted infections among accepted and deferred blood donors in Jamaica https://pubmed.ncbi.nlm.nih.gov/16921701/
sexually-transmitted-infections,https://williamsandremoh.wixsite.com/jmerg/items-2/sexually-transmitted-infections,https://pubmed.ncbi.nlm.nih.gov/18814406/,,Hutton-Rose et al – 2008 - The prevalence of other sexually transmitted infections in confirmed HIV cases at a referral clinic in Jamaica https://pubmed.ncbi.nlm.nih.gov/18814406/
sexually-transmitted-infections,https://williamsandremoh.wixsite.com/jmerg/items-2/sexually-transmitted-infections,https://pubmed.ncbi.nlm.nih.gov/18814406/,https://pubmed.ncbi.nlm.nih.gov/18814406/,Hutton-Rose et al – 2008 - The prevalence of other sexually transmitted infections in confirmed HIV cases at a referral clinic in Jamaica https://pubmed.ncbi.nlm.nih.gov/18814406/
sexually-transmitted-infections,https://williamsandremoh.wixsite.com/jmerg/items-2/sexually-transmitted-infections,https://pubmed.ncbi.nlm.nih.gov/11354264/,,Dowe et al – 2001 - Bloodborne sexually transmitted infections in patients presenting for substance abuse treatment in Jamaica https://pubmed.ncbi.nlm.nih.gov/11354264/
sexually-transmitted-infections,https://williamsandremoh.wixsite.com/jmerg/items-2/sexually-transmitted-infections,https://pubmed.ncbi.nlm.nih.gov/11354264/,https://pubmed.ncbi.nlm.nih.gov/11354264/,Dowe et al – 2001 - Bloodborne sexually transmitted infections in patients presenting for substance abuse treatment in Jamaica https://pubmed.ncbi.nlm.nih.gov/11354264/
sexually-transmitted-infections,https://williamsandremoh.wixsite.com/jmerg/items-2/sexually-transmitted-infections,https://pubmed.ncbi.nlm.nih.gov/29654017/,,"Zia et al – 2018 - Assessing prevalence of missed laboratory-confirmed sexually transmitted infections among women in Kingston, Jamaica: results from a secondary analysis of the Sino-Implant clinical trial https://pubmed.ncbi.nlm.nih.gov/29654017/"
sexually-transmitted-infections,https://williamsandremoh.wixsite.com/jmerg/items-2/sexually-transmitted-infections,https://pubmed.ncbi.nlm.nih.gov/29654017/,https://pubmed.ncbi.nlm.nih.gov/29654017/,"Zia et al – 2018 - Assessing prevalence of missed laboratory-confirmed sexually transmitted infections among women in Kingston, Jamaica: results from a secondary analysis of the Sino-Implant clinical trial https://pubmed.ncbi.nlm.nih.gov/29654017/"
sexually-transmitted-infections,https://williamsandremoh.wixsite.com/jmerg/items-2/sexually-transmitted-infections,https://pubmed.ncbi.nlm.nih.gov/24695013/,,"Weir et al – 2015 - ""Do you think your main partner has other sex partners?"" A simple question provides insight into sexual risk in Jamaica https://pubmed.ncbi.nlm.nih.gov/24695013/"
sexually-transmitted-infections,https://williamsandremoh.wixsite.com/jmerg/items-2/sexually-transmitted-infections,https://pubmed.ncbi.nlm.nih.gov/24695013/,https://pubmed.ncbi.nlm.nih.gov/24695013/,"Weir et al – 2015 - ""Do you think your main partner has other sex partners?"" A simple question provides insight into sexual risk in Jamaica https://pubmed.ncbi.nlm.nih.gov/24695013/"
sexually-transmitted-infections,https://williamsandremoh.wixsite.com/jmerg/items-2/sexually-transmitted-infections,https://pubmed.ncbi.nlm.nih.gov/21355507/,,"Figueroa et al – 2010 - Attitudes towards male circumcision among attendees at a sexually transmitted infection clinic in Kingston, Jamaica https://pubmed.ncbi.nlm.nih.gov/21355507/"
sexually-transmitted-infections,https://williamsandremoh.wixsite.com/jmerg/items-2/sexually-transmitted-infections,https://pubmed.ncbi.nlm.nih.gov/21355507/,https://pubmed.ncbi.nlm.nih.gov/21355507/,"Figueroa et al – 2010 - Attitudes towards male circumcision among attendees at a sexually transmitted infection clinic in Kingston, Jamaica https://pubmed.ncbi.nlm.nih.gov/21355507/"
sexually-transmitted-infections,https://williamsandremoh.wixsite.com/jmerg/items-2/sexually-transmitted-infections,https://pubmed.ncbi.nlm.nih.gov/17303487/,,Morrison et al – 2007 - Identifying appropriate IUD candidates in areas with high prevalence of sexually transmitted infections https://pubmed.ncbi.nlm.nih.gov/17303487/
sexually-transmitted-infections,https://williamsandremoh.wixsite.com/jmerg/items-2/sexually-transmitted-infections,https://pubmed.ncbi.nlm.nih.gov/17303487/,https://pubmed.ncbi.nlm.nih.gov/17303487/,Morrison et al – 2007 - Identifying appropriate IUD candidates in areas with high prevalence of sexually transmitted infections https://pubmed.ncbi.nlm.nih.gov/17303487/
sexually-transmitted-infections,https://williamsandremoh.wixsite.com/jmerg/items-2/sexually-transmitted-infections,https://pubmed.ncbi.nlm.nih.gov/23321990/,,Anderson et al – 2013 - Randomized controlled trial on the effectiveness of counseling messages for avoiding unprotected sexual intercourse during sexually transmitted infection and reproductive tract infection treatment among female sexually transmitted infection clinic patients https://pubmed.ncbi.nlm.nih.gov/23321990/
sexually-transmitted-infections,https://williamsandremoh.wixsite.com/jmerg/items-2/sexually-transmitted-infections,https://pubmed.ncbi.nlm.nih.gov/23321990/,https://pubmed.ncbi.nlm.nih.gov/23321990/,Anderson et al – 2013 - Randomized controlled trial on the effectiveness of counseling messages for avoiding unprotected sexual intercourse during sexually transmitted infection and reproductive tract infection treatment among female sexually transmitted infection clinic patients https://pubmed.ncbi.nlm.nih.gov/23321990/
sexually-transmitted-infections,https://williamsandremoh.wixsite.com/jmerg/items-2/sexually-transmitted-infections,https://pubmed.ncbi.nlm.nih.gov/20182645/,,"Nnedu et al – 2008 - Factors Influencing Condom Use among Sexually Transmitted Infection Clinic Patients in Montego Bay, Jamaica https://pubmed.ncbi.nlm.nih.gov/20182645/"
sexually-transmitted-infections,https://williamsandremoh.wixsite.com/jmerg/items-2/sexually-transmitted-infections,https://pubmed.ncbi.nlm.nih.gov/20182645/,https://pubmed.ncbi.nlm.nih.gov/20182645/,"Nnedu et al – 2008 - Factors Influencing Condom Use among Sexually Transmitted Infection Clinic Patients in Montego Bay, Jamaica https://pubmed.ncbi.nlm.nih.gov/20182645/"
sexually-transmitted-infections,https://williamsandremoh.wixsite.com/jmerg/items-2/sexually-transmitted-infections,https://pubmed.ncbi.nlm.nih.gov/37505666/,,Brown et al – 2023 - Seroprevalence and Genotype Diversity of Hepatitis C Virus in the Caribbean-A Review https://pubmed.ncbi.nlm.nih.gov/37505666/
sexually-transmitted-infections,https://williamsandremoh.wixsite.com/jmerg/items-2/sexually-transmitted-infections,https://pubmed.ncbi.nlm.nih.gov/37505666/,https://pubmed.ncbi.nlm.nih.gov/37505666/,Brown et al – 2023 - Seroprevalence and Genotype Diversity of Hepatitis C Virus in the Caribbean-A Review https://pubmed.ncbi.nlm.nih.gov/37505666/
sexually-transmitted-infections,https://williamsandremoh.wixsite.com/jmerg/items-2/sexually-transmitted-infections,https://pubmed.ncbi.nlm.nih.gov/11463935/,,Smikle et al -  2001 - Hepatitis B and C viruses and sexually transmitted disease patients in Jamaica https://pubmed.ncbi.nlm.nih.gov/11463935/
sexually-transmitted-infections,https://williamsandremoh.wixsite.com/jmerg/items-2/sexually-transmitted-infections,https://pubmed.ncbi.nlm.nih.gov/11463935/,https://pubmed.ncbi.nlm.nih.gov/11463935/,Smikle et al -  2001 - Hepatitis B and C viruses and sexually transmitted disease patients in Jamaica https://pubmed.ncbi.nlm.nih.gov/11463935/
sexually-transmitted-infections,https://williamsandremoh.wixsite.com/jmerg/items-2/sexually-transmitted-infections,https://pubmed.ncbi.nlm.nih.gov/3439162/,,Brathwaite – 1987 - Current status of sexually transmitted diseases in Jamaica https://pubmed.ncbi.nlm.nih.gov/3439162/
sexually-transmitted-infections,https://williamsandremoh.wixsite.com/jmerg/items-2/sexually-transmitted-infections,https://pubmed.ncbi.nlm.nih.gov/3439162/,https://pubmed.ncbi.nlm.nih.gov/3439162/,Brathwaite – 1987 - Current status of sexually transmitted diseases in Jamaica https://pubmed.ncbi.nlm.nih.gov/3439162/
sexually-transmitted-infections,https://williamsandremoh.wixsite.com/jmerg/items-2/sexually-transmitted-infections,https://pubmed.ncbi.nlm.nih.gov/32894795/,,Dubey et al – 2020 - Interactive effect of TLR SNPs and exposure to sexually transmitted infections on prostate cancer risk in Jamaican men https://pubmed.ncbi.nlm.nih.gov/32894795/
sexually-transmitted-infections,https://williamsandremoh.wixsite.com/jmerg/items-2/sexually-transmitted-infections,https://pubmed.ncbi.nlm.nih.gov/32894795/,https://pubmed.ncbi.nlm.nih.gov/32894795/,Dubey et al – 2020 - Interactive effect of TLR SNPs and exposure to sexually transmitted infections on prostate cancer risk in Jamaican men https://pubmed.ncbi.nlm.nih.gov/32894795/
sexually-transmitted-infections,https://williamsandremoh.wixsite.com/jmerg/items-2/sexually-transmitted-infections,https://pubmed.ncbi.nlm.nih.gov/21942116/,,"Fletcher et al – 2011 - Poverty, folate deficiency, human immunodeficiency virus and ulcerated vulval sexually transmitted diseases in Jamaica https://pubmed.ncbi.nlm.nih.gov/21942116/"
sexually-transmitted-infections,https://williamsandremoh.wixsite.com/jmerg/items-2/sexually-transmitted-infections,https://pubmed.ncbi.nlm.nih.gov/21942116/,https://pubmed.ncbi.nlm.nih.gov/21942116/,"Fletcher et al – 2011 - Poverty, folate deficiency, human immunodeficiency virus and ulcerated vulval sexually transmitted diseases in Jamaica https://pubmed.ncbi.nlm.nih.gov/21942116/"
sexually-transmitted-infections,https://williamsandremoh.wixsite.com/jmerg/items-2/sexually-transmitted-infections,https://pubmed.ncbi.nlm.nih.gov/29026375/,,Ncube et al – 2017 - Sexual risk behavior among HIV-positive persons in Jamaica https://pubmed.ncbi.nlm.nih.gov/29026375/
sexually-transmitted-infections,https://williamsandremoh.wixsite.com/jmerg/items-2/sexually-transmitted-infections,https://pubmed.ncbi.nlm.nih.gov/29026375/,https://pubmed.ncbi.nlm.nih.gov/29026375/,Ncube et al – 2017 - Sexual risk behavior among HIV-positive persons in Jamaica https://pubmed.ncbi.nlm.nih.gov/29026375/
sexually-transmitted-infections,https://williamsandremoh.wixsite.com/jmerg/items-2/sexually-transmitted-infections,https://pubmed.ncbi.nlm.nih.gov/29654017/,,"Zia et al – 2018 - Assessing prevalence of missed laboratory-confirmed sexually transmitted infections among women in Kingston, Jamaica: results from a secondary analysis of the Sino-Implant clinical trial https://pubmed.ncbi.nlm.nih.gov/29654017/"
sexually-transmitted-infections,https://williamsandremoh.wixsite.com/jmerg/items-2/sexually-transmitted-infections,https://pubmed.ncbi.nlm.nih.gov/29654017/,https://pubmed.ncbi.nlm.nih.gov/29654017/,"Zia et al – 2018 - Assessing prevalence of missed laboratory-confirmed sexually transmitted infections among women in Kingston, Jamaica: results from a secondary analysis of the Sino-Implant clinical trial https://pubmed.ncbi.nlm.nih.gov/29654017/"
sexually-transmitted-infections,https://williamsandremoh.wixsite.com/jmerg/items-2/sexually-transmitted-infections,https://pubmed.ncbi.nlm.nih.gov/20089997/,,Andrinopoulos et al – 2010 - Establishment of an HIV/sexually transmitted disease programme and prevalence of infection among incarcerated men in Jamaica https://pubmed.ncbi.nlm.nih.gov/20089997/
sexually-transmitted-infections,https://williamsandremoh.wixsite.com/jmerg/items-2/sexually-transmitted-infections,https://pubmed.ncbi.nlm.nih.gov/20089997/,https://pubmed.ncbi.nlm.nih.gov/20089997/,Andrinopoulos et al – 2010 - Establishment of an HIV/sexually transmitted disease programme and prevalence of infection among incarcerated men in Jamaica https://pubmed.ncbi.nlm.nih.gov/20089997/
sexually-transmitted-infections,https://williamsandremoh.wixsite.com/jmerg/items-2/sexually-transmitted-infections,https://pubmed.ncbi.nlm.nih.gov/31074362/,,Duncan et al – 2019 - The performance of a syndromic algorithm in diagnosing cervicitis in Jamaica https://pubmed.ncbi.nlm.nih.gov/31074362/
sexually-transmitted-infections,https://williamsandremoh.wixsite.com/jmerg/items-2/sexually-transmitted-infections,https://pubmed.ncbi.nlm.nih.gov/31074362/,https://pubmed.ncbi.nlm.nih.gov/31074362/,Duncan et al – 2019 - The performance of a syndromic algorithm in diagnosing cervicitis in Jamaica https://pubmed.ncbi.nlm.nih.gov/31074362/
sexually-transmitted-infections,https://williamsandremoh.wixsite.com/jmerg/items-2/sexually-transmitted-infections,https://pubmed.ncbi.nlm.nih.gov/10023362/,,Behets et al – 1998 - Sexually transmitted diseases are common in women attending Jamaican family planning clinics and appropriate detection tools are lacking https://pubmed.ncbi.nlm.nih.gov/10023362/
sexually-transmitted-infections,https://williamsandremoh.wixsite.com/jmerg/items-2/sexually-transmitted-infections,https://pubmed.ncbi.nlm.nih.gov/10023362/,https://pubmed.ncbi.nlm.nih.gov/10023362/,Behets et al – 1998 - Sexually transmitted diseases are common in women attending Jamaican family planning clinics and appropriate detection tools are lacking https://pubmed.ncbi.nlm.nih.gov/10023362/
sexually-transmitted-infections,https://williamsandremoh.wixsite.com/jmerg/items-2/sexually-transmitted-infections,https://pubmed.ncbi.nlm.nih.gov/9792363/,,Green et al – 1998 - Improving sexually transmitted disease management in the private sector: the Jamaica experience https://pubmed.ncbi.nlm.nih.gov/9792363/
sexually-transmitted-infections,https://williamsandremoh.wixsite.com/jmerg/items-2/sexually-transmitted-infections,https://pubmed.ncbi.nlm.nih.gov/9792363/,https://pubmed.ncbi.nlm.nih.gov/9792363/,Green et al – 1998 - Improving sexually transmitted disease management in the private sector: the Jamaica experience https://pubmed.ncbi.nlm.nih.gov/9792363/
sexually-transmitted-infections,https://williamsandremoh.wixsite.com/jmerg/items-2/sexually-transmitted-infections,https://pubmed.ncbi.nlm.nih.gov/9260533/,,Brathwaite et al – 1997 - Survey of patients with sexually transmitted diseases seen by private physicians in Jamaica https://pubmed.ncbi.nlm.nih.gov/9260533/
sexually-transmitted-infections,https://williamsandremoh.wixsite.com/jmerg/items-2/sexually-transmitted-infections,https://pubmed.ncbi.nlm.nih.gov/9260533/,https://pubmed.ncbi.nlm.nih.gov/9260533/,Brathwaite et al – 1997 - Survey of patients with sexually transmitted diseases seen by private physicians in Jamaica https://pubmed.ncbi.nlm.nih.gov/9260533/
sexually-transmitted-infections,https://williamsandremoh.wixsite.com/jmerg/items-2/sexually-transmitted-infections,https://pubmed.ncbi.nlm.nih.gov/27305908/,,"Gallo et al – 2017 - Sexual Relationship Power and Semen Exposure Among Female Patients at a Sexually Transmitted Infection Clinic in Kingston, Jamaica https://pubmed.ncbi.nlm.nih.gov/27305908/"
sexually-transmitted-infections,https://williamsandremoh.wixsite.com/jmerg/items-2/sexually-transmitted-infections,https://pubmed.ncbi.nlm.nih.gov/27305908/,https://pubmed.ncbi.nlm.nih.gov/27305908/,"Gallo et al – 2017 - Sexual Relationship Power and Semen Exposure Among Female Patients at a Sexually Transmitted Infection Clinic in Kingston, Jamaica https://pubmed.ncbi.nlm.nih.gov/27305908/"
sexually-transmitted-infections,https://williamsandremoh.wixsite.com/jmerg/items-2/sexually-transmitted-infections,https://pubmed.ncbi.nlm.nih.gov/28836955/,,Tengan et al – 2017 - Prevalence of hepatitis B in people living with HIV/AIDS in Latin America and the Caribbean: a systematic review and meta-analysis https://pubmed.ncbi.nlm.nih.gov/28836955/
sexually-transmitted-infections,https://williamsandremoh.wixsite.com/jmerg/items-2/sexually-transmitted-infections,https://pubmed.ncbi.nlm.nih.gov/28836955/,https://pubmed.ncbi.nlm.nih.gov/28836955/,Tengan et al – 2017 - Prevalence of hepatitis B in people living with HIV/AIDS in Latin America and the Caribbean: a systematic review and meta-analysis https://pubmed.ncbi.nlm.nih.gov/28836955/
sexually-transmitted-infections,https://williamsandremoh.wixsite.com/jmerg/items-2/sexually-transmitted-infections,https://pubmed.ncbi.nlm.nih.gov/26079469/,,Rattray et al – 2015 - Effects of initiating a contraceptive implant on subsequent condom use: A randomized controlled trial https://pubmed.ncbi.nlm.nih.gov/26079469/
sexually-transmitted-infections,https://williamsandremoh.wixsite.com/jmerg/items-2/sexually-transmitted-infections,https://pubmed.ncbi.nlm.nih.gov/26079469/,https://pubmed.ncbi.nlm.nih.gov/26079469/,Rattray et al – 2015 - Effects of initiating a contraceptive implant on subsequent condom use: A randomized controlled trial https://pubmed.ncbi.nlm.nih.gov/26079469/
sexually-transmitted-infections,https://williamsandremoh.wixsite.com/jmerg/items-2/sexually-transmitted-infections,https://pubmed.ncbi.nlm.nih.gov/10452639/,,"Behets et al – 1999 - Genital ulcers: etiology, clinical diagnosis, and associated human immunodeficiency virus infection in Kingston, Jamaica https://pubmed.ncbi.nlm.nih.gov/10452639/"
sexually-transmitted-infections,https://williamsandremoh.wixsite.com/jmerg/items-2/sexually-transmitted-infections,https://pubmed.ncbi.nlm.nih.gov/10452639/,https://pubmed.ncbi.nlm.nih.gov/10452639/,"Behets et al – 1999 - Genital ulcers: etiology, clinical diagnosis, and associated human immunodeficiency virus infection in Kingston, Jamaica https://pubmed.ncbi.nlm.nih.gov/10452639/"
sexually-transmitted-infections,https://williamsandremoh.wixsite.com/jmerg/items-2/sexually-transmitted-infections,https://pubmed.ncbi.nlm.nih.gov/11875373/,,Norman et al – 2002 - Prevalence and determinants of sexually transmitted diseases: an analysis of young Jamaican males https://pubmed.ncbi.nlm.nih.gov/11875373/
sexually-transmitted-infections,https://williamsandremoh.wixsite.com/jmerg/items-2/sexually-transmitted-infections,https://pubmed.ncbi.nlm.nih.gov/11875373/,https://pubmed.ncbi.nlm.nih.gov/11875373/,Norman et al – 2002 - Prevalence and determinants of sexually transmitted diseases: an analysis of young Jamaican males https://pubmed.ncbi.nlm.nih.gov/11875373/
sexually-transmitted-infections,https://williamsandremoh.wixsite.com/jmerg/items-2/sexually-transmitted-infections,https://pubmed.ncbi.nlm.nih.gov/24756602/,,Figueroa et al – 2013 - High HIV prevalence among men who have sex with men in Jamaica is associated with social vulnerability and other sexually transmitted infections https://pubmed.ncbi.nlm.nih.gov/24756602/
sexually-transmitted-infections,https://williamsandremoh.wixsite.com/jmerg/items-2/sexually-transmitted-infections,https://pubmed.ncbi.nlm.nih.gov/24756602/,https://pubmed.ncbi.nlm.nih.gov/24756602/,Figueroa et al – 2013 - High HIV prevalence among men who have sex with men in Jamaica is associated with social vulnerability and other sexually transmitted infections https://pubmed.ncbi.nlm.nih.gov/24756602/
sexually-transmitted-infections,https://williamsandremoh.wixsite.com/jmerg/items-2/sexually-transmitted-infections,https://pubmed.ncbi.nlm.nih.gov/11341177/,,Smikle et al – 2000 - Antibodies to hepatitis B virus and hepatitis C virus in residential detoxification clients in Jamaica https://pubmed.ncbi.nlm.nih.gov/11341177/
sexually-transmitted-infections,https://williamsandremoh.wixsite.com/jmerg/items-2/sexually-transmitted-infections,https://pubmed.ncbi.nlm.nih.gov/11341177/,https://pubmed.ncbi.nlm.nih.gov/11341177/,Smikle et al – 2000 - Antibodies to hepatitis B virus and hepatitis C virus in residential detoxification clients in Jamaica https://pubmed.ncbi.nlm.nih.gov/11341177/
sexually-transmitted-infections,https://williamsandremoh.wixsite.com/jmerg/items-2/sexually-transmitted-infections,https://pubmed.ncbi.nlm.nih.gov/2789009/,,Murphy et al – 1989 - Sexual transmission of human T-lymphotropic virus type I (HTLV-I) https://pubmed.ncbi.nlm.nih.gov/2789009/
sexually-transmitted-infections,https://williamsandremoh.wixsite.com/jmerg/items-2/sexually-transmitted-infections,https://pubmed.ncbi.nlm.nih.gov/2789009/,https://pubmed.ncbi.nlm.nih.gov/2789009/,Murphy et al – 1989 - Sexual transmission of human T-lymphotropic virus type I (HTLV-I) https://pubmed.ncbi.nlm.nih.gov/2789009/
sexually-transmitted-infections,https://williamsandremoh.wixsite.com/jmerg/items-2/sexually-transmitted-infections,https://pubmed.ncbi.nlm.nih.gov/2827394/,,Prabhakar et al – 1987 – Genital herpes in Jamaica. A clinical and pathological study (1982-1984)https://pubmed.ncbi.nlm.nih.gov/2827394/
sexually-transmitted-infections,https://williamsandremoh.wixsite.com/jmerg/items-2/sexually-transmitted-infections,https://pubmed.ncbi.nlm.nih.gov/2827394/,https://pubmed.ncbi.nlm.nih.gov/2827394/,Prabhakar et al – 1987 – Genital herpes in Jamaica. A clinical and pathological study (1982-1984)https://pubmed.ncbi.nlm.nih.gov/2827394/
sexually-transmitted-infections,https://williamsandremoh.wixsite.com/jmerg/items-2/sexually-transmitted-infections,https://pubmed.ncbi.nlm.nih.gov/7545339/,,King et al – 1995 - Prevalence of antibodies to hepatitis C virus and other markers in Jamaica https://pubmed.ncbi.nlm.nih.gov/7545339/
sexually-transmitted-infections,https://williamsandremoh.wixsite.com/jmerg/items-2/sexually-transmitted-infections,https://pubmed.ncbi.nlm.nih.gov/7545339/,https://pubmed.ncbi.nlm.nih.gov/7545339/,King et al – 1995 - Prevalence of antibodies to hepatitis C virus and other markers in Jamaica https://pubmed.ncbi.nlm.nih.gov/7545339/
sexually-transmitted-infections,https://williamsandremoh.wixsite.com/jmerg/items-2/sexually-transmitted-infections,https://pubmed.ncbi.nlm.nih.gov/9619092/,,Dowe et al – 1998 - Prevalence of viral and bacterial sexually transmitted pathogens in Jamaican pregnant women https://pubmed.ncbi.nlm.nih.gov/9619092/
sexually-transmitted-infections,https://williamsandremoh.wixsite.com/jmerg/items-2/sexually-transmitted-infections,https://pubmed.ncbi.nlm.nih.gov/9619092/,https://pubmed.ncbi.nlm.nih.gov/9619092/,Dowe et al – 1998 - Prevalence of viral and bacterial sexually transmitted pathogens in Jamaican pregnant women https://pubmed.ncbi.nlm.nih.gov/9619092/
sexually-transmitted-infections,https://williamsandremoh.wixsite.com/jmerg/items-2/sexually-transmitted-infections,https://pubmed.ncbi.nlm.nih.gov/12806748/,,"Smikle et al – 2003 - A serosurvey of hepatitis B virus, hepatitis C virus, human T lymphotropic virus type-1 and syphilis in HIV-1-infected patients in Jamaica https://pubmed.ncbi.nlm.nih.gov/12806748/"
sexually-transmitted-infections,https://williamsandremoh.wixsite.com/jmerg/items-2/sexually-transmitted-infections,https://pubmed.ncbi.nlm.nih.gov/12806748/,https://pubmed.ncbi.nlm.nih.gov/12806748/,"Smikle et al – 2003 - A serosurvey of hepatitis B virus, hepatitis C virus, human T lymphotropic virus type-1 and syphilis in HIV-1-infected patients in Jamaica https://pubmed.ncbi.nlm.nih.gov/12806748/"
sexually-transmitted-infections,https://williamsandremoh.wixsite.com/jmerg/items-2/sexually-transmitted-infections,https://pubmed.ncbi.nlm.nih.gov/3123360/,,King et al – 1987 - Treatment of gonorrhoea and susceptibility to antimicrobials of PPNG and non-PPNG strains in Jamaica https://pubmed.ncbi.nlm.nih.gov/3123360/
sexually-transmitted-infections,https://williamsandremoh.wixsite.com/jmerg/items-2/sexually-transmitted-infections,https://pubmed.ncbi.nlm.nih.gov/3123360/,https://pubmed.ncbi.nlm.nih.gov/3123360/,King et al – 1987 - Treatment of gonorrhoea and susceptibility to antimicrobials of PPNG and non-PPNG strains in Jamaica https://pubmed.ncbi.nlm.nih.gov/3123360/
sexually-transmitted-infections,https://williamsandremoh.wixsite.com/jmerg/items-2/sexually-transmitted-infections,https://pubmed.ncbi.nlm.nih.gov/1664562/,,"Prabhakar et al – 1991 - Seroprevalence of toxoplasma gondii, rubella virus, cytomegalovirus herpes simplex virus (TORCH) and syphilis in Jamaican pregnant women https://pubmed.ncbi.nlm.nih.gov/1664562/"
sexually-transmitted-infections,https://williamsandremoh.wixsite.com/jmerg/items-2/sexually-transmitted-infections,https://pubmed.ncbi.nlm.nih.gov/1664562/,https://pubmed.ncbi.nlm.nih.gov/1664562/,"Prabhakar et al – 1991 - Seroprevalence of toxoplasma gondii, rubella virus, cytomegalovirus herpes simplex virus (TORCH) and syphilis in Jamaican pregnant women https://pubmed.ncbi.nlm.nih.gov/1664562/"
sexually-transmitted-infections,https://williamsandremoh.wixsite.com/jmerg/items-2/sexually-transmitted-infections,https://pubmed.ncbi.nlm.nih.gov/16385220/,,"Steiner et al – 2006 - Does a choice of condoms impact sexually transmitted infection incidence? A randomized, controlled trial https://pubmed.ncbi.nlm.nih.gov/16385220/"
sexually-transmitted-infections,https://williamsandremoh.wixsite.com/jmerg/items-2/sexually-transmitted-infections,https://pubmed.ncbi.nlm.nih.gov/16385220/,https://pubmed.ncbi.nlm.nih.gov/16385220/,"Steiner et al – 2006 - Does a choice of condoms impact sexually transmitted infection incidence? A randomized, controlled trial https://pubmed.ncbi.nlm.nih.gov/16385220/"
sexually-transmitted-infections,https://williamsandremoh.wixsite.com/jmerg/items-2/sexually-transmitted-infections,https://pubmed.ncbi.nlm.nih.gov/2187794/,,Smikle et al – 1990 - Biological false positive serological tests for syphilis in the Jamaican population https://pubmed.ncbi.nlm.nih.gov/2187794/
sexually-transmitted-infections,https://williamsandremoh.wixsite.com/jmerg/items-2/sexually-transmitted-infections,https://pubmed.ncbi.nlm.nih.gov/2187794/,https://pubmed.ncbi.nlm.nih.gov/2187794/,Smikle et al – 1990 - Biological false positive serological tests for syphilis in the Jamaican population https://pubmed.ncbi.nlm.nih.gov/2187794/
sexually-transmitted-infections,https://williamsandremoh.wixsite.com/jmerg/items-2/sexually-transmitted-infections,https://pubmed.ncbi.nlm.nih.gov/8106971/,,Figueroa et al – 1994 - Rising HIV-1 prevalence among sexually transmitted disease clinic attenders in Jamaica: traumatic sex and genital ulcers as risk factors https://pubmed.ncbi.nlm.nih.gov/8106971/
sexually-transmitted-infections,https://williamsandremoh.wixsite.com/jmerg/items-2/sexually-transmitted-infections,https://pubmed.ncbi.nlm.nih.gov/8106971/,https://pubmed.ncbi.nlm.nih.gov/8106971/,Figueroa et al – 1994 - Rising HIV-1 prevalence among sexually transmitted disease clinic attenders in Jamaica: traumatic sex and genital ulcers as risk factors https://pubmed.ncbi.nlm.nih.gov/8106971/
sexually-transmitted-infections,https://williamsandremoh.wixsite.com/jmerg/items-2/sexually-transmitted-infections,https://pubmed.ncbi.nlm.nih.gov/8205644/,,Bryce et al – 1994 - Quality of sexually transmitted disease services in Jamaica: evaluation of a clinic-based approach. Collaborative Working Group on Indicators of STD Case Management https://pubmed.ncbi.nlm.nih.gov/8205644/
sexually-transmitted-infections,https://williamsandremoh.wixsite.com/jmerg/items-2/sexually-transmitted-infections,https://pubmed.ncbi.nlm.nih.gov/8205644/,https://pubmed.ncbi.nlm.nih.gov/8205644/,Bryce et al – 1994 - Quality of sexually transmitted disease services in Jamaica: evaluation of a clinic-based approach. Collaborative Working Group on Indicators of STD Case Management https://pubmed.ncbi.nlm.nih.gov/8205644/
sexually-transmitted-infections,https://williamsandremoh.wixsite.com/jmerg/items-2/sexually-transmitted-infections,https://pubmed.ncbi.nlm.nih.gov/11769024/,,Norman – 2001 - Sexually transmitted disease symptoms. A comparative analysis of male and female youth in Jamaica https://pubmed.ncbi.nlm.nih.gov/11769024/
sexually-transmitted-infections,https://williamsandremoh.wixsite.com/jmerg/items-2/sexually-transmitted-infections,https://pubmed.ncbi.nlm.nih.gov/11769024/,https://pubmed.ncbi.nlm.nih.gov/11769024/,Norman – 2001 - Sexually transmitted disease symptoms. A comparative analysis of male and female youth in Jamaica https://pubmed.ncbi.nlm.nih.gov/11769024/
sexually-transmitted-infections,https://williamsandremoh.wixsite.com/jmerg/items-2/sexually-transmitted-infections,https://pubmed.ncbi.nlm.nih.gov/9534744/,,Dowe et al – 1997 - Genital Chlamydia trachomatis (serotypes D-K) infection in Jamaican commercial street sex workers https://pubmed.ncbi.nlm.nih.gov/9534744/
sexually-transmitted-infections,https://williamsandremoh.wixsite.com/jmerg/items-2/sexually-transmitted-infections,https://pubmed.ncbi.nlm.nih.gov/9534744/,https://pubmed.ncbi.nlm.nih.gov/9534744/,Dowe et al – 1997 - Genital Chlamydia trachomatis (serotypes D-K) infection in Jamaican commercial street sex workers https://pubmed.ncbi.nlm.nih.gov/9534744/
sexually-transmitted-infections,https://williamsandremoh.wixsite.com/jmerg/items-2/sexually-transmitted-infections,https://pubmed.ncbi.nlm.nih.gov/9861862/,,Barton et al – 1998 - The seroprevalence of hepatitis and retroviral infection in Jamaican haemodialysis patients https://pubmed.ncbi.nlm.nih.gov/9861862/
sexually-transmitted-infections,https://williamsandremoh.wixsite.com/jmerg/items-2/sexually-transmitted-infections,https://pubmed.ncbi.nlm.nih.gov/9861862/,https://pubmed.ncbi.nlm.nih.gov/9861862/,Barton et al – 1998 - The seroprevalence of hepatitis and retroviral infection in Jamaican haemodialysis patients https://pubmed.ncbi.nlm.nih.gov/9861862/
sexually-transmitted-infections,https://williamsandremoh.wixsite.com/jmerg/items-2/sexually-transmitted-infections,https://pubmed.ncbi.nlm.nih.gov/12838087/,,"Castle et al – 2003 - Chlamydia trachomatis, herpes simplex virus 2, and human T-cell lymphotrophic virus type 1 are not associated with grade of cervical neoplasia in Jamaican colposcopy patients https://pubmed.ncbi.nlm.nih.gov/12838087/"
sexually-transmitted-infections,https://williamsandremoh.wixsite.com/jmerg/items-2/sexually-transmitted-infections,https://pubmed.ncbi.nlm.nih.gov/12838087/,https://pubmed.ncbi.nlm.nih.gov/12838087/,"Castle et al – 2003 - Chlamydia trachomatis, herpes simplex virus 2, and human T-cell lymphotrophic virus type 1 are not associated with grade of cervical neoplasia in Jamaican colposcopy patients https://pubmed.ncbi.nlm.nih.gov/12838087/"
sexually-transmitted-infections,https://williamsandremoh.wixsite.com/jmerg/items-2/sexually-transmitted-infections,https://pubmed.ncbi.nlm.nih.gov/8693741/,,Simeon et al – 1996 - Characteristics of Jamaicans who smoke marijuana before sex and their risk status for sexually transmitted diseases https://pubmed.ncbi.nlm.nih.gov/8693741/
sexually-transmitted-infections,https://williamsandremoh.wixsite.com/jmerg/items-2/sexually-transmitted-infections,https://pubmed.ncbi.nlm.nih.gov/8693741/,https://pubmed.ncbi.nlm.nih.gov/8693741/,Simeon et al – 1996 - Characteristics of Jamaicans who smoke marijuana before sex and their risk status for sexually transmitted diseases https://pubmed.ncbi.nlm.nih.gov/8693741/
sexually-transmitted-infections,https://williamsandremoh.wixsite.com/jmerg/items-2/sexually-transmitted-infections,https://pubmed.ncbi.nlm.nih.gov/17362708/,,Steiner et al – 2007 - Decreased condom breakage and slippage rates after counseling men at a sexually transmitted infection clinic in Jamaica https://pubmed.ncbi.nlm.nih.gov/17362708/
sexually-transmitted-infections,https://williamsandremoh.wixsite.com/jmerg/items-2/sexually-transmitted-infections,https://pubmed.ncbi.nlm.nih.gov/17362708/,https://pubmed.ncbi.nlm.nih.gov/17362708/,Steiner et al – 2007 - Decreased condom breakage and slippage rates after counseling men at a sexually transmitted infection clinic in Jamaica https://pubmed.ncbi.nlm.nih.gov/17362708/
sexually-transmitted-infections,https://williamsandremoh.wixsite.com/jmerg/items-2/sexually-transmitted-infections,https://pubmed.ncbi.nlm.nih.gov/12369492/,,Miller et al – 2002 - Hepatitis B-associated nephrotic syndrome in Jamaican children https://pubmed.ncbi.nlm.nih.gov/12369492/
sexually-transmitted-infections,https://williamsandremoh.wixsite.com/jmerg/items-2/sexually-transmitted-infections,https://pubmed.ncbi.nlm.nih.gov/12369492/,https://pubmed.ncbi.nlm.nih.gov/12369492/,Miller et al – 2002 - Hepatitis B-associated nephrotic syndrome in Jamaican children https://pubmed.ncbi.nlm.nih.gov/12369492/
sexually-transmitted-infections,https://williamsandremoh.wixsite.com/jmerg/items-2/sexually-transmitted-infections,https://pubmed.ncbi.nlm.nih.gov/12454365/,,Wharfe et al – 2002 - Seroprevalence of hepatitis C virus in haemophiliacs in Jamaica https://pubmed.ncbi.nlm.nih.gov/12454365/
sexually-transmitted-infections,https://williamsandremoh.wixsite.com/jmerg/items-2/sexually-transmitted-infections,https://pubmed.ncbi.nlm.nih.gov/12454365/,https://pubmed.ncbi.nlm.nih.gov/12454365/,Wharfe et al – 2002 - Seroprevalence of hepatitis C virus in haemophiliacs in Jamaica https://pubmed.ncbi.nlm.nih.gov/12454365/
sexually-transmitted-infections,https://williamsandremoh.wixsite.com/jmerg/items-2/sexually-transmitted-infections,https://pubmed.ncbi.nlm.nih.gov/9935171/,,Strickler et al – 1999 - HPV 16 antibody prevalence in Jamaica and the United States reflects differences in cervical cancer rates https://pubmed.ncbi.nlm.nih.gov/9935171/
sexually-transmitted-infections,https://williamsandremoh.wixsite.com/jmerg/items-2/sexually-transmitted-infections,https://pubmed.ncbi.nlm.nih.gov/9935171/,https://pubmed.ncbi.nlm.nih.gov/9935171/,Strickler et al – 1999 - HPV 16 antibody prevalence in Jamaica and the United States reflects differences in cervical cancer rates https://pubmed.ncbi.nlm.nih.gov/9935171/
sexually-transmitted-infections,https://williamsandremoh.wixsite.com/jmerg/items-2/sexually-transmitted-infections,https://pubmed.ncbi.nlm.nih.gov/2264331/,,Smikle et al – 1990 - Prevalence of reactive serological tests for syphilis in the Jamaican population https://pubmed.ncbi.nlm.nih.gov/2264331/
sexually-transmitted-infections,https://williamsandremoh.wixsite.com/jmerg/items-2/sexually-transmitted-infections,https://pubmed.ncbi.nlm.nih.gov/2264331/,https://pubmed.ncbi.nlm.nih.gov/2264331/,Smikle et al – 1990 - Prevalence of reactive serological tests for syphilis in the Jamaican population https://pubmed.ncbi.nlm.nih.gov/2264331/
sexually-transmitted-infections,https://williamsandremoh.wixsite.com/jmerg/items-2/sexually-transmitted-infections,https://pubmed.ncbi.nlm.nih.gov/10754948/,,Dowe et al – 1999 - High prevalence of genital Chlamydia trachomatis infection in women presenting in different clinical settings in Jamaica: implications for control strategies https://pubmed.ncbi.nlm.nih.gov/10754948/
sexually-transmitted-infections,https://williamsandremoh.wixsite.com/jmerg/items-2/sexually-transmitted-infections,https://pubmed.ncbi.nlm.nih.gov/10754948/,https://pubmed.ncbi.nlm.nih.gov/10754948/,Dowe et al – 1999 - High prevalence of genital Chlamydia trachomatis infection in women presenting in different clinical settings in Jamaica: implications for control strategies https://pubmed.ncbi.nlm.nih.gov/10754948/
sexually-transmitted-infections,https://williamsandremoh.wixsite.com/jmerg/items-2/sexually-transmitted-infections,https://pubmed.ncbi.nlm.nih.gov/10726944/,,Dowe et al – 2000 - Symptomatic and asymptomatic chlamydial non-gonococcal urethritis in Jamaica: the potential for HIV transmission https://pubmed.ncbi.nlm.nih.gov/10726944/
sexually-transmitted-infections,https://williamsandremoh.wixsite.com/jmerg/items-2/sexually-transmitted-infections,https://pubmed.ncbi.nlm.nih.gov/10726944/,https://pubmed.ncbi.nlm.nih.gov/10726944/,Dowe et al – 2000 - Symptomatic and asymptomatic chlamydial non-gonococcal urethritis in Jamaica: the potential for HIV transmission https://pubmed.ncbi.nlm.nih.gov/10726944/
sexually-transmitted-infections,https://williamsandremoh.wixsite.com/jmerg/items-2/sexually-transmitted-infections,https://pubmed.ncbi.nlm.nih.gov/10448346/,,Turner et al – 1999 - Molecular epidemiology of tetM genes in Neisseria gonorrhoeae https://pubmed.ncbi.nlm.nih.gov/10448346/
sexually-transmitted-infections,https://williamsandremoh.wixsite.com/jmerg/items-2/sexually-transmitted-infections,https://pubmed.ncbi.nlm.nih.gov/10448346/,https://pubmed.ncbi.nlm.nih.gov/10448346/,Turner et al – 1999 - Molecular epidemiology of tetM genes in Neisseria gonorrhoeae https://pubmed.ncbi.nlm.nih.gov/10448346/
sexually-transmitted-infections,https://williamsandremoh.wixsite.com/jmerg/items-2/sexually-transmitted-infections,https://pubmed.ncbi.nlm.nih.gov/10555764/,,"Ablashi et al – 1999 - Seroprevalence of human herpesvirus-8 (HHV-8) in countries of Southeast Asia compared to the USA, the Caribbean and Africa https://pubmed.ncbi.nlm.nih.gov/10555764/"
sexually-transmitted-infections,https://williamsandremoh.wixsite.com/jmerg/items-2/sexually-transmitted-infections,https://pubmed.ncbi.nlm.nih.gov/10555764/,https://pubmed.ncbi.nlm.nih.gov/10555764/,"Ablashi et al – 1999 - Seroprevalence of human herpesvirus-8 (HHV-8) in countries of Southeast Asia compared to the USA, the Caribbean and Africa https://pubmed.ncbi.nlm.nih.gov/10555764/"
sexually-transmitted-infections,https://williamsandremoh.wixsite.com/jmerg/items-2/sexually-transmitted-infections,https://pubmed.ncbi.nlm.nih.gov/15114897/,,Dowe et al – 2004 - Non-ulcerative sexually transmitted disease and human immunodeficiency virus infection in patients attending a sexually transmitted disease clinic in Jamaica https://pubmed.ncbi.nlm.nih.gov/15114897/
sexually-transmitted-infections,https://williamsandremoh.wixsite.com/jmerg/items-2/sexually-transmitted-infections,https://pubmed.ncbi.nlm.nih.gov/15114897/,https://pubmed.ncbi.nlm.nih.gov/15114897/,Dowe et al – 2004 - Non-ulcerative sexually transmitted disease and human immunodeficiency virus infection in patients attending a sexually transmitted disease clinic in Jamaica https://pubmed.ncbi.nlm.nih.gov/15114897/
sexually-transmitted-infections,https://williamsandremoh.wixsite.com/jmerg/items-2/sexually-transmitted-infections,https://pubmed.ncbi.nlm.nih.gov/9792366/,,Figueroa et al – 1998 - Is HIV/STD control in Jamaica making a difference? https://pubmed.ncbi.nlm.nih.gov/9792366/
sexually-transmitted-infections,https://williamsandremoh.wixsite.com/jmerg/items-2/sexually-transmitted-infections,https://pubmed.ncbi.nlm.nih.gov/9792366/,https://pubmed.ncbi.nlm.nih.gov/9792366/,Figueroa et al – 1998 - Is HIV/STD control in Jamaica making a difference? https://pubmed.ncbi.nlm.nih.gov/9792366/
sexually-transmitted-infections,https://williamsandremoh.wixsite.com/jmerg/items-2/sexually-transmitted-infections,https://pubmed.ncbi.nlm.nih.gov/7652657/,,"Knapp et al – 1995 - Plasmid-mediated antimicrobial resistance in Neisseria gonorrhoeae in Kingston, Jamaica: 1990-1991 https://pubmed.ncbi.nlm.nih.gov/7652657/"
sexually-transmitted-infections,https://williamsandremoh.wixsite.com/jmerg/items-2/sexually-transmitted-infections,https://pubmed.ncbi.nlm.nih.gov/7652657/,https://pubmed.ncbi.nlm.nih.gov/7652657/,"Knapp et al – 1995 - Plasmid-mediated antimicrobial resistance in Neisseria gonorrhoeae in Kingston, Jamaica: 1990-1991 https://pubmed.ncbi.nlm.nih.gov/7652657/"
sexually-transmitted-infections,https://williamsandremoh.wixsite.com/jmerg/items-2/sexually-transmitted-infections,https://pubmed.ncbi.nlm.nih.gov/12319044/,,Cole et al – 1994 - STD services in family planning programs https://pubmed.ncbi.nlm.nih.gov/12319044/
sexually-transmitted-infections,https://williamsandremoh.wixsite.com/jmerg/items-2/sexually-transmitted-infections,https://pubmed.ncbi.nlm.nih.gov/12319044/,https://pubmed.ncbi.nlm.nih.gov/12319044/,Cole et al – 1994 - STD services in family planning programs https://pubmed.ncbi.nlm.nih.gov/12319044/
sexually-transmitted-infections,https://williamsandremoh.wixsite.com/jmerg/items-2/sexually-transmitted-infections,https://pubmed.ncbi.nlm.nih.gov/7624812/,,Figueroa et al – 1995 - Prevalence of human papillomavirus among STD clinic attenders in Jamaica: association of younger age and increased sexual activity https://pubmed.ncbi.nlm.nih.gov/7624812/
sexually-transmitted-infections,https://williamsandremoh.wixsite.com/jmerg/items-2/sexually-transmitted-infections,https://pubmed.ncbi.nlm.nih.gov/7624812/,https://pubmed.ncbi.nlm.nih.gov/7624812/,Figueroa et al – 1995 - Prevalence of human papillomavirus among STD clinic attenders in Jamaica: association of younger age and increased sexual activity https://pubmed.ncbi.nlm.nih.gov/7624812/
sexually-transmitted-infections,https://williamsandremoh.wixsite.com/jmerg/items-2/sexually-transmitted-infections,https://pubmed.ncbi.nlm.nih.gov/11719928/,,Smikle et al – 2001 - STDs and risk behaviours in adolescents in Jamaica https://pubmed.ncbi.nlm.nih.gov/11719928/
sexually-transmitted-infections,https://williamsandremoh.wixsite.com/jmerg/items-2/sexually-transmitted-infections,https://pubmed.ncbi.nlm.nih.gov/11719928/,https://pubmed.ncbi.nlm.nih.gov/11719928/,Smikle et al – 2001 - STDs and risk behaviours in adolescents in Jamaica https://pubmed.ncbi.nlm.nih.gov/11719928/
sexually-transmitted-infections,https://williamsandremoh.wixsite.com/jmerg/items-2/sexually-transmitted-infections,https://pubmed.ncbi.nlm.nih.gov/1290231/,,King et al – 1992 - Chlamydial infections in selected populations in Jamaica https://pubmed.ncbi.nlm.nih.gov/1290231/
sexually-transmitted-infections,https://williamsandremoh.wixsite.com/jmerg/items-2/sexually-transmitted-infections,https://pubmed.ncbi.nlm.nih.gov/1290231/,https://pubmed.ncbi.nlm.nih.gov/1290231/,King et al – 1992 - Chlamydial infections in selected populations in Jamaica https://pubmed.ncbi.nlm.nih.gov/1290231/
sexually-transmitted-infections,https://williamsandremoh.wixsite.com/jmerg/items-2/sexually-transmitted-infections,https://pubmed.ncbi.nlm.nih.gov/22893195/,,Carter et al – 2013 - Exploring discordance between biologic and self-reported measures of semen exposure: a qualitative study among female patients attending an STI clinic in Jamaica https://pubmed.ncbi.nlm.nih.gov/22893195/
sexually-transmitted-infections,https://williamsandremoh.wixsite.com/jmerg/items-2/sexually-transmitted-infections,https://pubmed.ncbi.nlm.nih.gov/22893195/,https://pubmed.ncbi.nlm.nih.gov/22893195/,Carter et al – 2013 - Exploring discordance between biologic and self-reported measures of semen exposure: a qualitative study among female patients attending an STI clinic in Jamaica https://pubmed.ncbi.nlm.nih.gov/22893195/
sexually-transmitted-infections,https://williamsandremoh.wixsite.com/jmerg/items-2/sexually-transmitted-infections,https://pubmed.ncbi.nlm.nih.gov/14290709/,,Urquhart et al – 1965 - The use of the reiter protein complement fixation test in the diagnosis of syphilis in Jamaica https://pubmed.ncbi.nlm.nih.gov/14290709/
sexually-transmitted-infections,https://williamsandremoh.wixsite.com/jmerg/items-2/sexually-transmitted-infections,https://pubmed.ncbi.nlm.nih.gov/14290709/,https://pubmed.ncbi.nlm.nih.gov/14290709/,Urquhart et al – 1965 - The use of the reiter protein complement fixation test in the diagnosis of syphilis in Jamaica https://pubmed.ncbi.nlm.nih.gov/14290709/
sexually-transmitted-infections,https://williamsandremoh.wixsite.com/jmerg/items-2/sexually-transmitted-infections,https://pubmed.ncbi.nlm.nih.gov/8749630/,,Behets et al – 1995 - Management of vaginal discharge in women treated at a Jamaican sexually transmitted disease clinic: use of diagnostic algorithms versus laboratory testing https://pubmed.ncbi.nlm.nih.gov/8749630/
sexually-transmitted-infections,https://williamsandremoh.wixsite.com/jmerg/items-2/sexually-transmitted-infections,https://pubmed.ncbi.nlm.nih.gov/8749630/,https://pubmed.ncbi.nlm.nih.gov/8749630/,Behets et al – 1995 - Management of vaginal discharge in women treated at a Jamaican sexually transmitted disease clinic: use of diagnostic algorithms versus laboratory testing https://pubmed.ncbi.nlm.nih.gov/8749630/
sexually-transmitted-infections,https://williamsandremoh.wixsite.com/jmerg/items-2/sexually-transmitted-infections,https://pubmed.ncbi.nlm.nih.gov/2854684/,,Prabhakar et al – 1988 - Herpes simplex virus infections in immunocompromised Jamaican patients https://pubmed.ncbi.nlm.nih.gov/2854684/
sexually-transmitted-infections,https://williamsandremoh.wixsite.com/jmerg/items-2/sexually-transmitted-infections,https://pubmed.ncbi.nlm.nih.gov/2854684/,https://pubmed.ncbi.nlm.nih.gov/2854684/,Prabhakar et al – 1988 - Herpes simplex virus infections in immunocompromised Jamaican patients https://pubmed.ncbi.nlm.nih.gov/2854684/
sexually-transmitted-infections,https://williamsandremoh.wixsite.com/jmerg/items-2/sexually-transmitted-infections,https://pubmed.ncbi.nlm.nih.gov/14110553/,,"Goldberg et al - 1963 - Studies on gonorrhoea. I. Some social and sexual parameters of male patients in Kingston, Jamaica https://pubmed.ncbi.nlm.nih.gov/14110553/"
sexually-transmitted-infections,https://williamsandremoh.wixsite.com/jmerg/items-2/sexually-transmitted-infections,https://pubmed.ncbi.nlm.nih.gov/14110553/,https://pubmed.ncbi.nlm.nih.gov/14110553/,"Goldberg et al - 1963 - Studies on gonorrhoea. I. Some social and sexual parameters of male patients in Kingston, Jamaica https://pubmed.ncbi.nlm.nih.gov/14110553/"
sexually-transmitted-infections,https://williamsandremoh.wixsite.com/jmerg/items-2/sexually-transmitted-infections,https://pubmed.ncbi.nlm.nih.gov/20780696/,,"Whitbourne et al – 1937 - Syphilis in School Children of Kingston, Jamaica https://pubmed.ncbi.nlm.nih.gov/20780696/"
sexually-transmitted-infections,https://williamsandremoh.wixsite.com/jmerg/items-2/sexually-transmitted-infections,https://pubmed.ncbi.nlm.nih.gov/20780696/,https://pubmed.ncbi.nlm.nih.gov/20780696/,"Whitbourne et al – 1937 - Syphilis in School Children of Kingston, Jamaica https://pubmed.ncbi.nlm.nih.gov/20780696/"
stigma-and-discrimination,https://williamsandremoh.wixsite.com/jmerg/items-2/stigma-and-discrimination,https://pubmed.ncbi.nlm.nih.gov/40135708/,,"1. Budhwani H, et. al. (2025). Results of a workshop intervention trial to reduce HIV and intersectional stigma among sexual and gender minorities and healthcare workers in the Dominican Republic. AIDS Care. 2025 Sep;37(9):1530-1538. doi: 10.1080/09540121.2025.2484311. Epub 2025 Mar 26. Erratum in: AIDS Care. 2025 Sep;37(9):1613. https://pubmed.ncbi.nlm.nih.gov/40135708/




2. Wang Y, et. al. (2025). Longitudinal analysis of the role of mindfulness on HIV stigma, depression, substance use and HIV outcomes among female sex workers living with HIV in the Dominican Republic. AIDS Care. 2025 Jan;37(1):12-20. https://pubmed.ncbi.nlm.nih.gov/39652821/




3. Yigit I, et. al. (2025). Disclosure concerns moderate the association between internalized stigma and antiretroviral medication adherence among people with HIV in the Dominican Republic. AIDS Care. 2025 Nov;37(11):1950-1958. https://pubmed.ncbi.nlm.nih.gov/40988523/




4. Lovell – 2014 – ‘We are Jamaicans:’ living with challenging the criminalization of homosexuality in Jamaica (Contemporary Justice Review) https://www.tandfonline.com/doi/abs/10.1080/10282580.2015.1101687




5. Clarke et al – 2010 – Disclosure of HIV status among HIV clinic attendees in Jamaica (West Indian Medical Journal) https://www.mona.uwi.edu/fms/wimj/article/1280




6. Norman et al – 2006 – The role of sympathy on avoidance intention toward persons living with HIV/AIDS in Jamaica (AIDS Care) https://pubmed.ncbi.nlm.nih.gov/17012096/




7. Norman et "
stigma-and-discrimination,https://williamsandremoh.wixsite.com/jmerg/items-2/stigma-and-discrimination,https://pubmed.ncbi.nlm.nih.gov/40135708/,https://pubmed.ncbi.nlm.nih.gov/40135708/,"1. Budhwani H, et. al. (2025). Results of a workshop intervention trial to reduce HIV and intersectional stigma among sexual and gender minorities and healthcare workers in the Dominican Republic. AIDS Care. 2025 Sep;37(9):1530-1538. doi: 10.1080/09540121.2025.2484311. Epub 2025 Mar 26. Erratum in: AIDS Care. 2025 Sep;37(9):1613. https://pubmed.ncbi.nlm.nih.gov/40135708/




2. Wang Y, et. al. (2025). Longitudinal analysis of the role of mindfulness on HIV stigma, depression, substance use and HIV outcomes among female sex workers living with HIV in the Dominican Republic. AIDS Care. 2025 Jan;37(1):12-20. https://pubmed.ncbi.nlm.nih.gov/39652821/




3. Yigit I, et. al. (2025). Disclosure concerns moderate the association between internalized stigma and antiretroviral medication adherence among people with HIV in the Dominican Republic. AIDS Care. 2025 Nov;37(11):1950-1958. https://pubmed.ncbi.nlm.nih.gov/40988523/




4. Lovell – 2014 – ‘We are Jamaicans:’ living with challenging the criminalization of homosexuality in Jamaica (Contemporary Justice Review) https://www.tandfonline.com/doi/abs/10.1080/10282580.2015.1101687




5. Clarke et al – 2010 – Disclosure of HIV status among HIV clinic attendees in Jamaica (West Indian Medical Journal) https://www.mona.uwi.edu/fms/wimj/article/1280




6. Norman et al – 2006 – The role of sympathy on avoidance intention toward persons living with HIV/AIDS in Jamaica (AIDS Care) https://pubmed.ncbi.nlm.nih.gov/17012096/




7. Norman et "
stigma-and-discrimination,https://williamsandremoh.wixsite.com/jmerg/items-2/stigma-and-discrimination,https://pubmed.ncbi.nlm.nih.gov/39652821/,,"1. Budhwani H, et. al. (2025). Results of a workshop intervention trial to reduce HIV and intersectional stigma among sexual and gender minorities and healthcare workers in the Dominican Republic. AIDS Care. 2025 Sep;37(9):1530-1538. doi: 10.1080/09540121.2025.2484311. Epub 2025 Mar 26. Erratum in: AIDS Care. 2025 Sep;37(9):1613. https://pubmed.ncbi.nlm.nih.gov/40135708/




2. Wang Y, et. al. (2025). Longitudinal analysis of the role of mindfulness on HIV stigma, depression, substance use and HIV outcomes among female sex workers living with HIV in the Dominican Republic. AIDS Care. 2025 Jan;37(1):12-20. https://pubmed.ncbi.nlm.nih.gov/39652821/




3. Yigit I, et. al. (2025). Disclosure concerns moderate the association between internalized stigma and antiretroviral medication adherence among people with HIV in the Dominican Republic. AIDS Care. 2025 Nov;37(11):1950-1958. https://pubmed.ncbi.nlm.nih.gov/40988523/




4. Lovell – 2014 – ‘We are Jamaicans:’ living with challenging the criminalization of homosexuality in Jamaica (Contemporary Justice Review) https://www.tandfonline.com/doi/abs/10.1080/10282580.2015.1101687




5. Clarke et al – 2010 – Disclosure of HIV status among HIV clinic attendees in Jamaica (West Indian Medical Journal) https://www.mona.uwi.edu/fms/wimj/article/1280




6. Norman et al – 2006 – The role of sympathy on avoidance intention toward persons living with HIV/AIDS in Jamaica (AIDS Care) https://pubmed.ncbi.nlm.nih.gov/17012096/




7. Norman et "
stigma-and-discrimination,https://williamsandremoh.wixsite.com/jmerg/items-2/stigma-and-discrimination,https://pubmed.ncbi.nlm.nih.gov/39652821/,https://pubmed.ncbi.nlm.nih.gov/39652821/,"1. Budhwani H, et. al. (2025). Results of a workshop intervention trial to reduce HIV and intersectional stigma among sexual and gender minorities and healthcare workers in the Dominican Republic. AIDS Care. 2025 Sep;37(9):1530-1538. doi: 10.1080/09540121.2025.2484311. Epub 2025 Mar 26. Erratum in: AIDS Care. 2025 Sep;37(9):1613. https://pubmed.ncbi.nlm.nih.gov/40135708/




2. Wang Y, et. al. (2025). Longitudinal analysis of the role of mindfulness on HIV stigma, depression, substance use and HIV outcomes among female sex workers living with HIV in the Dominican Republic. AIDS Care. 2025 Jan;37(1):12-20. https://pubmed.ncbi.nlm.nih.gov/39652821/




3. Yigit I, et. al. (2025). Disclosure concerns moderate the association between internalized stigma and antiretroviral medication adherence among people with HIV in the Dominican Republic. AIDS Care. 2025 Nov;37(11):1950-1958. https://pubmed.ncbi.nlm.nih.gov/40988523/




4. Lovell – 2014 – ‘We are Jamaicans:’ living with challenging the criminalization of homosexuality in Jamaica (Contemporary Justice Review) https://www.tandfonline.com/doi/abs/10.1080/10282580.2015.1101687




5. Clarke et al – 2010 – Disclosure of HIV status among HIV clinic attendees in Jamaica (West Indian Medical Journal) https://www.mona.uwi.edu/fms/wimj/article/1280




6. Norman et al – 2006 – The role of sympathy on avoidance intention toward persons living with HIV/AIDS in Jamaica (AIDS Care) https://pubmed.ncbi.nlm.nih.gov/17012096/




7. Norman et "
stigma-and-discrimination,https://williamsandremoh.wixsite.com/jmerg/items-2/stigma-and-discrimination,https://pubmed.ncbi.nlm.nih.gov/40988523/,,"1. Budhwani H, et. al. (2025). Results of a workshop intervention trial to reduce HIV and intersectional stigma among sexual and gender minorities and healthcare workers in the Dominican Republic. AIDS Care. 2025 Sep;37(9):1530-1538. doi: 10.1080/09540121.2025.2484311. Epub 2025 Mar 26. Erratum in: AIDS Care. 2025 Sep;37(9):1613. https://pubmed.ncbi.nlm.nih.gov/40135708/




2. Wang Y, et. al. (2025). Longitudinal analysis of the role of mindfulness on HIV stigma, depression, substance use and HIV outcomes among female sex workers living with HIV in the Dominican Republic. AIDS Care. 2025 Jan;37(1):12-20. https://pubmed.ncbi.nlm.nih.gov/39652821/




3. Yigit I, et. al. (2025). Disclosure concerns moderate the association between internalized stigma and antiretroviral medication adherence among people with HIV in the Dominican Republic. AIDS Care. 2025 Nov;37(11):1950-1958. https://pubmed.ncbi.nlm.nih.gov/40988523/




4. Lovell – 2014 – ‘We are Jamaicans:’ living with challenging the criminalization of homosexuality in Jamaica (Contemporary Justice Review) https://www.tandfonline.com/doi/abs/10.1080/10282580.2015.1101687




5. Clarke et al – 2010 – Disclosure of HIV status among HIV clinic attendees in Jamaica (West Indian Medical Journal) https://www.mona.uwi.edu/fms/wimj/article/1280




6. Norman et al – 2006 – The role of sympathy on avoidance intention toward persons living with HIV/AIDS in Jamaica (AIDS Care) https://pubmed.ncbi.nlm.nih.gov/17012096/




7. Norman et "
stigma-and-discrimination,https://williamsandremoh.wixsite.com/jmerg/items-2/stigma-and-discrimination,https://pubmed.ncbi.nlm.nih.gov/40988523/,https://pubmed.ncbi.nlm.nih.gov/40988523/,"1. Budhwani H, et. al. (2025). Results of a workshop intervention trial to reduce HIV and intersectional stigma among sexual and gender minorities and healthcare workers in the Dominican Republic. AIDS Care. 2025 Sep;37(9):1530-1538. doi: 10.1080/09540121.2025.2484311. Epub 2025 Mar 26. Erratum in: AIDS Care. 2025 Sep;37(9):1613. https://pubmed.ncbi.nlm.nih.gov/40135708/




2. Wang Y, et. al. (2025). Longitudinal analysis of the role of mindfulness on HIV stigma, depression, substance use and HIV outcomes among female sex workers living with HIV in the Dominican Republic. AIDS Care. 2025 Jan;37(1):12-20. https://pubmed.ncbi.nlm.nih.gov/39652821/




3. Yigit I, et. al. (2025). Disclosure concerns moderate the association between internalized stigma and antiretroviral medication adherence among people with HIV in the Dominican Republic. AIDS Care. 2025 Nov;37(11):1950-1958. https://pubmed.ncbi.nlm.nih.gov/40988523/




4. Lovell – 2014 – ‘We are Jamaicans:’ living with challenging the criminalization of homosexuality in Jamaica (Contemporary Justice Review) https://www.tandfonline.com/doi/abs/10.1080/10282580.2015.1101687




5. Clarke et al – 2010 – Disclosure of HIV status among HIV clinic attendees in Jamaica (West Indian Medical Journal) https://www.mona.uwi.edu/fms/wimj/article/1280




6. Norman et al – 2006 – The role of sympathy on avoidance intention toward persons living with HIV/AIDS in Jamaica (AIDS Care) https://pubmed.ncbi.nlm.nih.gov/17012096/




7. Norman et "
stigma-and-discrimination,https://williamsandremoh.wixsite.com/jmerg/items-2/stigma-and-discrimination,https://pubmed.ncbi.nlm.nih.gov/17012096/,,"1. Budhwani H, et. al. (2025). Results of a workshop intervention trial to reduce HIV and intersectional stigma among sexual and gender minorities and healthcare workers in the Dominican Republic. AIDS Care. 2025 Sep;37(9):1530-1538. doi: 10.1080/09540121.2025.2484311. Epub 2025 Mar 26. Erratum in: AIDS Care. 2025 Sep;37(9):1613. https://pubmed.ncbi.nlm.nih.gov/40135708/




2. Wang Y, et. al. (2025). Longitudinal analysis of the role of mindfulness on HIV stigma, depression, substance use and HIV outcomes among female sex workers living with HIV in the Dominican Republic. AIDS Care. 2025 Jan;37(1):12-20. https://pubmed.ncbi.nlm.nih.gov/39652821/




3. Yigit I, et. al. (2025). Disclosure concerns moderate the association between internalized stigma and antiretroviral medication adherence among people with HIV in the Dominican Republic. AIDS Care. 2025 Nov;37(11):1950-1958. https://pubmed.ncbi.nlm.nih.gov/40988523/




4. Lovell – 2014 – ‘We are Jamaicans:’ living with challenging the criminalization of homosexuality in Jamaica (Contemporary Justice Review) https://www.tandfonline.com/doi/abs/10.1080/10282580.2015.1101687




5. Clarke et al – 2010 – Disclosure of HIV status among HIV clinic attendees in Jamaica (West Indian Medical Journal) https://www.mona.uwi.edu/fms/wimj/article/1280




6. Norman et al – 2006 – The role of sympathy on avoidance intention toward persons living with HIV/AIDS in Jamaica (AIDS Care) https://pubmed.ncbi.nlm.nih.gov/17012096/




7. Norman et "
stigma-and-discrimination,https://williamsandremoh.wixsite.com/jmerg/items-2/stigma-and-discrimination,https://pubmed.ncbi.nlm.nih.gov/17012096/,https://pubmed.ncbi.nlm.nih.gov/17012096/,"1. Budhwani H, et. al. (2025). Results of a workshop intervention trial to reduce HIV and intersectional stigma among sexual and gender minorities and healthcare workers in the Dominican Republic. AIDS Care. 2025 Sep;37(9):1530-1538. doi: 10.1080/09540121.2025.2484311. Epub 2025 Mar 26. Erratum in: AIDS Care. 2025 Sep;37(9):1613. https://pubmed.ncbi.nlm.nih.gov/40135708/




2. Wang Y, et. al. (2025). Longitudinal analysis of the role of mindfulness on HIV stigma, depression, substance use and HIV outcomes among female sex workers living with HIV in the Dominican Republic. AIDS Care. 2025 Jan;37(1):12-20. https://pubmed.ncbi.nlm.nih.gov/39652821/




3. Yigit I, et. al. (2025). Disclosure concerns moderate the association between internalized stigma and antiretroviral medication adherence among people with HIV in the Dominican Republic. AIDS Care. 2025 Nov;37(11):1950-1958. https://pubmed.ncbi.nlm.nih.gov/40988523/




4. Lovell – 2014 – ‘We are Jamaicans:’ living with challenging the criminalization of homosexuality in Jamaica (Contemporary Justice Review) https://www.tandfonline.com/doi/abs/10.1080/10282580.2015.1101687




5. Clarke et al – 2010 – Disclosure of HIV status among HIV clinic attendees in Jamaica (West Indian Medical Journal) https://www.mona.uwi.edu/fms/wimj/article/1280




6. Norman et al – 2006 – The role of sympathy on avoidance intention toward persons living with HIV/AIDS in Jamaica (AIDS Care) https://pubmed.ncbi.nlm.nih.gov/17012096/




7. Norman et "
stigma-and-discrimination,https://williamsandremoh.wixsite.com/jmerg/items-2/stigma-and-discrimination,https://pubmed.ncbi.nlm.nih.gov/16923646/,,"1. Budhwani H, et. al. (2025). Results of a workshop intervention trial to reduce HIV and intersectional stigma among sexual and gender minorities and healthcare workers in the Dominican Republic. AIDS Care. 2025 Sep;37(9):1530-1538. doi: 10.1080/09540121.2025.2484311. Epub 2025 Mar 26. Erratum in: AIDS Care. 2025 Sep;37(9):1613. https://pubmed.ncbi.nlm.nih.gov/40135708/




2. Wang Y, et. al. (2025). Longitudinal analysis of the role of mindfulness on HIV stigma, depression, substance use and HIV outcomes among female sex workers living with HIV in the Dominican Republic. AIDS Care. 2025 Jan;37(1):12-20. https://pubmed.ncbi.nlm.nih.gov/39652821/




3. Yigit I, et. al. (2025). Disclosure concerns moderate the association between internalized stigma and antiretroviral medication adherence among people with HIV in the Dominican Republic. AIDS Care. 2025 Nov;37(11):1950-1958. https://pubmed.ncbi.nlm.nih.gov/40988523/




4. Lovell – 2014 – ‘We are Jamaicans:’ living with challenging the criminalization of homosexuality in Jamaica (Contemporary Justice Review) https://www.tandfonline.com/doi/abs/10.1080/10282580.2015.1101687




5. Clarke et al – 2010 – Disclosure of HIV status among HIV clinic attendees in Jamaica (West Indian Medical Journal) https://www.mona.uwi.edu/fms/wimj/article/1280




6. Norman et al – 2006 – The role of sympathy on avoidance intention toward persons living with HIV/AIDS in Jamaica (AIDS Care) https://pubmed.ncbi.nlm.nih.gov/17012096/




7. Norman et "
stigma-and-discrimination,https://williamsandremoh.wixsite.com/jmerg/items-2/stigma-and-discrimination,https://pubmed.ncbi.nlm.nih.gov/16923646/,https://pubmed.ncbi.nlm.nih.gov/16923646/,"1. Budhwani H, et. al. (2025). Results of a workshop intervention trial to reduce HIV and intersectional stigma among sexual and gender minorities and healthcare workers in the Dominican Republic. AIDS Care. 2025 Sep;37(9):1530-1538. doi: 10.1080/09540121.2025.2484311. Epub 2025 Mar 26. Erratum in: AIDS Care. 2025 Sep;37(9):1613. https://pubmed.ncbi.nlm.nih.gov/40135708/




2. Wang Y, et. al. (2025). Longitudinal analysis of the role of mindfulness on HIV stigma, depression, substance use and HIV outcomes among female sex workers living with HIV in the Dominican Republic. AIDS Care. 2025 Jan;37(1):12-20. https://pubmed.ncbi.nlm.nih.gov/39652821/




3. Yigit I, et. al. (2025). Disclosure concerns moderate the association between internalized stigma and antiretroviral medication adherence among people with HIV in the Dominican Republic. AIDS Care. 2025 Nov;37(11):1950-1958. https://pubmed.ncbi.nlm.nih.gov/40988523/




4. Lovell – 2014 – ‘We are Jamaicans:’ living with challenging the criminalization of homosexuality in Jamaica (Contemporary Justice Review) https://www.tandfonline.com/doi/abs/10.1080/10282580.2015.1101687




5. Clarke et al – 2010 – Disclosure of HIV status among HIV clinic attendees in Jamaica (West Indian Medical Journal) https://www.mona.uwi.edu/fms/wimj/article/1280




6. Norman et al – 2006 – The role of sympathy on avoidance intention toward persons living with HIV/AIDS in Jamaica (AIDS Care) https://pubmed.ncbi.nlm.nih.gov/17012096/




7. Norman et "
stigma-and-discrimination,https://williamsandremoh.wixsite.com/jmerg/items-2/stigma-and-discrimination,https://pubmed.ncbi.nlm.nih.gov/17624035/,,"1. Budhwani H, et. al. (2025). Results of a workshop intervention trial to reduce HIV and intersectional stigma among sexual and gender minorities and healthcare workers in the Dominican Republic. AIDS Care. 2025 Sep;37(9):1530-1538. doi: 10.1080/09540121.2025.2484311. Epub 2025 Mar 26. Erratum in: AIDS Care. 2025 Sep;37(9):1613. https://pubmed.ncbi.nlm.nih.gov/40135708/




2. Wang Y, et. al. (2025). Longitudinal analysis of the role of mindfulness on HIV stigma, depression, substance use and HIV outcomes among female sex workers living with HIV in the Dominican Republic. AIDS Care. 2025 Jan;37(1):12-20. https://pubmed.ncbi.nlm.nih.gov/39652821/




3. Yigit I, et. al. (2025). Disclosure concerns moderate the association between internalized stigma and antiretroviral medication adherence among people with HIV in the Dominican Republic. AIDS Care. 2025 Nov;37(11):1950-1958. https://pubmed.ncbi.nlm.nih.gov/40988523/




4. Lovell – 2014 – ‘We are Jamaicans:’ living with challenging the criminalization of homosexuality in Jamaica (Contemporary Justice Review) https://www.tandfonline.com/doi/abs/10.1080/10282580.2015.1101687




5. Clarke et al – 2010 – Disclosure of HIV status among HIV clinic attendees in Jamaica (West Indian Medical Journal) https://www.mona.uwi.edu/fms/wimj/article/1280




6. Norman et al – 2006 – The role of sympathy on avoidance intention toward persons living with HIV/AIDS in Jamaica (AIDS Care) https://pubmed.ncbi.nlm.nih.gov/17012096/




7. Norman et "
stigma-and-discrimination,https://williamsandremoh.wixsite.com/jmerg/items-2/stigma-and-discrimination,https://pubmed.ncbi.nlm.nih.gov/17624035/,https://pubmed.ncbi.nlm.nih.gov/17624035/,"1. Budhwani H, et. al. (2025). Results of a workshop intervention trial to reduce HIV and intersectional stigma among sexual and gender minorities and healthcare workers in the Dominican Republic. AIDS Care. 2025 Sep;37(9):1530-1538. doi: 10.1080/09540121.2025.2484311. Epub 2025 Mar 26. Erratum in: AIDS Care. 2025 Sep;37(9):1613. https://pubmed.ncbi.nlm.nih.gov/40135708/




2. Wang Y, et. al. (2025). Longitudinal analysis of the role of mindfulness on HIV stigma, depression, substance use and HIV outcomes among female sex workers living with HIV in the Dominican Republic. AIDS Care. 2025 Jan;37(1):12-20. https://pubmed.ncbi.nlm.nih.gov/39652821/




3. Yigit I, et. al. (2025). Disclosure concerns moderate the association between internalized stigma and antiretroviral medication adherence among people with HIV in the Dominican Republic. AIDS Care. 2025 Nov;37(11):1950-1958. https://pubmed.ncbi.nlm.nih.gov/40988523/




4. Lovell – 2014 – ‘We are Jamaicans:’ living with challenging the criminalization of homosexuality in Jamaica (Contemporary Justice Review) https://www.tandfonline.com/doi/abs/10.1080/10282580.2015.1101687




5. Clarke et al – 2010 – Disclosure of HIV status among HIV clinic attendees in Jamaica (West Indian Medical Journal) https://www.mona.uwi.edu/fms/wimj/article/1280




6. Norman et al – 2006 – The role of sympathy on avoidance intention toward persons living with HIV/AIDS in Jamaica (AIDS Care) https://pubmed.ncbi.nlm.nih.gov/17012096/




7. Norman et "
stigma-and-discrimination,https://williamsandremoh.wixsite.com/jmerg/items-2/stigma-and-discrimination,https://pubmed.ncbi.nlm.nih.gov/18565635/,,"1. Budhwani H, et. al. (2025). Results of a workshop intervention trial to reduce HIV and intersectional stigma among sexual and gender minorities and healthcare workers in the Dominican Republic. AIDS Care. 2025 Sep;37(9):1530-1538. doi: 10.1080/09540121.2025.2484311. Epub 2025 Mar 26. Erratum in: AIDS Care. 2025 Sep;37(9):1613. https://pubmed.ncbi.nlm.nih.gov/40135708/




2. Wang Y, et. al. (2025). Longitudinal analysis of the role of mindfulness on HIV stigma, depression, substance use and HIV outcomes among female sex workers living with HIV in the Dominican Republic. AIDS Care. 2025 Jan;37(1):12-20. https://pubmed.ncbi.nlm.nih.gov/39652821/




3. Yigit I, et. al. (2025). Disclosure concerns moderate the association between internalized stigma and antiretroviral medication adherence among people with HIV in the Dominican Republic. AIDS Care. 2025 Nov;37(11):1950-1958. https://pubmed.ncbi.nlm.nih.gov/40988523/




4. Lovell – 2014 – ‘We are Jamaicans:’ living with challenging the criminalization of homosexuality in Jamaica (Contemporary Justice Review) https://www.tandfonline.com/doi/abs/10.1080/10282580.2015.1101687




5. Clarke et al – 2010 – Disclosure of HIV status among HIV clinic attendees in Jamaica (West Indian Medical Journal) https://www.mona.uwi.edu/fms/wimj/article/1280




6. Norman et al – 2006 – The role of sympathy on avoidance intention toward persons living with HIV/AIDS in Jamaica (AIDS Care) https://pubmed.ncbi.nlm.nih.gov/17012096/




7. Norman et "
stigma-and-discrimination,https://williamsandremoh.wixsite.com/jmerg/items-2/stigma-and-discrimination,https://pubmed.ncbi.nlm.nih.gov/18565635/,https://pubmed.ncbi.nlm.nih.gov/18565635/,"1. Budhwani H, et. al. (2025). Results of a workshop intervention trial to reduce HIV and intersectional stigma among sexual and gender minorities and healthcare workers in the Dominican Republic. AIDS Care. 2025 Sep;37(9):1530-1538. doi: 10.1080/09540121.2025.2484311. Epub 2025 Mar 26. Erratum in: AIDS Care. 2025 Sep;37(9):1613. https://pubmed.ncbi.nlm.nih.gov/40135708/




2. Wang Y, et. al. (2025). Longitudinal analysis of the role of mindfulness on HIV stigma, depression, substance use and HIV outcomes among female sex workers living with HIV in the Dominican Republic. AIDS Care. 2025 Jan;37(1):12-20. https://pubmed.ncbi.nlm.nih.gov/39652821/




3. Yigit I, et. al. (2025). Disclosure concerns moderate the association between internalized stigma and antiretroviral medication adherence among people with HIV in the Dominican Republic. AIDS Care. 2025 Nov;37(11):1950-1958. https://pubmed.ncbi.nlm.nih.gov/40988523/




4. Lovell – 2014 – ‘We are Jamaicans:’ living with challenging the criminalization of homosexuality in Jamaica (Contemporary Justice Review) https://www.tandfonline.com/doi/abs/10.1080/10282580.2015.1101687




5. Clarke et al – 2010 – Disclosure of HIV status among HIV clinic attendees in Jamaica (West Indian Medical Journal) https://www.mona.uwi.edu/fms/wimj/article/1280




6. Norman et al – 2006 – The role of sympathy on avoidance intention toward persons living with HIV/AIDS in Jamaica (AIDS Care) https://pubmed.ncbi.nlm.nih.gov/17012096/




7. Norman et "
stigma-and-discrimination,https://williamsandremoh.wixsite.com/jmerg/items-2/stigma-and-discrimination,https://pubmed.ncbi.nlm.nih.gov/39098884/,,"1. Budhwani H, et. al. (2025). Results of a workshop intervention trial to reduce HIV and intersectional stigma among sexual and gender minorities and healthcare workers in the Dominican Republic. AIDS Care. 2025 Sep;37(9):1530-1538. doi: 10.1080/09540121.2025.2484311. Epub 2025 Mar 26. Erratum in: AIDS Care. 2025 Sep;37(9):1613. https://pubmed.ncbi.nlm.nih.gov/40135708/




2. Wang Y, et. al. (2025). Longitudinal analysis of the role of mindfulness on HIV stigma, depression, substance use and HIV outcomes among female sex workers living with HIV in the Dominican Republic. AIDS Care. 2025 Jan;37(1):12-20. https://pubmed.ncbi.nlm.nih.gov/39652821/




3. Yigit I, et. al. (2025). Disclosure concerns moderate the association between internalized stigma and antiretroviral medication adherence among people with HIV in the Dominican Republic. AIDS Care. 2025 Nov;37(11):1950-1958. https://pubmed.ncbi.nlm.nih.gov/40988523/




4. Lovell – 2014 – ‘We are Jamaicans:’ living with challenging the criminalization of homosexuality in Jamaica (Contemporary Justice Review) https://www.tandfonline.com/doi/abs/10.1080/10282580.2015.1101687




5. Clarke et al – 2010 – Disclosure of HIV status among HIV clinic attendees in Jamaica (West Indian Medical Journal) https://www.mona.uwi.edu/fms/wimj/article/1280




6. Norman et al – 2006 – The role of sympathy on avoidance intention toward persons living with HIV/AIDS in Jamaica (AIDS Care) https://pubmed.ncbi.nlm.nih.gov/17012096/




7. Norman et "
stigma-and-discrimination,https://williamsandremoh.wixsite.com/jmerg/items-2/stigma-and-discrimination,https://pubmed.ncbi.nlm.nih.gov/39098884/,https://pubmed.ncbi.nlm.nih.gov/39098884/,"1. Budhwani H, et. al. (2025). Results of a workshop intervention trial to reduce HIV and intersectional stigma among sexual and gender minorities and healthcare workers in the Dominican Republic. AIDS Care. 2025 Sep;37(9):1530-1538. doi: 10.1080/09540121.2025.2484311. Epub 2025 Mar 26. Erratum in: AIDS Care. 2025 Sep;37(9):1613. https://pubmed.ncbi.nlm.nih.gov/40135708/




2. Wang Y, et. al. (2025). Longitudinal analysis of the role of mindfulness on HIV stigma, depression, substance use and HIV outcomes among female sex workers living with HIV in the Dominican Republic. AIDS Care. 2025 Jan;37(1):12-20. https://pubmed.ncbi.nlm.nih.gov/39652821/




3. Yigit I, et. al. (2025). Disclosure concerns moderate the association between internalized stigma and antiretroviral medication adherence among people with HIV in the Dominican Republic. AIDS Care. 2025 Nov;37(11):1950-1958. https://pubmed.ncbi.nlm.nih.gov/40988523/




4. Lovell – 2014 – ‘We are Jamaicans:’ living with challenging the criminalization of homosexuality in Jamaica (Contemporary Justice Review) https://www.tandfonline.com/doi/abs/10.1080/10282580.2015.1101687




5. Clarke et al – 2010 – Disclosure of HIV status among HIV clinic attendees in Jamaica (West Indian Medical Journal) https://www.mona.uwi.edu/fms/wimj/article/1280




6. Norman et al – 2006 – The role of sympathy on avoidance intention toward persons living with HIV/AIDS in Jamaica (AIDS Care) https://pubmed.ncbi.nlm.nih.gov/17012096/




7. Norman et "
stigma-and-discrimination,https://williamsandremoh.wixsite.com/jmerg/items-2/stigma-and-discrimination,https://pubmed.ncbi.nlm.nih.gov/28406274/,,"1. Budhwani H, et. al. (2025). Results of a workshop intervention trial to reduce HIV and intersectional stigma among sexual and gender minorities and healthcare workers in the Dominican Republic. AIDS Care. 2025 Sep;37(9):1530-1538. doi: 10.1080/09540121.2025.2484311. Epub 2025 Mar 26. Erratum in: AIDS Care. 2025 Sep;37(9):1613. https://pubmed.ncbi.nlm.nih.gov/40135708/




2. Wang Y, et. al. (2025). Longitudinal analysis of the role of mindfulness on HIV stigma, depression, substance use and HIV outcomes among female sex workers living with HIV in the Dominican Republic. AIDS Care. 2025 Jan;37(1):12-20. https://pubmed.ncbi.nlm.nih.gov/39652821/




3. Yigit I, et. al. (2025). Disclosure concerns moderate the association between internalized stigma and antiretroviral medication adherence among people with HIV in the Dominican Republic. AIDS Care. 2025 Nov;37(11):1950-1958. https://pubmed.ncbi.nlm.nih.gov/40988523/




4. Lovell – 2014 – ‘We are Jamaicans:’ living with challenging the criminalization of homosexuality in Jamaica (Contemporary Justice Review) https://www.tandfonline.com/doi/abs/10.1080/10282580.2015.1101687




5. Clarke et al – 2010 – Disclosure of HIV status among HIV clinic attendees in Jamaica (West Indian Medical Journal) https://www.mona.uwi.edu/fms/wimj/article/1280




6. Norman et al – 2006 – The role of sympathy on avoidance intention toward persons living with HIV/AIDS in Jamaica (AIDS Care) https://pubmed.ncbi.nlm.nih.gov/17012096/




7. Norman et "
stigma-and-discrimination,https://williamsandremoh.wixsite.com/jmerg/items-2/stigma-and-discrimination,https://pubmed.ncbi.nlm.nih.gov/28406274/,https://pubmed.ncbi.nlm.nih.gov/28406274/,"1. Budhwani H, et. al. (2025). Results of a workshop intervention trial to reduce HIV and intersectional stigma among sexual and gender minorities and healthcare workers in the Dominican Republic. AIDS Care. 2025 Sep;37(9):1530-1538. doi: 10.1080/09540121.2025.2484311. Epub 2025 Mar 26. Erratum in: AIDS Care. 2025 Sep;37(9):1613. https://pubmed.ncbi.nlm.nih.gov/40135708/




2. Wang Y, et. al. (2025). Longitudinal analysis of the role of mindfulness on HIV stigma, depression, substance use and HIV outcomes among female sex workers living with HIV in the Dominican Republic. AIDS Care. 2025 Jan;37(1):12-20. https://pubmed.ncbi.nlm.nih.gov/39652821/




3. Yigit I, et. al. (2025). Disclosure concerns moderate the association between internalized stigma and antiretroviral medication adherence among people with HIV in the Dominican Republic. AIDS Care. 2025 Nov;37(11):1950-1958. https://pubmed.ncbi.nlm.nih.gov/40988523/




4. Lovell – 2014 – ‘We are Jamaicans:’ living with challenging the criminalization of homosexuality in Jamaica (Contemporary Justice Review) https://www.tandfonline.com/doi/abs/10.1080/10282580.2015.1101687




5. Clarke et al – 2010 – Disclosure of HIV status among HIV clinic attendees in Jamaica (West Indian Medical Journal) https://www.mona.uwi.edu/fms/wimj/article/1280




6. Norman et al – 2006 – The role of sympathy on avoidance intention toward persons living with HIV/AIDS in Jamaica (AIDS Care) https://pubmed.ncbi.nlm.nih.gov/17012096/




7. Norman et "
the-national-hiv-response,https://williamsandremoh.wixsite.com/jmerg/items-2/the-national-hiv-response,https://pubmed.ncbi.nlm.nih.gov/41268736/,https://pubmed.ncbi.nlm.nih.gov/41268736/,"1. Adedokun KA, et. al. (2026). HIV/AIDS in transition: Global disparities, Africa's uneven progress and struggles, and the emerging threat of funding cuts (global burden of disease study, 1990-2021). HIV Med. 2026 Feb;27(2):234-246. 

https://pubmed.ncbi.nlm.nih.gov/41268736/




2. Chapman E, et. al. (2026). Research priorities for advanced HIV disease in Latin America and the Caribbean region: a modified Delphi study. J Int AIDS Soc. 2026 Jan;29(1):e70074. 

https://pubmed.ncbi.nlm.nih.gov/41543971/




3. Guillén JR, et. al. (2026). Consequences of United States funding suspensions on community-led HIV services in Latin America and the Caribbean: findings of a rapid service provider survey. J Int AIDS Soc. 2026 Feb;29(2):e70081. 

https://pubmed.ncbi.nlm.nih.gov/41664877/




4. Prochazka M, et. al. (2026). Latin America and the Caribbean: Challenges and Opportunities for HIV Treatment and Prevention. J Int AIDS Soc. 2026 Jul;29 Suppl 3(Suppl 3):e70170. 

https://pubmed.ncbi.nlm.nih.gov/42502255/




5. Mattocks L, et. al. (2025). PEPFAR Investments in Country Data Systems Support HIV Treatment Continuity: An Example From Haiti. J Infect Dis. 2025 Sep 22;232(Supplement_2):S135-S139. 

https://pubmed.ncbi.nlm.nih.gov/40976860/




6. Bluemer-Miroite et al – 2022 – “Nothing for Us Without Us”: An Evaluation of Patient Engagement in an HIV Care Improvement Collaborative in the Caribbean (Global Health Science and Practice) https://pubmed.ncbi.nlm.nih.gov/36332062/




7. Bai"
the-national-hiv-response,https://williamsandremoh.wixsite.com/jmerg/items-2/the-national-hiv-response,https://pubmed.ncbi.nlm.nih.gov/41543971/,https://pubmed.ncbi.nlm.nih.gov/41543971/,"1. Adedokun KA, et. al. (2026). HIV/AIDS in transition: Global disparities, Africa's uneven progress and struggles, and the emerging threat of funding cuts (global burden of disease study, 1990-2021). HIV Med. 2026 Feb;27(2):234-246. 

https://pubmed.ncbi.nlm.nih.gov/41268736/




2. Chapman E, et. al. (2026). Research priorities for advanced HIV disease in Latin America and the Caribbean region: a modified Delphi study. J Int AIDS Soc. 2026 Jan;29(1):e70074. 

https://pubmed.ncbi.nlm.nih.gov/41543971/




3. Guillén JR, et. al. (2026). Consequences of United States funding suspensions on community-led HIV services in Latin America and the Caribbean: findings of a rapid service provider survey. J Int AIDS Soc. 2026 Feb;29(2):e70081. 

https://pubmed.ncbi.nlm.nih.gov/41664877/




4. Prochazka M, et. al. (2026). Latin America and the Caribbean: Challenges and Opportunities for HIV Treatment and Prevention. J Int AIDS Soc. 2026 Jul;29 Suppl 3(Suppl 3):e70170. 

https://pubmed.ncbi.nlm.nih.gov/42502255/




5. Mattocks L, et. al. (2025). PEPFAR Investments in Country Data Systems Support HIV Treatment Continuity: An Example From Haiti. J Infect Dis. 2025 Sep 22;232(Supplement_2):S135-S139. 

https://pubmed.ncbi.nlm.nih.gov/40976860/




6. Bluemer-Miroite et al – 2022 – “Nothing for Us Without Us”: An Evaluation of Patient Engagement in an HIV Care Improvement Collaborative in the Caribbean (Global Health Science and Practice) https://pubmed.ncbi.nlm.nih.gov/36332062/




7. Bai"
the-national-hiv-response,https://williamsandremoh.wixsite.com/jmerg/items-2/the-national-hiv-response,https://pubmed.ncbi.nlm.nih.gov/41664877/,https://pubmed.ncbi.nlm.nih.gov/41664877/,"1. Adedokun KA, et. al. (2026). HIV/AIDS in transition: Global disparities, Africa's uneven progress and struggles, and the emerging threat of funding cuts (global burden of disease study, 1990-2021). HIV Med. 2026 Feb;27(2):234-246. 

https://pubmed.ncbi.nlm.nih.gov/41268736/




2. Chapman E, et. al. (2026). Research priorities for advanced HIV disease in Latin America and the Caribbean region: a modified Delphi study. J Int AIDS Soc. 2026 Jan;29(1):e70074. 

https://pubmed.ncbi.nlm.nih.gov/41543971/




3. Guillén JR, et. al. (2026). Consequences of United States funding suspensions on community-led HIV services in Latin America and the Caribbean: findings of a rapid service provider survey. J Int AIDS Soc. 2026 Feb;29(2):e70081. 

https://pubmed.ncbi.nlm.nih.gov/41664877/




4. Prochazka M, et. al. (2026). Latin America and the Caribbean: Challenges and Opportunities for HIV Treatment and Prevention. J Int AIDS Soc. 2026 Jul;29 Suppl 3(Suppl 3):e70170. 

https://pubmed.ncbi.nlm.nih.gov/42502255/




5. Mattocks L, et. al. (2025). PEPFAR Investments in Country Data Systems Support HIV Treatment Continuity: An Example From Haiti. J Infect Dis. 2025 Sep 22;232(Supplement_2):S135-S139. 

https://pubmed.ncbi.nlm.nih.gov/40976860/




6. Bluemer-Miroite et al – 2022 – “Nothing for Us Without Us”: An Evaluation of Patient Engagement in an HIV Care Improvement Collaborative in the Caribbean (Global Health Science and Practice) https://pubmed.ncbi.nlm.nih.gov/36332062/




7. Bai"
the-national-hiv-response,https://williamsandremoh.wixsite.com/jmerg/items-2/the-national-hiv-response,https://pubmed.ncbi.nlm.nih.gov/42502255/,https://pubmed.ncbi.nlm.nih.gov/42502255/,"1. Adedokun KA, et. al. (2026). HIV/AIDS in transition: Global disparities, Africa's uneven progress and struggles, and the emerging threat of funding cuts (global burden of disease study, 1990-2021). HIV Med. 2026 Feb;27(2):234-246. 

https://pubmed.ncbi.nlm.nih.gov/41268736/




2. Chapman E, et. al. (2026). Research priorities for advanced HIV disease in Latin America and the Caribbean region: a modified Delphi study. J Int AIDS Soc. 2026 Jan;29(1):e70074. 

https://pubmed.ncbi.nlm.nih.gov/41543971/




3. Guillén JR, et. al. (2026). Consequences of United States funding suspensions on community-led HIV services in Latin America and the Caribbean: findings of a rapid service provider survey. J Int AIDS Soc. 2026 Feb;29(2):e70081. 

https://pubmed.ncbi.nlm.nih.gov/41664877/




4. Prochazka M, et. al. (2026). Latin America and the Caribbean: Challenges and Opportunities for HIV Treatment and Prevention. J Int AIDS Soc. 2026 Jul;29 Suppl 3(Suppl 3):e70170. 

https://pubmed.ncbi.nlm.nih.gov/42502255/




5. Mattocks L, et. al. (2025). PEPFAR Investments in Country Data Systems Support HIV Treatment Continuity: An Example From Haiti. J Infect Dis. 2025 Sep 22;232(Supplement_2):S135-S139. 

https://pubmed.ncbi.nlm.nih.gov/40976860/




6. Bluemer-Miroite et al – 2022 – “Nothing for Us Without Us”: An Evaluation of Patient Engagement in an HIV Care Improvement Collaborative in the Caribbean (Global Health Science and Practice) https://pubmed.ncbi.nlm.nih.gov/36332062/




7. Bai"
the-national-hiv-response,https://williamsandremoh.wixsite.com/jmerg/items-2/the-national-hiv-response,https://pubmed.ncbi.nlm.nih.gov/40976860/,https://pubmed.ncbi.nlm.nih.gov/40976860/,"1. Adedokun KA, et. al. (2026). HIV/AIDS in transition: Global disparities, Africa's uneven progress and struggles, and the emerging threat of funding cuts (global burden of disease study, 1990-2021). HIV Med. 2026 Feb;27(2):234-246. 

https://pubmed.ncbi.nlm.nih.gov/41268736/




2. Chapman E, et. al. (2026). Research priorities for advanced HIV disease in Latin America and the Caribbean region: a modified Delphi study. J Int AIDS Soc. 2026 Jan;29(1):e70074. 

https://pubmed.ncbi.nlm.nih.gov/41543971/




3. Guillén JR, et. al. (2026). Consequences of United States funding suspensions on community-led HIV services in Latin America and the Caribbean: findings of a rapid service provider survey. J Int AIDS Soc. 2026 Feb;29(2):e70081. 

https://pubmed.ncbi.nlm.nih.gov/41664877/




4. Prochazka M, et. al. (2026). Latin America and the Caribbean: Challenges and Opportunities for HIV Treatment and Prevention. J Int AIDS Soc. 2026 Jul;29 Suppl 3(Suppl 3):e70170. 

https://pubmed.ncbi.nlm.nih.gov/42502255/




5. Mattocks L, et. al. (2025). PEPFAR Investments in Country Data Systems Support HIV Treatment Continuity: An Example From Haiti. J Infect Dis. 2025 Sep 22;232(Supplement_2):S135-S139. 

https://pubmed.ncbi.nlm.nih.gov/40976860/




6. Bluemer-Miroite et al – 2022 – “Nothing for Us Without Us”: An Evaluation of Patient Engagement in an HIV Care Improvement Collaborative in the Caribbean (Global Health Science and Practice) https://pubmed.ncbi.nlm.nih.gov/36332062/




7. Bai"
the-national-hiv-response,https://williamsandremoh.wixsite.com/jmerg/items-2/the-national-hiv-response,https://pubmed.ncbi.nlm.nih.gov/36332062/,,"1. Adedokun KA, et. al. (2026). HIV/AIDS in transition: Global disparities, Africa's uneven progress and struggles, and the emerging threat of funding cuts (global burden of disease study, 1990-2021). HIV Med. 2026 Feb;27(2):234-246. 

https://pubmed.ncbi.nlm.nih.gov/41268736/




2. Chapman E, et. al. (2026). Research priorities for advanced HIV disease in Latin America and the Caribbean region: a modified Delphi study. J Int AIDS Soc. 2026 Jan;29(1):e70074. 

https://pubmed.ncbi.nlm.nih.gov/41543971/




3. Guillén JR, et. al. (2026). Consequences of United States funding suspensions on community-led HIV services in Latin America and the Caribbean: findings of a rapid service provider survey. J Int AIDS Soc. 2026 Feb;29(2):e70081. 

https://pubmed.ncbi.nlm.nih.gov/41664877/




4. Prochazka M, et. al. (2026). Latin America and the Caribbean: Challenges and Opportunities for HIV Treatment and Prevention. J Int AIDS Soc. 2026 Jul;29 Suppl 3(Suppl 3):e70170. 

https://pubmed.ncbi.nlm.nih.gov/42502255/




5. Mattocks L, et. al. (2025). PEPFAR Investments in Country Data Systems Support HIV Treatment Continuity: An Example From Haiti. J Infect Dis. 2025 Sep 22;232(Supplement_2):S135-S139. 

https://pubmed.ncbi.nlm.nih.gov/40976860/




6. Bluemer-Miroite et al – 2022 – “Nothing for Us Without Us”: An Evaluation of Patient Engagement in an HIV Care Improvement Collaborative in the Caribbean (Global Health Science and Practice) https://pubmed.ncbi.nlm.nih.gov/36332062/




7. Bai"
the-national-hiv-response,https://williamsandremoh.wixsite.com/jmerg/items-2/the-national-hiv-response,https://pubmed.ncbi.nlm.nih.gov/36332062/,https://pubmed.ncbi.nlm.nih.gov/36332062/,"1. Adedokun KA, et. al. (2026). HIV/AIDS in transition: Global disparities, Africa's uneven progress and struggles, and the emerging threat of funding cuts (global burden of disease study, 1990-2021). HIV Med. 2026 Feb;27(2):234-246. 

https://pubmed.ncbi.nlm.nih.gov/41268736/




2. Chapman E, et. al. (2026). Research priorities for advanced HIV disease in Latin America and the Caribbean region: a modified Delphi study. J Int AIDS Soc. 2026 Jan;29(1):e70074. 

https://pubmed.ncbi.nlm.nih.gov/41543971/




3. Guillén JR, et. al. (2026). Consequences of United States funding suspensions on community-led HIV services in Latin America and the Caribbean: findings of a rapid service provider survey. J Int AIDS Soc. 2026 Feb;29(2):e70081. 

https://pubmed.ncbi.nlm.nih.gov/41664877/




4. Prochazka M, et. al. (2026). Latin America and the Caribbean: Challenges and Opportunities for HIV Treatment and Prevention. J Int AIDS Soc. 2026 Jul;29 Suppl 3(Suppl 3):e70170. 

https://pubmed.ncbi.nlm.nih.gov/42502255/




5. Mattocks L, et. al. (2025). PEPFAR Investments in Country Data Systems Support HIV Treatment Continuity: An Example From Haiti. J Infect Dis. 2025 Sep 22;232(Supplement_2):S135-S139. 

https://pubmed.ncbi.nlm.nih.gov/40976860/




6. Bluemer-Miroite et al – 2022 – “Nothing for Us Without Us”: An Evaluation of Patient Engagement in an HIV Care Improvement Collaborative in the Caribbean (Global Health Science and Practice) https://pubmed.ncbi.nlm.nih.gov/36332062/




7. Bai"
the-national-hiv-response,https://williamsandremoh.wixsite.com/jmerg/items-2/the-national-hiv-response,https://www.gjmedph.com/Uploads/R1_HIV%20Policy%20Jamaica_AB%20revisedV2_21.3.21.pdf,,"1. Adedokun KA, et. al. (2026). HIV/AIDS in transition: Global disparities, Africa's uneven progress and struggles, and the emerging threat of funding cuts (global burden of disease study, 1990-2021). HIV Med. 2026 Feb;27(2):234-246. 

https://pubmed.ncbi.nlm.nih.gov/41268736/




2. Chapman E, et. al. (2026). Research priorities for advanced HIV disease in Latin America and the Caribbean region: a modified Delphi study. J Int AIDS Soc. 2026 Jan;29(1):e70074. 

https://pubmed.ncbi.nlm.nih.gov/41543971/




3. Guillén JR, et. al. (2026). Consequences of United States funding suspensions on community-led HIV services in Latin America and the Caribbean: findings of a rapid service provider survey. J Int AIDS Soc. 2026 Feb;29(2):e70081. 

https://pubmed.ncbi.nlm.nih.gov/41664877/




4. Prochazka M, et. al. (2026). Latin America and the Caribbean: Challenges and Opportunities for HIV Treatment and Prevention. J Int AIDS Soc. 2026 Jul;29 Suppl 3(Suppl 3):e70170. 

https://pubmed.ncbi.nlm.nih.gov/42502255/




5. Mattocks L, et. al. (2025). PEPFAR Investments in Country Data Systems Support HIV Treatment Continuity: An Example From Haiti. J Infect Dis. 2025 Sep 22;232(Supplement_2):S135-S139. 

https://pubmed.ncbi.nlm.nih.gov/40976860/




6. Bluemer-Miroite et al – 2022 – “Nothing for Us Without Us”: An Evaluation of Patient Engagement in an HIV Care Improvement Collaborative in the Caribbean (Global Health Science and Practice) https://pubmed.ncbi.nlm.nih.gov/36332062/




7. Bai"
the-national-hiv-response,https://williamsandremoh.wixsite.com/jmerg/items-2/the-national-hiv-response,https://www.gjmedph.com/Uploads/R1_HIV%20Policy%20Jamaica_AB%20revisedV2_21.3.21.pdf,https://www.gjmedph.com/Uploads/R1_HIV%20Policy%20Jamaica_AB%20revisedV2_21.3.21.pdf,"1. Adedokun KA, et. al. (2026). HIV/AIDS in transition: Global disparities, Africa's uneven progress and struggles, and the emerging threat of funding cuts (global burden of disease study, 1990-2021). HIV Med. 2026 Feb;27(2):234-246. 

https://pubmed.ncbi.nlm.nih.gov/41268736/




2. Chapman E, et. al. (2026). Research priorities for advanced HIV disease in Latin America and the Caribbean region: a modified Delphi study. J Int AIDS Soc. 2026 Jan;29(1):e70074. 

https://pubmed.ncbi.nlm.nih.gov/41543971/




3. Guillén JR, et. al. (2026). Consequences of United States funding suspensions on community-led HIV services in Latin America and the Caribbean: findings of a rapid service provider survey. J Int AIDS Soc. 2026 Feb;29(2):e70081. 

https://pubmed.ncbi.nlm.nih.gov/41664877/




4. Prochazka M, et. al. (2026). Latin America and the Caribbean: Challenges and Opportunities for HIV Treatment and Prevention. J Int AIDS Soc. 2026 Jul;29 Suppl 3(Suppl 3):e70170. 

https://pubmed.ncbi.nlm.nih.gov/42502255/




5. Mattocks L, et. al. (2025). PEPFAR Investments in Country Data Systems Support HIV Treatment Continuity: An Example From Haiti. J Infect Dis. 2025 Sep 22;232(Supplement_2):S135-S139. 

https://pubmed.ncbi.nlm.nih.gov/40976860/




6. Bluemer-Miroite et al – 2022 – “Nothing for Us Without Us”: An Evaluation of Patient Engagement in an HIV Care Improvement Collaborative in the Caribbean (Global Health Science and Practice) https://pubmed.ncbi.nlm.nih.gov/36332062/




7. Bai"
the-national-hiv-response,https://williamsandremoh.wixsite.com/jmerg/items-2/the-national-hiv-response,https://pubmed.ncbi.nlm.nih.gov/33245295/,,"1. Adedokun KA, et. al. (2026). HIV/AIDS in transition: Global disparities, Africa's uneven progress and struggles, and the emerging threat of funding cuts (global burden of disease study, 1990-2021). HIV Med. 2026 Feb;27(2):234-246. 

https://pubmed.ncbi.nlm.nih.gov/41268736/




2. Chapman E, et. al. (2026). Research priorities for advanced HIV disease in Latin America and the Caribbean region: a modified Delphi study. J Int AIDS Soc. 2026 Jan;29(1):e70074. 

https://pubmed.ncbi.nlm.nih.gov/41543971/




3. Guillén JR, et. al. (2026). Consequences of United States funding suspensions on community-led HIV services in Latin America and the Caribbean: findings of a rapid service provider survey. J Int AIDS Soc. 2026 Feb;29(2):e70081. 

https://pubmed.ncbi.nlm.nih.gov/41664877/




4. Prochazka M, et. al. (2026). Latin America and the Caribbean: Challenges and Opportunities for HIV Treatment and Prevention. J Int AIDS Soc. 2026 Jul;29 Suppl 3(Suppl 3):e70170. 

https://pubmed.ncbi.nlm.nih.gov/42502255/




5. Mattocks L, et. al. (2025). PEPFAR Investments in Country Data Systems Support HIV Treatment Continuity: An Example From Haiti. J Infect Dis. 2025 Sep 22;232(Supplement_2):S135-S139. 

https://pubmed.ncbi.nlm.nih.gov/40976860/




6. Bluemer-Miroite et al – 2022 – “Nothing for Us Without Us”: An Evaluation of Patient Engagement in an HIV Care Improvement Collaborative in the Caribbean (Global Health Science and Practice) https://pubmed.ncbi.nlm.nih.gov/36332062/




7. Bai"
the-national-hiv-response,https://williamsandremoh.wixsite.com/jmerg/items-2/the-national-hiv-response,https://pubmed.ncbi.nlm.nih.gov/33245295/,https://pubmed.ncbi.nlm.nih.gov/33245295/,"1. Adedokun KA, et. al. (2026). HIV/AIDS in transition: Global disparities, Africa's uneven progress and struggles, and the emerging threat of funding cuts (global burden of disease study, 1990-2021). HIV Med. 2026 Feb;27(2):234-246. 

https://pubmed.ncbi.nlm.nih.gov/41268736/




2. Chapman E, et. al. (2026). Research priorities for advanced HIV disease in Latin America and the Caribbean region: a modified Delphi study. J Int AIDS Soc. 2026 Jan;29(1):e70074. 

https://pubmed.ncbi.nlm.nih.gov/41543971/




3. Guillén JR, et. al. (2026). Consequences of United States funding suspensions on community-led HIV services in Latin America and the Caribbean: findings of a rapid service provider survey. J Int AIDS Soc. 2026 Feb;29(2):e70081. 

https://pubmed.ncbi.nlm.nih.gov/41664877/




4. Prochazka M, et. al. (2026). Latin America and the Caribbean: Challenges and Opportunities for HIV Treatment and Prevention. J Int AIDS Soc. 2026 Jul;29 Suppl 3(Suppl 3):e70170. 

https://pubmed.ncbi.nlm.nih.gov/42502255/




5. Mattocks L, et. al. (2025). PEPFAR Investments in Country Data Systems Support HIV Treatment Continuity: An Example From Haiti. J Infect Dis. 2025 Sep 22;232(Supplement_2):S135-S139. 

https://pubmed.ncbi.nlm.nih.gov/40976860/




6. Bluemer-Miroite et al – 2022 – “Nothing for Us Without Us”: An Evaluation of Patient Engagement in an HIV Care Improvement Collaborative in the Caribbean (Global Health Science and Practice) https://pubmed.ncbi.nlm.nih.gov/36332062/




7. Bai"
the-national-hiv-response,https://williamsandremoh.wixsite.com/jmerg/items-2/the-national-hiv-response,https://www.ohiocomm.org/wp-content/uploads/2017/01/Darlington-OCJ-2017.pdf,,"1. Adedokun KA, et. al. (2026). HIV/AIDS in transition: Global disparities, Africa's uneven progress and struggles, and the emerging threat of funding cuts (global burden of disease study, 1990-2021). HIV Med. 2026 Feb;27(2):234-246. 

https://pubmed.ncbi.nlm.nih.gov/41268736/




2. Chapman E, et. al. (2026). Research priorities for advanced HIV disease in Latin America and the Caribbean region: a modified Delphi study. J Int AIDS Soc. 2026 Jan;29(1):e70074. 

https://pubmed.ncbi.nlm.nih.gov/41543971/




3. Guillén JR, et. al. (2026). Consequences of United States funding suspensions on community-led HIV services in Latin America and the Caribbean: findings of a rapid service provider survey. J Int AIDS Soc. 2026 Feb;29(2):e70081. 

https://pubmed.ncbi.nlm.nih.gov/41664877/




4. Prochazka M, et. al. (2026). Latin America and the Caribbean: Challenges and Opportunities for HIV Treatment and Prevention. J Int AIDS Soc. 2026 Jul;29 Suppl 3(Suppl 3):e70170. 

https://pubmed.ncbi.nlm.nih.gov/42502255/




5. Mattocks L, et. al. (2025). PEPFAR Investments in Country Data Systems Support HIV Treatment Continuity: An Example From Haiti. J Infect Dis. 2025 Sep 22;232(Supplement_2):S135-S139. 

https://pubmed.ncbi.nlm.nih.gov/40976860/




6. Bluemer-Miroite et al – 2022 – “Nothing for Us Without Us”: An Evaluation of Patient Engagement in an HIV Care Improvement Collaborative in the Caribbean (Global Health Science and Practice) https://pubmed.ncbi.nlm.nih.gov/36332062/




7. Bai"
the-national-hiv-response,https://williamsandremoh.wixsite.com/jmerg/items-2/the-national-hiv-response,https://www.ohiocomm.org/wp-content/uploads/2017/01/Darlington-OCJ-2017.pdf,https://www.ohiocomm.org/wp-content/uploads/2017/01/Darlington-OCJ-2017.pdf,"1. Adedokun KA, et. al. (2026). HIV/AIDS in transition: Global disparities, Africa's uneven progress and struggles, and the emerging threat of funding cuts (global burden of disease study, 1990-2021). HIV Med. 2026 Feb;27(2):234-246. 

https://pubmed.ncbi.nlm.nih.gov/41268736/




2. Chapman E, et. al. (2026). Research priorities for advanced HIV disease in Latin America and the Caribbean region: a modified Delphi study. J Int AIDS Soc. 2026 Jan;29(1):e70074. 

https://pubmed.ncbi.nlm.nih.gov/41543971/




3. Guillén JR, et. al. (2026). Consequences of United States funding suspensions on community-led HIV services in Latin America and the Caribbean: findings of a rapid service provider survey. J Int AIDS Soc. 2026 Feb;29(2):e70081. 

https://pubmed.ncbi.nlm.nih.gov/41664877/




4. Prochazka M, et. al. (2026). Latin America and the Caribbean: Challenges and Opportunities for HIV Treatment and Prevention. J Int AIDS Soc. 2026 Jul;29 Suppl 3(Suppl 3):e70170. 

https://pubmed.ncbi.nlm.nih.gov/42502255/




5. Mattocks L, et. al. (2025). PEPFAR Investments in Country Data Systems Support HIV Treatment Continuity: An Example From Haiti. J Infect Dis. 2025 Sep 22;232(Supplement_2):S135-S139. 

https://pubmed.ncbi.nlm.nih.gov/40976860/




6. Bluemer-Miroite et al – 2022 – “Nothing for Us Without Us”: An Evaluation of Patient Engagement in an HIV Care Improvement Collaborative in the Caribbean (Global Health Science and Practice) https://pubmed.ncbi.nlm.nih.gov/36332062/




7. Bai"
the-national-hiv-response,https://williamsandremoh.wixsite.com/jmerg/items-2/the-national-hiv-response,https://pubmed.ncbi.nlm.nih.gov/24378516/,,"1. Adedokun KA, et. al. (2026). HIV/AIDS in transition: Global disparities, Africa's uneven progress and struggles, and the emerging threat of funding cuts (global burden of disease study, 1990-2021). HIV Med. 2026 Feb;27(2):234-246. 

https://pubmed.ncbi.nlm.nih.gov/41268736/




2. Chapman E, et. al. (2026). Research priorities for advanced HIV disease in Latin America and the Caribbean region: a modified Delphi study. J Int AIDS Soc. 2026 Jan;29(1):e70074. 

https://pubmed.ncbi.nlm.nih.gov/41543971/




3. Guillén JR, et. al. (2026). Consequences of United States funding suspensions on community-led HIV services in Latin America and the Caribbean: findings of a rapid service provider survey. J Int AIDS Soc. 2026 Feb;29(2):e70081. 

https://pubmed.ncbi.nlm.nih.gov/41664877/




4. Prochazka M, et. al. (2026). Latin America and the Caribbean: Challenges and Opportunities for HIV Treatment and Prevention. J Int AIDS Soc. 2026 Jul;29 Suppl 3(Suppl 3):e70170. 

https://pubmed.ncbi.nlm.nih.gov/42502255/




5. Mattocks L, et. al. (2025). PEPFAR Investments in Country Data Systems Support HIV Treatment Continuity: An Example From Haiti. J Infect Dis. 2025 Sep 22;232(Supplement_2):S135-S139. 

https://pubmed.ncbi.nlm.nih.gov/40976860/




6. Bluemer-Miroite et al – 2022 – “Nothing for Us Without Us”: An Evaluation of Patient Engagement in an HIV Care Improvement Collaborative in the Caribbean (Global Health Science and Practice) https://pubmed.ncbi.nlm.nih.gov/36332062/




7. Bai"
the-national-hiv-response,https://williamsandremoh.wixsite.com/jmerg/items-2/the-national-hiv-response,https://pubmed.ncbi.nlm.nih.gov/24378516/,https://pubmed.ncbi.nlm.nih.gov/24378516/,"1. Adedokun KA, et. al. (2026). HIV/AIDS in transition: Global disparities, Africa's uneven progress and struggles, and the emerging threat of funding cuts (global burden of disease study, 1990-2021). HIV Med. 2026 Feb;27(2):234-246. 

https://pubmed.ncbi.nlm.nih.gov/41268736/




2. Chapman E, et. al. (2026). Research priorities for advanced HIV disease in Latin America and the Caribbean region: a modified Delphi study. J Int AIDS Soc. 2026 Jan;29(1):e70074. 

https://pubmed.ncbi.nlm.nih.gov/41543971/




3. Guillén JR, et. al. (2026). Consequences of United States funding suspensions on community-led HIV services in Latin America and the Caribbean: findings of a rapid service provider survey. J Int AIDS Soc. 2026 Feb;29(2):e70081. 

https://pubmed.ncbi.nlm.nih.gov/41664877/




4. Prochazka M, et. al. (2026). Latin America and the Caribbean: Challenges and Opportunities for HIV Treatment and Prevention. J Int AIDS Soc. 2026 Jul;29 Suppl 3(Suppl 3):e70170. 

https://pubmed.ncbi.nlm.nih.gov/42502255/




5. Mattocks L, et. al. (2025). PEPFAR Investments in Country Data Systems Support HIV Treatment Continuity: An Example From Haiti. J Infect Dis. 2025 Sep 22;232(Supplement_2):S135-S139. 

https://pubmed.ncbi.nlm.nih.gov/40976860/




6. Bluemer-Miroite et al – 2022 – “Nothing for Us Without Us”: An Evaluation of Patient Engagement in an HIV Care Improvement Collaborative in the Caribbean (Global Health Science and Practice) https://pubmed.ncbi.nlm.nih.gov/36332062/




7. Bai"
the-national-hiv-response,https://williamsandremoh.wixsite.com/jmerg/items-2/the-national-hiv-response,https://pubmed.ncbi.nlm.nih.gov/23485671/,,"1. Adedokun KA, et. al. (2026). HIV/AIDS in transition: Global disparities, Africa's uneven progress and struggles, and the emerging threat of funding cuts (global burden of disease study, 1990-2021). HIV Med. 2026 Feb;27(2):234-246. 

https://pubmed.ncbi.nlm.nih.gov/41268736/




2. Chapman E, et. al. (2026). Research priorities for advanced HIV disease in Latin America and the Caribbean region: a modified Delphi study. J Int AIDS Soc. 2026 Jan;29(1):e70074. 

https://pubmed.ncbi.nlm.nih.gov/41543971/




3. Guillén JR, et. al. (2026). Consequences of United States funding suspensions on community-led HIV services in Latin America and the Caribbean: findings of a rapid service provider survey. J Int AIDS Soc. 2026 Feb;29(2):e70081. 

https://pubmed.ncbi.nlm.nih.gov/41664877/




4. Prochazka M, et. al. (2026). Latin America and the Caribbean: Challenges and Opportunities for HIV Treatment and Prevention. J Int AIDS Soc. 2026 Jul;29 Suppl 3(Suppl 3):e70170. 

https://pubmed.ncbi.nlm.nih.gov/42502255/




5. Mattocks L, et. al. (2025). PEPFAR Investments in Country Data Systems Support HIV Treatment Continuity: An Example From Haiti. J Infect Dis. 2025 Sep 22;232(Supplement_2):S135-S139. 

https://pubmed.ncbi.nlm.nih.gov/40976860/




6. Bluemer-Miroite et al – 2022 – “Nothing for Us Without Us”: An Evaluation of Patient Engagement in an HIV Care Improvement Collaborative in the Caribbean (Global Health Science and Practice) https://pubmed.ncbi.nlm.nih.gov/36332062/




7. Bai"
the-national-hiv-response,https://williamsandremoh.wixsite.com/jmerg/items-2/the-national-hiv-response,https://pubmed.ncbi.nlm.nih.gov/23485671/,https://pubmed.ncbi.nlm.nih.gov/23485671/,"1. Adedokun KA, et. al. (2026). HIV/AIDS in transition: Global disparities, Africa's uneven progress and struggles, and the emerging threat of funding cuts (global burden of disease study, 1990-2021). HIV Med. 2026 Feb;27(2):234-246. 

https://pubmed.ncbi.nlm.nih.gov/41268736/




2. Chapman E, et. al. (2026). Research priorities for advanced HIV disease in Latin America and the Caribbean region: a modified Delphi study. J Int AIDS Soc. 2026 Jan;29(1):e70074. 

https://pubmed.ncbi.nlm.nih.gov/41543971/




3. Guillén JR, et. al. (2026). Consequences of United States funding suspensions on community-led HIV services in Latin America and the Caribbean: findings of a rapid service provider survey. J Int AIDS Soc. 2026 Feb;29(2):e70081. 

https://pubmed.ncbi.nlm.nih.gov/41664877/




4. Prochazka M, et. al. (2026). Latin America and the Caribbean: Challenges and Opportunities for HIV Treatment and Prevention. J Int AIDS Soc. 2026 Jul;29 Suppl 3(Suppl 3):e70170. 

https://pubmed.ncbi.nlm.nih.gov/42502255/




5. Mattocks L, et. al. (2025). PEPFAR Investments in Country Data Systems Support HIV Treatment Continuity: An Example From Haiti. J Infect Dis. 2025 Sep 22;232(Supplement_2):S135-S139. 

https://pubmed.ncbi.nlm.nih.gov/40976860/




6. Bluemer-Miroite et al – 2022 – “Nothing for Us Without Us”: An Evaluation of Patient Engagement in an HIV Care Improvement Collaborative in the Caribbean (Global Health Science and Practice) https://pubmed.ncbi.nlm.nih.gov/36332062/




7. Bai"
the-national-hiv-response,https://williamsandremoh.wixsite.com/jmerg/items-2/the-national-hiv-response,https://pubmed.ncbi.nlm.nih.gov/21106514/,,"1. Adedokun KA, et. al. (2026). HIV/AIDS in transition: Global disparities, Africa's uneven progress and struggles, and the emerging threat of funding cuts (global burden of disease study, 1990-2021). HIV Med. 2026 Feb;27(2):234-246. 

https://pubmed.ncbi.nlm.nih.gov/41268736/




2. Chapman E, et. al. (2026). Research priorities for advanced HIV disease in Latin America and the Caribbean region: a modified Delphi study. J Int AIDS Soc. 2026 Jan;29(1):e70074. 

https://pubmed.ncbi.nlm.nih.gov/41543971/




3. Guillén JR, et. al. (2026). Consequences of United States funding suspensions on community-led HIV services in Latin America and the Caribbean: findings of a rapid service provider survey. J Int AIDS Soc. 2026 Feb;29(2):e70081. 

https://pubmed.ncbi.nlm.nih.gov/41664877/




4. Prochazka M, et. al. (2026). Latin America and the Caribbean: Challenges and Opportunities for HIV Treatment and Prevention. J Int AIDS Soc. 2026 Jul;29 Suppl 3(Suppl 3):e70170. 

https://pubmed.ncbi.nlm.nih.gov/42502255/




5. Mattocks L, et. al. (2025). PEPFAR Investments in Country Data Systems Support HIV Treatment Continuity: An Example From Haiti. J Infect Dis. 2025 Sep 22;232(Supplement_2):S135-S139. 

https://pubmed.ncbi.nlm.nih.gov/40976860/




6. Bluemer-Miroite et al – 2022 – “Nothing for Us Without Us”: An Evaluation of Patient Engagement in an HIV Care Improvement Collaborative in the Caribbean (Global Health Science and Practice) https://pubmed.ncbi.nlm.nih.gov/36332062/




7. Bai"
the-national-hiv-response,https://williamsandremoh.wixsite.com/jmerg/items-2/the-national-hiv-response,https://pubmed.ncbi.nlm.nih.gov/21106514/,https://pubmed.ncbi.nlm.nih.gov/21106514/,"1. Adedokun KA, et. al. (2026). HIV/AIDS in transition: Global disparities, Africa's uneven progress and struggles, and the emerging threat of funding cuts (global burden of disease study, 1990-2021). HIV Med. 2026 Feb;27(2):234-246. 

https://pubmed.ncbi.nlm.nih.gov/41268736/




2. Chapman E, et. al. (2026). Research priorities for advanced HIV disease in Latin America and the Caribbean region: a modified Delphi study. J Int AIDS Soc. 2026 Jan;29(1):e70074. 

https://pubmed.ncbi.nlm.nih.gov/41543971/




3. Guillén JR, et. al. (2026). Consequences of United States funding suspensions on community-led HIV services in Latin America and the Caribbean: findings of a rapid service provider survey. J Int AIDS Soc. 2026 Feb;29(2):e70081. 

https://pubmed.ncbi.nlm.nih.gov/41664877/




4. Prochazka M, et. al. (2026). Latin America and the Caribbean: Challenges and Opportunities for HIV Treatment and Prevention. J Int AIDS Soc. 2026 Jul;29 Suppl 3(Suppl 3):e70170. 

https://pubmed.ncbi.nlm.nih.gov/42502255/




5. Mattocks L, et. al. (2025). PEPFAR Investments in Country Data Systems Support HIV Treatment Continuity: An Example From Haiti. J Infect Dis. 2025 Sep 22;232(Supplement_2):S135-S139. 

https://pubmed.ncbi.nlm.nih.gov/40976860/




6. Bluemer-Miroite et al – 2022 – “Nothing for Us Without Us”: An Evaluation of Patient Engagement in an HIV Care Improvement Collaborative in the Caribbean (Global Health Science and Practice) https://pubmed.ncbi.nlm.nih.gov/36332062/




7. Bai"
the-national-hiv-response,https://williamsandremoh.wixsite.com/jmerg/items-2/the-national-hiv-response,https://pubmed.ncbi.nlm.nih.gov/16630035/,,"1. Adedokun KA, et. al. (2026). HIV/AIDS in transition: Global disparities, Africa's uneven progress and struggles, and the emerging threat of funding cuts (global burden of disease study, 1990-2021). HIV Med. 2026 Feb;27(2):234-246. 

https://pubmed.ncbi.nlm.nih.gov/41268736/




2. Chapman E, et. al. (2026). Research priorities for advanced HIV disease in Latin America and the Caribbean region: a modified Delphi study. J Int AIDS Soc. 2026 Jan;29(1):e70074. 

https://pubmed.ncbi.nlm.nih.gov/41543971/




3. Guillén JR, et. al. (2026). Consequences of United States funding suspensions on community-led HIV services in Latin America and the Caribbean: findings of a rapid service provider survey. J Int AIDS Soc. 2026 Feb;29(2):e70081. 

https://pubmed.ncbi.nlm.nih.gov/41664877/




4. Prochazka M, et. al. (2026). Latin America and the Caribbean: Challenges and Opportunities for HIV Treatment and Prevention. J Int AIDS Soc. 2026 Jul;29 Suppl 3(Suppl 3):e70170. 

https://pubmed.ncbi.nlm.nih.gov/42502255/




5. Mattocks L, et. al. (2025). PEPFAR Investments in Country Data Systems Support HIV Treatment Continuity: An Example From Haiti. J Infect Dis. 2025 Sep 22;232(Supplement_2):S135-S139. 

https://pubmed.ncbi.nlm.nih.gov/40976860/




6. Bluemer-Miroite et al – 2022 – “Nothing for Us Without Us”: An Evaluation of Patient Engagement in an HIV Care Improvement Collaborative in the Caribbean (Global Health Science and Practice) https://pubmed.ncbi.nlm.nih.gov/36332062/




7. Bai"
the-national-hiv-response,https://williamsandremoh.wixsite.com/jmerg/items-2/the-national-hiv-response,https://pubmed.ncbi.nlm.nih.gov/16630035/,https://pubmed.ncbi.nlm.nih.gov/16630035/,"1. Adedokun KA, et. al. (2026). HIV/AIDS in transition: Global disparities, Africa's uneven progress and struggles, and the emerging threat of funding cuts (global burden of disease study, 1990-2021). HIV Med. 2026 Feb;27(2):234-246. 

https://pubmed.ncbi.nlm.nih.gov/41268736/




2. Chapman E, et. al. (2026). Research priorities for advanced HIV disease in Latin America and the Caribbean region: a modified Delphi study. J Int AIDS Soc. 2026 Jan;29(1):e70074. 

https://pubmed.ncbi.nlm.nih.gov/41543971/




3. Guillén JR, et. al. (2026). Consequences of United States funding suspensions on community-led HIV services in Latin America and the Caribbean: findings of a rapid service provider survey. J Int AIDS Soc. 2026 Feb;29(2):e70081. 

https://pubmed.ncbi.nlm.nih.gov/41664877/




4. Prochazka M, et. al. (2026). Latin America and the Caribbean: Challenges and Opportunities for HIV Treatment and Prevention. J Int AIDS Soc. 2026 Jul;29 Suppl 3(Suppl 3):e70170. 

https://pubmed.ncbi.nlm.nih.gov/42502255/




5. Mattocks L, et. al. (2025). PEPFAR Investments in Country Data Systems Support HIV Treatment Continuity: An Example From Haiti. J Infect Dis. 2025 Sep 22;232(Supplement_2):S135-S139. 

https://pubmed.ncbi.nlm.nih.gov/40976860/




6. Bluemer-Miroite et al – 2022 – “Nothing for Us Without Us”: An Evaluation of Patient Engagement in an HIV Care Improvement Collaborative in the Caribbean (Global Health Science and Practice) https://pubmed.ncbi.nlm.nih.gov/36332062/




7. Bai"
the-national-hiv-response,https://williamsandremoh.wixsite.com/jmerg/items-2/the-national-hiv-response,https://pubmed.ncbi.nlm.nih.gov/15675491/,,"1. Adedokun KA, et. al. (2026). HIV/AIDS in transition: Global disparities, Africa's uneven progress and struggles, and the emerging threat of funding cuts (global burden of disease study, 1990-2021). HIV Med. 2026 Feb;27(2):234-246. 

https://pubmed.ncbi.nlm.nih.gov/41268736/




2. Chapman E, et. al. (2026). Research priorities for advanced HIV disease in Latin America and the Caribbean region: a modified Delphi study. J Int AIDS Soc. 2026 Jan;29(1):e70074. 

https://pubmed.ncbi.nlm.nih.gov/41543971/




3. Guillén JR, et. al. (2026). Consequences of United States funding suspensions on community-led HIV services in Latin America and the Caribbean: findings of a rapid service provider survey. J Int AIDS Soc. 2026 Feb;29(2):e70081. 

https://pubmed.ncbi.nlm.nih.gov/41664877/




4. Prochazka M, et. al. (2026). Latin America and the Caribbean: Challenges and Opportunities for HIV Treatment and Prevention. J Int AIDS Soc. 2026 Jul;29 Suppl 3(Suppl 3):e70170. 

https://pubmed.ncbi.nlm.nih.gov/42502255/




5. Mattocks L, et. al. (2025). PEPFAR Investments in Country Data Systems Support HIV Treatment Continuity: An Example From Haiti. J Infect Dis. 2025 Sep 22;232(Supplement_2):S135-S139. 

https://pubmed.ncbi.nlm.nih.gov/40976860/




6. Bluemer-Miroite et al – 2022 – “Nothing for Us Without Us”: An Evaluation of Patient Engagement in an HIV Care Improvement Collaborative in the Caribbean (Global Health Science and Practice) https://pubmed.ncbi.nlm.nih.gov/36332062/




7. Bai"
the-national-hiv-response,https://williamsandremoh.wixsite.com/jmerg/items-2/the-national-hiv-response,https://pubmed.ncbi.nlm.nih.gov/15675491/,https://pubmed.ncbi.nlm.nih.gov/15675491/,"1. Adedokun KA, et. al. (2026). HIV/AIDS in transition: Global disparities, Africa's uneven progress and struggles, and the emerging threat of funding cuts (global burden of disease study, 1990-2021). HIV Med. 2026 Feb;27(2):234-246. 

https://pubmed.ncbi.nlm.nih.gov/41268736/




2. Chapman E, et. al. (2026). Research priorities for advanced HIV disease in Latin America and the Caribbean region: a modified Delphi study. J Int AIDS Soc. 2026 Jan;29(1):e70074. 

https://pubmed.ncbi.nlm.nih.gov/41543971/




3. Guillén JR, et. al. (2026). Consequences of United States funding suspensions on community-led HIV services in Latin America and the Caribbean: findings of a rapid service provider survey. J Int AIDS Soc. 2026 Feb;29(2):e70081. 

https://pubmed.ncbi.nlm.nih.gov/41664877/




4. Prochazka M, et. al. (2026). Latin America and the Caribbean: Challenges and Opportunities for HIV Treatment and Prevention. J Int AIDS Soc. 2026 Jul;29 Suppl 3(Suppl 3):e70170. 

https://pubmed.ncbi.nlm.nih.gov/42502255/




5. Mattocks L, et. al. (2025). PEPFAR Investments in Country Data Systems Support HIV Treatment Continuity: An Example From Haiti. J Infect Dis. 2025 Sep 22;232(Supplement_2):S135-S139. 

https://pubmed.ncbi.nlm.nih.gov/40976860/




6. Bluemer-Miroite et al – 2022 – “Nothing for Us Without Us”: An Evaluation of Patient Engagement in an HIV Care Improvement Collaborative in the Caribbean (Global Health Science and Practice) https://pubmed.ncbi.nlm.nih.gov/36332062/




7. Bai"
the-national-hiv-response,https://williamsandremoh.wixsite.com/jmerg/items-2/the-national-hiv-response,https://pubmed.ncbi.nlm.nih.gov/11090751/,,"1. Adedokun KA, et. al. (2026). HIV/AIDS in transition: Global disparities, Africa's uneven progress and struggles, and the emerging threat of funding cuts (global burden of disease study, 1990-2021). HIV Med. 2026 Feb;27(2):234-246. 

https://pubmed.ncbi.nlm.nih.gov/41268736/




2. Chapman E, et. al. (2026). Research priorities for advanced HIV disease in Latin America and the Caribbean region: a modified Delphi study. J Int AIDS Soc. 2026 Jan;29(1):e70074. 

https://pubmed.ncbi.nlm.nih.gov/41543971/




3. Guillén JR, et. al. (2026). Consequences of United States funding suspensions on community-led HIV services in Latin America and the Caribbean: findings of a rapid service provider survey. J Int AIDS Soc. 2026 Feb;29(2):e70081. 

https://pubmed.ncbi.nlm.nih.gov/41664877/




4. Prochazka M, et. al. (2026). Latin America and the Caribbean: Challenges and Opportunities for HIV Treatment and Prevention. J Int AIDS Soc. 2026 Jul;29 Suppl 3(Suppl 3):e70170. 

https://pubmed.ncbi.nlm.nih.gov/42502255/




5. Mattocks L, et. al. (2025). PEPFAR Investments in Country Data Systems Support HIV Treatment Continuity: An Example From Haiti. J Infect Dis. 2025 Sep 22;232(Supplement_2):S135-S139. 

https://pubmed.ncbi.nlm.nih.gov/40976860/




6. Bluemer-Miroite et al – 2022 – “Nothing for Us Without Us”: An Evaluation of Patient Engagement in an HIV Care Improvement Collaborative in the Caribbean (Global Health Science and Practice) https://pubmed.ncbi.nlm.nih.gov/36332062/




7. Bai"
the-national-hiv-response,https://williamsandremoh.wixsite.com/jmerg/items-2/the-national-hiv-response,https://pubmed.ncbi.nlm.nih.gov/11090751/,https://pubmed.ncbi.nlm.nih.gov/11090751/,"1. Adedokun KA, et. al. (2026). HIV/AIDS in transition: Global disparities, Africa's uneven progress and struggles, and the emerging threat of funding cuts (global burden of disease study, 1990-2021). HIV Med. 2026 Feb;27(2):234-246. 

https://pubmed.ncbi.nlm.nih.gov/41268736/




2. Chapman E, et. al. (2026). Research priorities for advanced HIV disease in Latin America and the Caribbean region: a modified Delphi study. J Int AIDS Soc. 2026 Jan;29(1):e70074. 

https://pubmed.ncbi.nlm.nih.gov/41543971/




3. Guillén JR, et. al. (2026). Consequences of United States funding suspensions on community-led HIV services in Latin America and the Caribbean: findings of a rapid service provider survey. J Int AIDS Soc. 2026 Feb;29(2):e70081. 

https://pubmed.ncbi.nlm.nih.gov/41664877/




4. Prochazka M, et. al. (2026). Latin America and the Caribbean: Challenges and Opportunities for HIV Treatment and Prevention. J Int AIDS Soc. 2026 Jul;29 Suppl 3(Suppl 3):e70170. 

https://pubmed.ncbi.nlm.nih.gov/42502255/




5. Mattocks L, et. al. (2025). PEPFAR Investments in Country Data Systems Support HIV Treatment Continuity: An Example From Haiti. J Infect Dis. 2025 Sep 22;232(Supplement_2):S135-S139. 

https://pubmed.ncbi.nlm.nih.gov/40976860/




6. Bluemer-Miroite et al – 2022 – “Nothing for Us Without Us”: An Evaluation of Patient Engagement in an HIV Care Improvement Collaborative in the Caribbean (Global Health Science and Practice) https://pubmed.ncbi.nlm.nih.gov/36332062/




7. Bai"
the-national-hiv-response,https://williamsandremoh.wixsite.com/jmerg/items-2/the-national-hiv-response,https://pubmed.ncbi.nlm.nih.gov/10368624/,,"1. Adedokun KA, et. al. (2026). HIV/AIDS in transition: Global disparities, Africa's uneven progress and struggles, and the emerging threat of funding cuts (global burden of disease study, 1990-2021). HIV Med. 2026 Feb;27(2):234-246. 

https://pubmed.ncbi.nlm.nih.gov/41268736/




2. Chapman E, et. al. (2026). Research priorities for advanced HIV disease in Latin America and the Caribbean region: a modified Delphi study. J Int AIDS Soc. 2026 Jan;29(1):e70074. 

https://pubmed.ncbi.nlm.nih.gov/41543971/




3. Guillén JR, et. al. (2026). Consequences of United States funding suspensions on community-led HIV services in Latin America and the Caribbean: findings of a rapid service provider survey. J Int AIDS Soc. 2026 Feb;29(2):e70081. 

https://pubmed.ncbi.nlm.nih.gov/41664877/




4. Prochazka M, et. al. (2026). Latin America and the Caribbean: Challenges and Opportunities for HIV Treatment and Prevention. J Int AIDS Soc. 2026 Jul;29 Suppl 3(Suppl 3):e70170. 

https://pubmed.ncbi.nlm.nih.gov/42502255/




5. Mattocks L, et. al. (2025). PEPFAR Investments in Country Data Systems Support HIV Treatment Continuity: An Example From Haiti. J Infect Dis. 2025 Sep 22;232(Supplement_2):S135-S139. 

https://pubmed.ncbi.nlm.nih.gov/40976860/




6. Bluemer-Miroite et al – 2022 – “Nothing for Us Without Us”: An Evaluation of Patient Engagement in an HIV Care Improvement Collaborative in the Caribbean (Global Health Science and Practice) https://pubmed.ncbi.nlm.nih.gov/36332062/




7. Bai"
the-national-hiv-response,https://williamsandremoh.wixsite.com/jmerg/items-2/the-national-hiv-response,https://pubmed.ncbi.nlm.nih.gov/10368624/,https://pubmed.ncbi.nlm.nih.gov/10368624/,"1. Adedokun KA, et. al. (2026). HIV/AIDS in transition: Global disparities, Africa's uneven progress and struggles, and the emerging threat of funding cuts (global burden of disease study, 1990-2021). HIV Med. 2026 Feb;27(2):234-246. 

https://pubmed.ncbi.nlm.nih.gov/41268736/




2. Chapman E, et. al. (2026). Research priorities for advanced HIV disease in Latin America and the Caribbean region: a modified Delphi study. J Int AIDS Soc. 2026 Jan;29(1):e70074. 

https://pubmed.ncbi.nlm.nih.gov/41543971/




3. Guillén JR, et. al. (2026). Consequences of United States funding suspensions on community-led HIV services in Latin America and the Caribbean: findings of a rapid service provider survey. J Int AIDS Soc. 2026 Feb;29(2):e70081. 

https://pubmed.ncbi.nlm.nih.gov/41664877/




4. Prochazka M, et. al. (2026). Latin America and the Caribbean: Challenges and Opportunities for HIV Treatment and Prevention. J Int AIDS Soc. 2026 Jul;29 Suppl 3(Suppl 3):e70170. 

https://pubmed.ncbi.nlm.nih.gov/42502255/




5. Mattocks L, et. al. (2025). PEPFAR Investments in Country Data Systems Support HIV Treatment Continuity: An Example From Haiti. J Infect Dis. 2025 Sep 22;232(Supplement_2):S135-S139. 

https://pubmed.ncbi.nlm.nih.gov/40976860/




6. Bluemer-Miroite et al – 2022 – “Nothing for Us Without Us”: An Evaluation of Patient Engagement in an HIV Care Improvement Collaborative in the Caribbean (Global Health Science and Practice) https://pubmed.ncbi.nlm.nih.gov/36332062/




7. Bai"
the-national-hiv-response,https://williamsandremoh.wixsite.com/jmerg/items-2/the-national-hiv-response,https://pubmed.ncbi.nlm.nih.gov/12347581/,,"1. Adedokun KA, et. al. (2026). HIV/AIDS in transition: Global disparities, Africa's uneven progress and struggles, and the emerging threat of funding cuts (global burden of disease study, 1990-2021). HIV Med. 2026 Feb;27(2):234-246. 

https://pubmed.ncbi.nlm.nih.gov/41268736/




2. Chapman E, et. al. (2026). Research priorities for advanced HIV disease in Latin America and the Caribbean region: a modified Delphi study. J Int AIDS Soc. 2026 Jan;29(1):e70074. 

https://pubmed.ncbi.nlm.nih.gov/41543971/




3. Guillén JR, et. al. (2026). Consequences of United States funding suspensions on community-led HIV services in Latin America and the Caribbean: findings of a rapid service provider survey. J Int AIDS Soc. 2026 Feb;29(2):e70081. 

https://pubmed.ncbi.nlm.nih.gov/41664877/




4. Prochazka M, et. al. (2026). Latin America and the Caribbean: Challenges and Opportunities for HIV Treatment and Prevention. J Int AIDS Soc. 2026 Jul;29 Suppl 3(Suppl 3):e70170. 

https://pubmed.ncbi.nlm.nih.gov/42502255/




5. Mattocks L, et. al. (2025). PEPFAR Investments in Country Data Systems Support HIV Treatment Continuity: An Example From Haiti. J Infect Dis. 2025 Sep 22;232(Supplement_2):S135-S139. 

https://pubmed.ncbi.nlm.nih.gov/40976860/




6. Bluemer-Miroite et al – 2022 – “Nothing for Us Without Us”: An Evaluation of Patient Engagement in an HIV Care Improvement Collaborative in the Caribbean (Global Health Science and Practice) https://pubmed.ncbi.nlm.nih.gov/36332062/




7. Bai"
the-national-hiv-response,https://williamsandremoh.wixsite.com/jmerg/items-2/the-national-hiv-response,https://pubmed.ncbi.nlm.nih.gov/12347581/,https://pubmed.ncbi.nlm.nih.gov/12347581/,"1. Adedokun KA, et. al. (2026). HIV/AIDS in transition: Global disparities, Africa's uneven progress and struggles, and the emerging threat of funding cuts (global burden of disease study, 1990-2021). HIV Med. 2026 Feb;27(2):234-246. 

https://pubmed.ncbi.nlm.nih.gov/41268736/




2. Chapman E, et. al. (2026). Research priorities for advanced HIV disease in Latin America and the Caribbean region: a modified Delphi study. J Int AIDS Soc. 2026 Jan;29(1):e70074. 

https://pubmed.ncbi.nlm.nih.gov/41543971/




3. Guillén JR, et. al. (2026). Consequences of United States funding suspensions on community-led HIV services in Latin America and the Caribbean: findings of a rapid service provider survey. J Int AIDS Soc. 2026 Feb;29(2):e70081. 

https://pubmed.ncbi.nlm.nih.gov/41664877/




4. Prochazka M, et. al. (2026). Latin America and the Caribbean: Challenges and Opportunities for HIV Treatment and Prevention. J Int AIDS Soc. 2026 Jul;29 Suppl 3(Suppl 3):e70170. 

https://pubmed.ncbi.nlm.nih.gov/42502255/




5. Mattocks L, et. al. (2025). PEPFAR Investments in Country Data Systems Support HIV Treatment Continuity: An Example From Haiti. J Infect Dis. 2025 Sep 22;232(Supplement_2):S135-S139. 

https://pubmed.ncbi.nlm.nih.gov/40976860/




6. Bluemer-Miroite et al – 2022 – “Nothing for Us Without Us”: An Evaluation of Patient Engagement in an HIV Care Improvement Collaborative in the Caribbean (Global Health Science and Practice) https://pubmed.ncbi.nlm.nih.gov/36332062/




7. Bai"
the-national-hiv-response,https://williamsandremoh.wixsite.com/jmerg/items-2/the-national-hiv-response,https://pubmed.ncbi.nlm.nih.gov/7667970/,,"1. Adedokun KA, et. al. (2026). HIV/AIDS in transition: Global disparities, Africa's uneven progress and struggles, and the emerging threat of funding cuts (global burden of disease study, 1990-2021). HIV Med. 2026 Feb;27(2):234-246. 

https://pubmed.ncbi.nlm.nih.gov/41268736/




2. Chapman E, et. al. (2026). Research priorities for advanced HIV disease in Latin America and the Caribbean region: a modified Delphi study. J Int AIDS Soc. 2026 Jan;29(1):e70074. 

https://pubmed.ncbi.nlm.nih.gov/41543971/




3. Guillén JR, et. al. (2026). Consequences of United States funding suspensions on community-led HIV services in Latin America and the Caribbean: findings of a rapid service provider survey. J Int AIDS Soc. 2026 Feb;29(2):e70081. 

https://pubmed.ncbi.nlm.nih.gov/41664877/




4. Prochazka M, et. al. (2026). Latin America and the Caribbean: Challenges and Opportunities for HIV Treatment and Prevention. J Int AIDS Soc. 2026 Jul;29 Suppl 3(Suppl 3):e70170. 

https://pubmed.ncbi.nlm.nih.gov/42502255/




5. Mattocks L, et. al. (2025). PEPFAR Investments in Country Data Systems Support HIV Treatment Continuity: An Example From Haiti. J Infect Dis. 2025 Sep 22;232(Supplement_2):S135-S139. 

https://pubmed.ncbi.nlm.nih.gov/40976860/




6. Bluemer-Miroite et al – 2022 – “Nothing for Us Without Us”: An Evaluation of Patient Engagement in an HIV Care Improvement Collaborative in the Caribbean (Global Health Science and Practice) https://pubmed.ncbi.nlm.nih.gov/36332062/




7. Bai"
the-national-hiv-response,https://williamsandremoh.wixsite.com/jmerg/items-2/the-national-hiv-response,https://pubmed.ncbi.nlm.nih.gov/7667970/,https://pubmed.ncbi.nlm.nih.gov/7667970/,"1. Adedokun KA, et. al. (2026). HIV/AIDS in transition: Global disparities, Africa's uneven progress and struggles, and the emerging threat of funding cuts (global burden of disease study, 1990-2021). HIV Med. 2026 Feb;27(2):234-246. 

https://pubmed.ncbi.nlm.nih.gov/41268736/




2. Chapman E, et. al. (2026). Research priorities for advanced HIV disease in Latin America and the Caribbean region: a modified Delphi study. J Int AIDS Soc. 2026 Jan;29(1):e70074. 

https://pubmed.ncbi.nlm.nih.gov/41543971/




3. Guillén JR, et. al. (2026). Consequences of United States funding suspensions on community-led HIV services in Latin America and the Caribbean: findings of a rapid service provider survey. J Int AIDS Soc. 2026 Feb;29(2):e70081. 

https://pubmed.ncbi.nlm.nih.gov/41664877/




4. Prochazka M, et. al. (2026). Latin America and the Caribbean: Challenges and Opportunities for HIV Treatment and Prevention. J Int AIDS Soc. 2026 Jul;29 Suppl 3(Suppl 3):e70170. 

https://pubmed.ncbi.nlm.nih.gov/42502255/




5. Mattocks L, et. al. (2025). PEPFAR Investments in Country Data Systems Support HIV Treatment Continuity: An Example From Haiti. J Infect Dis. 2025 Sep 22;232(Supplement_2):S135-S139. 

https://pubmed.ncbi.nlm.nih.gov/40976860/




6. Bluemer-Miroite et al – 2022 – “Nothing for Us Without Us”: An Evaluation of Patient Engagement in an HIV Care Improvement Collaborative in the Caribbean (Global Health Science and Practice) https://pubmed.ncbi.nlm.nih.gov/36332062/




7. Bai"
the-national-hiv-response,https://williamsandremoh.wixsite.com/jmerg/items-2/the-national-hiv-response,https://pubmed.ncbi.nlm.nih.gov/38662640/,https://pubmed.ncbi.nlm.nih.gov/38662640/,"1. Adedokun KA, et. al. (2026). HIV/AIDS in transition: Global disparities, Africa's uneven progress and struggles, and the emerging threat of funding cuts (global burden of disease study, 1990-2021). HIV Med. 2026 Feb;27(2):234-246. 

https://pubmed.ncbi.nlm.nih.gov/41268736/




2. Chapman E, et. al. (2026). Research priorities for advanced HIV disease in Latin America and the Caribbean region: a modified Delphi study. J Int AIDS Soc. 2026 Jan;29(1):e70074. 

https://pubmed.ncbi.nlm.nih.gov/41543971/




3. Guillén JR, et. al. (2026). Consequences of United States funding suspensions on community-led HIV services in Latin America and the Caribbean: findings of a rapid service provider survey. J Int AIDS Soc. 2026 Feb;29(2):e70081. 

https://pubmed.ncbi.nlm.nih.gov/41664877/




4. Prochazka M, et. al. (2026). Latin America and the Caribbean: Challenges and Opportunities for HIV Treatment and Prevention. J Int AIDS Soc. 2026 Jul;29 Suppl 3(Suppl 3):e70170. 

https://pubmed.ncbi.nlm.nih.gov/42502255/




5. Mattocks L, et. al. (2025). PEPFAR Investments in Country Data Systems Support HIV Treatment Continuity: An Example From Haiti. J Infect Dis. 2025 Sep 22;232(Supplement_2):S135-S139. 

https://pubmed.ncbi.nlm.nih.gov/40976860/




6. Bluemer-Miroite et al – 2022 – “Nothing for Us Without Us”: An Evaluation of Patient Engagement in an HIV Care Improvement Collaborative in the Caribbean (Global Health Science and Practice) https://pubmed.ncbi.nlm.nih.gov/36332062/




7. Bai"
tuberculosis-prevention-and-control,https://williamsandremoh.wixsite.com/jmerg/items-2/tuberculosis-prevention-and-control,https://pubmed.ncbi.nlm.nih.gov/41592909/,,"Schmutz R, et. al. (2026). The implementation of tuberculosis preventive therapy in HIV care clinics in Africa, Asia and Latin America: a multiregional site survey. BMJ Glob Health. 2026 Jan 27;11(1):e018469. https://pubmed.ncbi.nlm.nih.gov/41592909/"
tuberculosis-prevention-and-control,https://williamsandremoh.wixsite.com/jmerg/items-2/tuberculosis-prevention-and-control,https://pubmed.ncbi.nlm.nih.gov/41592909/,https://pubmed.ncbi.nlm.nih.gov/41592909/,"Schmutz R, et. al. (2026). The implementation of tuberculosis preventive therapy in HIV care clinics in Africa, Asia and Latin America: a multiregional site survey. BMJ Glob Health. 2026 Jan 27;11(1):e018469. https://pubmed.ncbi.nlm.nih.gov/41592909/"
tuberculosis-prevention-and-control,https://williamsandremoh.wixsite.com/jmerg/items-2/tuberculosis-prevention-and-control,https://pubmed.ncbi.nlm.nih.gov/42042949/,,"Torres A, Trujillo G, Sánchez JD. Drug-Resistant Tuberculosis in Prisons of Latin America and the Caribbean: A Critical Reflection on Structural Challenges and Gaps. Trop Med Infect Dis. 2026 Mar 24;11(4):88. https://pubmed.ncbi.nlm.nih.gov/42042949/"
tuberculosis-prevention-and-control,https://williamsandremoh.wixsite.com/jmerg/items-2/tuberculosis-prevention-and-control,https://pubmed.ncbi.nlm.nih.gov/42042949/,https://pubmed.ncbi.nlm.nih.gov/42042949/,"Torres A, Trujillo G, Sánchez JD. Drug-Resistant Tuberculosis in Prisons of Latin America and the Caribbean: A Critical Reflection on Structural Challenges and Gaps. Trop Med Infect Dis. 2026 Mar 24;11(4):88. https://pubmed.ncbi.nlm.nih.gov/42042949/"
